loan_id,month_index,next_3m_delinquency_prob,next_6m_delinquency_prob,next_12m_default_prob,next_12m_prepayment_prob,predicted_next_state,exception_probability,predicted_exception_type,anomaly_score,top_drivers,recommended_action,confidence_score
L000003,,0.07052134,0.024593648,0.03258734,0.055897854,3,0.02845698,0,0.663374246221903,N/A,Review,0.8
L000003,1.0,0.034325197,0.01308558,0.03883469,0.030083323,3,0.009252802,2,0.7546704656315417,N/A,Review,0.8
L000003,2.0,0.02615076,0.027910514,0.03329266,0.2774206,3,0.031937715,2,0.6153035332793976,N/A,Review,0.8
L000003,3.0,0.042615235,0.025183782,0.030196827,0.1325687,3,0.025675746,3,0.6220099636570435,N/A,Review,0.8
L000003,4.0,0.032212455,0.025391234,0.03085878,0.40811667,3,0.10037777,3,0.6216841401459525,N/A,Review,0.8
L000003,5.0,0.044309743,0.01825308,0.043516885,0.29060906,3,0.2495309,3,0.6194320963809317,N/A,Review,0.8
L000003,6.0,0.035894148,0.02176415,0.049993888,0.059756078,3,0.27762574,2,0.6584611909444286,N/A,Review,0.8
L000003,7.0,0.04689477,0.01583598,0.033759095,0.2087489,3,0.20197433,0,0.5919229187235724,N/A,Review,0.8
L000003,8.0,0.053204715,0.01993262,0.03905161,0.24316987,3,0.21269955,0,0.6143742489276092,N/A,Review,0.8
L000003,9.0,0.9960375,0.99525416,0.033580918,0.00048557477,0,0.29586297,2,0.7639202739190363,N/A,Review,0.8
L000003,10.0,0.9964468,0.99533314,0.027572796,0.00023088416,0,0.25294656,2,0.6449375187638312,N/A,Review,0.8
L000003,11.0,0.99659,0.99763,0.02811429,9.46342e-05,0,0.31435707,0,0.6665717434324748,N/A,Review,0.8
L000003,12.0,0.9977592,0.9966312,0.032931533,0.00022745135,0,0.42066082,3,0.6168756709554082,N/A,Review,0.8
L000003,13.0,0.99606425,0.9978802,0.0337527,0.00012890395,0,0.4572871,0,0.5511698657762039,N/A,Review,0.8
L000003,14.0,0.99789125,0.9973347,0.052145224,0.00010429286,0,0.13078931,2,0.5854578586162613,N/A,Review,0.8
L000003,15.0,0.9979146,0.9978248,0.02956751,0.00017098148,0,0.3331381,2,0.6085421451879398,N/A,Review,0.8
L000003,16.0,0.9975822,0.99696034,0.99036133,0.00014193225,1,0.30380818,2,0.5588477487651555,N/A,Review,0.8
L000003,17.0,0.9987508,0.99787974,0.9993242,0.0002460118,2,0.11394315,0,0.6390218894933399,N/A,Review,0.8
L000003,18.0,0.995732,0.99434364,0.9979825,0.0002079156,4,0.1206855,0,0.7464338186494194,N/A,Review,0.8
L000003,19.0,0.99781895,0.99487174,0.99866307,0.00023384558,4,0.061229434,0,0.8055144189068286,N/A,Review,0.8
L000003,20.0,0.99824,0.99477047,0.9988726,0.00039204233,4,0.5245429,0,0.7151022476440969,N/A,Review,0.8
L000003,21.0,0.9983368,0.9969279,0.99918705,8.730454e-05,4,0.11819882,0,0.722165363546224,N/A,Review,0.8
L000003,22.0,0.9990983,0.9988764,0.99956626,8.649495e-05,4,0.098517716,0,0.7720381481258004,N/A,Review,0.8
L000003,23.0,0.9991423,0.99925655,0.9995993,0.00047503784,4,0.19093175,0,0.7836352570405345,N/A,Review,0.8
L000003,24.0,0.99882835,0.99928457,0.99958295,0.00040296765,4,0.1455828,3,0.8057823605859387,N/A,Review,0.8
L000003,25.0,0.9987789,0.99895096,0.99962234,0.00016596867,4,0.20335187,0,0.6101671466905478,N/A,Review,0.8
L000003,26.0,0.99855405,0.9987662,0.99962604,0.0003612431,4,0.3477221,0,0.5945562896876553,N/A,Review,0.8
L000003,27.0,0.99892956,0.9989374,0.9996228,0.00019911118,4,0.2736649,0,0.6096713906832931,N/A,Review,0.8
L000003,28.0,0.99921894,0.99907446,0.9996587,0.00036489204,4,0.21541671,0,0.6704922833128999,N/A,Review,0.8
L000003,29.0,0.9988445,0.9990798,0.9996081,0.0003481783,4,0.29818454,0,0.6065643904229906,N/A,Review,0.8
L000003,30.0,0.9989791,0.99917233,0.9996346,0.00025358563,4,0.21140066,0,0.6189160832891846,N/A,Review,0.8
L000003,31.0,0.9993337,0.99902606,0.9996486,0.00033701,4,0.2629243,0,0.6802880317991534,N/A,Review,0.8
L000003,32.0,0.9989611,0.99921787,0.99962413,0.00020971945,4,0.28966555,0,0.6424836367797409,N/A,Review,0.8
L000003,33.0,0.99920803,0.99927837,0.9996037,0.00018577972,4,0.3458,0,0.5808742093521593,N/A,Review,0.8
L000003,34.0,0.9990777,0.99917173,0.9995938,0.00022176519,4,0.4556422,0,0.5714246618308995,N/A,Review,0.8
L000003,35.0,0.9993042,0.9992957,0.9996636,0.00033508232,4,0.4245415,3,0.6461176205019843,N/A,Review,0.8
L000003,36.0,0.99910057,0.99919134,0.99961,8.283123e-05,4,0.49319375,0,0.5845371884295147,N/A,Review,0.8
L000003,37.0,0.99918777,0.99935156,0.9995622,5.3411302e-05,4,0.2466229,0,0.6654454419474614,N/A,Review,0.8
L000003,38.0,0.99905485,0.9994848,0.9995679,0.00019891819,4,0.40774882,0,0.612288128165319,N/A,Review,0.8
L000003,39.0,0.9993678,0.99942005,0.99961084,0.00017640303,4,0.2094362,0,0.6378333201409514,N/A,Review,0.8
L000003,40.0,0.99939954,0.999411,0.999595,0.00017821623,4,0.19386879,0,0.6395097244845398,N/A,Review,0.8
L000003,41.0,0.999119,0.99964213,0.99962187,0.00010980985,4,0.17245077,0,0.6066747345183624,N/A,Review,0.8
L000003,42.0,0.99934405,0.9995486,0.9996055,0.00013267454,4,0.12963739,0,0.6440239374295984,N/A,Review,0.8
L000003,43.0,0.99881077,0.9993506,0.9995819,0.00012603996,4,0.21292228,0,0.7233327750257308,N/A,Review,0.8
L000003,44.0,0.9990491,0.9991862,0.9996136,9.319462e-05,4,0.09475203,3,0.612188891517266,N/A,Review,0.8
L000003,45.0,0.9988997,0.9989992,0.9996426,0.00016435792,4,0.23738584,0,0.5743591462110906,N/A,Review,0.8
L000003,46.0,0.9992924,0.9991998,0.9996244,0.00024934756,4,0.22310546,0,0.5918774256893022,N/A,Review,0.8
L000003,47.0,0.99907696,0.9990491,0.99962544,8.390806e-05,4,0.1974893,0,0.6486055157743305,N/A,Review,0.8
L000003,48.0,0.9992569,0.9990301,0.9996288,0.00013309992,4,0.13191111,0,0.6735263998952474,N/A,Review,0.8
L000003,49.0,0.9993561,0.9991806,0.99969935,0.00018814082,4,0.08518568,0,0.6242397548563187,N/A,Review,0.8
L000003,50.0,0.9992386,0.99940515,0.99961156,0.00029572102,4,0.27420712,0,0.7762926867442766,N/A,Review,0.8
L000003,51.0,0.99911886,0.99929786,0.9996363,0.00019987316,4,0.15587297,0,0.657169747557989,N/A,Review,0.8
L000003,52.0,0.9991041,0.9992704,0.9996363,0.0002392859,4,0.09249369,0,0.6716053970328559,N/A,Review,0.8
L000003,53.0,0.9991918,0.99937975,0.9996251,0.0006024707,4,0.18177438,0,0.6587274832869973,N/A,Review,0.8
L000003,54.0,0.99915504,0.9992932,0.9995204,0.00040773538,4,0.27563164,0,0.5654237917023582,N/A,Review,0.8
L000003,55.0,0.9991204,0.99944,0.9996687,6.5887325e-05,4,0.1587064,0,0.5551550281948283,N/A,Review,0.8
L000003,56.0,0.99905235,0.9994351,0.9996407,0.000101086844,4,0.2462729,0,0.5478646663356945,N/A,Review,0.8
L000003,57.0,0.9993412,0.99935776,0.9995492,0.00052288803,4,0.29776594,0,0.6233218608704736,N/A,Review,0.8
L000003,58.0,0.99926656,0.9994634,0.99964285,0.000164375,4,0.21371925,0,0.6234510894104974,N/A,Review,0.8
L000003,59.0,0.9989498,0.99938846,0.9996006,0.00014816418,4,0.09931252,0,0.5952080679924483,N/A,Review,0.8
L000003,60.0,0.99733907,0.9979438,0.9962478,0.000667756,4,0.1279309,1,0.6495063749755283,N/A,Review,0.8
L000003,61.0,0.99934536,0.99937564,0.99957734,0.0005499182,4,0.32467014,0,0.6400463073130004,N/A,Review,0.8
L000003,62.0,0.99909735,0.9992712,0.9995734,0.00013431649,4,0.118225835,0,0.6369043904445346,N/A,Review,0.8
L000003,63.0,0.9994198,0.99932563,0.999602,0.00022402706,4,0.15794094,3,0.7010740047463444,N/A,Review,0.8
L000003,64.0,0.9993843,0.99937147,0.9996012,0.00028242695,4,0.060773823,2,0.7380006803939025,N/A,Review,0.8
L000003,65.0,0.9993273,0.99945396,0.99960583,0.00014043525,4,0.07009055,2,0.7076072546013195,N/A,Review,0.8
L000003,66.0,0.99910957,0.99939203,0.99960715,9.51477e-05,4,0.07525247,2,0.7473181900807554,N/A,Review,0.8
L000003,67.0,0.99915624,0.9995154,0.9996829,0.00010405544,4,0.05055478,2,0.6243195871656075,N/A,Review,0.8
L000003,68.0,0.9990864,0.9994431,0.99963546,0.00017075031,4,0.072785065,2,0.8496033909478361,N/A,Review,0.8
L000003,69.0,0.9991855,0.99951804,0.9996488,5.153644e-05,4,0.08467023,1,0.6628310073637826,N/A,Review,0.8
L000003,70.0,0.9992939,0.9994636,0.99961793,0.00019116154,4,0.07819096,2,0.7685240449183104,N/A,Review,0.8
L000003,71.0,0.9991516,0.99932516,0.9995894,0.0002165362,4,0.025909262,2,0.787858345407142,N/A,Review,0.8
L000003,72.0,0.9992366,0.9992667,0.9995983,0.00013681257,4,0.0586458,2,0.7837683286485149,N/A,Review,0.8
L000003,73.0,0.9990941,0.99934584,0.99960464,0.00011234,4,0.21115945,2,0.7411084884643243,N/A,Review,0.8
L000003,74.0,0.9990533,0.9993118,0.9995877,0.00010835011,4,0.057437148,2,0.7885064760459066,N/A,Review,0.8
L000003,75.0,0.9991737,0.9992957,0.99959797,0.0002143706,4,0.09038881,0,0.7870218192889846,N/A,Review,0.8
L000003,76.0,0.9991949,0.9994324,0.99958724,0.00017391205,4,0.03133304,0,0.8469549045191771,N/A,Review,0.8
L000003,77.0,0.99931026,0.99932325,0.9995982,0.00025519566,4,0.025609575,0,0.8612968293605845,N/A,Review,0.8
L000003,78.0,0.9991543,0.99922204,0.99957365,0.00020894942,4,0.009775656,0,0.8731498808450109,N/A,Review,0.8
L000003,79.0,0.9992799,0.9994019,0.99956447,0.0002078817,4,0.056380104,0,0.8482125576613582,N/A,Review,0.8
L000003,80.0,0.99903476,0.99937326,0.99957293,0.00018606886,4,0.0047982945,0,0.7959439142378005,N/A,Review,0.8
L000003,81.0,0.9991872,0.99954045,0.99956065,0.00022612457,4,0.01781318,0,0.7810009130088701,N/A,Review,0.8
L000003,82.0,0.9992957,0.99947053,0.99959844,0.00012286389,4,0.009916511,0,0.8705874323386045,N/A,Review,0.8
L000003,83.0,0.99916506,0.9993413,0.9996146,0.00012098662,4,0.0064998525,0,0.8215265242087335,N/A,Review,0.8
L000003,84.0,0.99921167,0.9992932,0.99957377,0.00017623877,4,0.018413184,0,0.8734942775029737,N/A,Review,0.8
L000003,85.0,0.999258,0.99963474,0.99957806,0.0002936353,4,0.010933449,0,0.9087570620375388,N/A,Review,0.8
L000004,0.0,0.09529266,0.33193222,0.087130025,0.6717977,3,0.09235574,1,0.5777039399174797,N/A,Review,0.8
L000004,1.0,0.18800282,0.21420726,0.19442338,0.06447896,3,0.030776652,0,0.5330740311902795,N/A,Review,0.8
L000004,2.0,0.9982382,0.9969416,0.1563953,0.00048604593,0,0.36040047,2,0.5383031441867752,N/A,Review,0.8
L000004,3.0,0.99824417,0.9980348,0.11267131,0.00017093032,0,0.19804798,2,0.5410409153846858,N/A,Review,0.8
L000004,4.0,0.99822634,0.9988728,0.09815382,0.000822886,0,0.20461299,2,0.5545352293522876,N/A,Review,0.8
L000004,5.0,0.13860509,0.24291931,0.1494084,0.60718286,3,0.19727041,1,0.5333591846846576,N/A,Review,0.8
L000004,6.0,0.9980737,0.9987948,0.13318437,0.0016257719,0,0.40673113,2,0.4815053630330325,N/A,Review,0.8
L000004,7.0,0.99442023,0.9926131,0.99360037,0.0008252221,1,0.15189755,1,0.4469742501982129,N/A,Review,0.8
L000004,8.0,0.9968907,0.9990133,0.999134,0.00032023783,2,0.025241949,0,0.4178098937735574,N/A,Review,0.8
L000004,9.0,0.99719363,0.99867994,0.9984359,0.0002177181,2,0.13929822,0,0.5793423001385967,N/A,Review,0.8
L000004,10.0,0.99478734,0.99813735,0.99827063,0.00031653707,4,0.1134197,0,0.7432327569480275,N/A,Review,0.8
L000004,11.0,0.99803144,0.999201,0.99910337,0.00017798171,4,0.12848233,0,0.6219705613148772,N/A,Review,0.8
L000004,12.0,0.9971636,0.99875426,0.9986119,0.00035397476,4,0.18805836,0,0.718305386927848,N/A,Review,0.8
L000004,13.0,0.9985864,0.99979657,0.9995425,0.0003721059,4,0.12701519,0,0.5617300019434391,N/A,Review,0.8
L000004,14.0,0.99808216,0.9994773,0.9994437,0.00022121781,4,0.050072815,1,0.6416771302307492,N/A,Review,0.8
L000004,15.0,0.99885726,0.99971575,0.9994086,0.0002983789,4,0.08115923,1,0.6374161384873043,N/A,Review,0.8
L000004,16.0,0.998691,0.9996325,0.9993734,0.00022335375,4,0.0755951,1,0.4979194222171903,N/A,Review,0.8
L000004,17.0,0.99344134,0.9984927,0.9967223,0.0011688131,4,0.074219115,1,0.5497628900876621,N/A,Review,0.8
L000004,18.0,0.99885154,0.9995455,0.99940705,0.0005156656,4,0.10901769,1,0.5393095959798025,N/A,Review,0.8
L000004,19.0,0.99857676,0.9997392,0.999532,0.00048583586,4,0.16273853,0,0.4685062508594592,N/A,Review,0.8
L000004,20.0,0.9983919,0.99927,0.9995377,0.00046450854,4,0.10747148,0,0.5331002559858529,N/A,Review,0.8
L000004,21.0,0.9986512,0.99964,0.99960643,0.00013583711,4,0.07618683,0,0.43385288741343514,N/A,Review,0.8
L000004,22.0,0.99887735,0.99959916,0.9994822,0.00027567413,4,0.06807446,1,0.5059460905476896,N/A,Review,0.8
L000004,23.0,0.998858,0.99962187,0.99950147,0.00052768434,4,0.050448414,1,0.5295787279007268,N/A,Review,0.8
L000004,24.0,0.9983891,0.9994455,0.99956864,0.00036121949,4,0.10528723,0,0.5183395890840119,N/A,Review,0.8
L000004,25.0,0.9985806,0.9995414,0.99946684,0.00023197378,4,0.098012,0,0.5026083220016928,N/A,Review,0.8
L000004,26.0,0.9983729,0.99953365,0.99959534,0.00031488977,4,0.10351033,0,0.5111115302821527,N/A,Review,0.8
L000004,27.0,0.99846005,0.9996331,0.9994673,0.00036601195,4,0.1362042,0,0.5087218675751549,N/A,Review,0.8
L000004,28.0,0.99858105,0.9996244,0.99947566,0.0004319845,4,0.16944405,0,0.45508680126504586,N/A,Review,0.8
L000004,29.0,0.99888474,0.9993717,0.9994759,0.00047279382,4,0.3967107,0,0.4037788145126224,N/A,Review,0.8
L000004,30.0,0.99904126,0.9995491,0.9995413,0.00033908544,4,0.20386092,0,0.4894151196758335,N/A,Review,0.8
L000004,31.0,0.9987828,0.99945337,0.9995766,0.00028399625,4,0.11642643,0,0.4779043683239883,N/A,Review,0.8
L000004,32.0,0.9990004,0.9995728,0.99954337,0.00023706637,4,0.07976684,1,0.5137738900702687,N/A,Review,0.8
L000004,33.0,0.9990977,0.99957246,0.99958915,0.0007644661,4,0.47134998,1,0.5250348056290499,N/A,Review,0.8
L000004,,0.9986358,0.99924064,0.9995815,0.0002456998,4,0.09246598,0,0.45934166685557465,N/A,Review,0.8
L000004,35.0,0.99886227,0.999647,0.99954957,0.00017635156,4,0.15847786,0,0.4938512107496291,N/A,Review,0.8
L000004,36.0,0.998993,0.9995524,0.9996056,0.00017731349,4,0.0635185,0,0.4640726789286632,N/A,Review,0.8
L000004,37.0,0.99899024,0.99974066,0.99951816,0.00031385815,4,0.19420111,0,0.4266856462351317,N/A,Review,0.8
L000004,38.0,0.99550724,0.99836034,0.99735034,0.00051492837,4,0.0725685,0,0.48873167152587255,N/A,Review,0.8
L000004,39.0,0.9965815,0.998835,0.99706906,0.00039300328,4,0.22833449,1,0.5718087387111579,N/A,Review,0.8
L000004,40.0,0.999159,0.99954116,0.9995691,0.00021135791,4,0.23778409,0,0.4713664379684289,N/A,Review,0.8
L000004,41.0,0.99913627,0.9995415,0.99961495,0.00015060086,4,0.22549754,0,0.5182160133223721,N/A,Review,0.8
L000004,42.0,0.9992072,0.99964345,0.9996057,0.0001729229,4,0.20676047,0,0.4891216674837782,N/A,Review,0.8
L000004,43.0,0.9989114,0.9997873,0.9995223,0.00012992015,4,0.28752807,0,0.4057774210081858,N/A,Review,0.8
L000004,44.0,0.998678,0.9992291,0.9995552,0.00012357108,4,0.16949442,0,0.5069469459144647,N/A,Review,0.8
L000004,45.0,0.9989115,0.9994123,0.99964416,0.0001241124,4,0.07128893,0,0.5361502604314008,N/A,Review,0.8
L000004,46.0,0.9990207,0.999521,0.9995696,0.00019831047,4,0.17068818,0,0.5099642758289342,N/A,Review,0.8
L000004,47.0,0.99890566,0.99975544,0.9995036,0.00017848951,4,0.056453127,0,0.3997258462888005,N/A,Review,0.8
L000004,48.0,0.9989243,0.9994324,0.9996147,0.00014257018,4,0.13963972,0,0.5446260648956275,N/A,Review,0.8
L000004,49.0,0.9949994,0.9984693,0.9969217,0.0005275184,4,0.07820072,0,0.602632364366618,N/A,Review,0.8
L000004,50.0,0.9989385,0.9995821,0.99962854,0.00012970687,4,0.04316398,0,0.49683781778621666,N/A,Review,0.8
L000004,51.0,0.9991835,0.9994572,0.99961936,0.00035793384,4,0.2031494,2,0.5399117444221715,N/A,Review,0.8
L000004,,0.9987224,0.99953735,0.9995466,0.00046707396,4,0.047370832,1,0.5453751832624829,N/A,Review,0.8
L000004,53.0,0.9988292,0.9995461,0.99959177,0.00018307204,4,0.23438628,2,0.4741688005828429,N/A,Review,0.8
L000004,54.0,0.99875414,0.99960274,0.99950826,0.00016621636,4,0.23864509,1,0.5098258622174625,N/A,Review,0.8
L000004,55.0,0.99874926,0.99961144,0.9995183,0.00012680473,4,0.38348898,1,0.558995346622061,N/A,Review,0.8
L000004,56.0,0.99899846,0.9996706,0.99953306,0.00013744333,4,0.3444048,1,0.5548150763578665,N/A,Review,0.8
L000004,57.0,0.9989064,0.9995535,0.99958557,0.00014068387,4,0.26040384,1,0.5046172746971502,N/A,Review,0.8
L000004,58.0,0.999132,0.9995931,0.99955934,0.00016057551,4,0.072329134,1,0.5355209152271279,N/A,Review,0.8
L000004,59.0,0.9989341,0.99962556,0.9995521,0.00015433379,4,0.13231352,1,0.7237679484106686,N/A,Review,0.8
L000004,60.0,0.9990459,0.9996747,0.9996438,0.00010434051,4,0.24515504,1,0.5588210978059966,N/A,Review,0.8
L000004,61.0,0.9990883,0.9996835,0.9995802,0.00013181416,4,0.13984504,2,0.5280492367959047,N/A,Review,0.8
L000004,62.0,0.99875116,0.9997212,0.99966097,9.6235664e-05,4,0.08482766,2,0.48991233873482765,N/A,Review,0.8
L000004,63.0,0.9990723,0.99964845,0.999658,0.00014485602,4,0.0971412,1,0.5905188858642811,N/A,Review,0.8
L000004,64.0,0.9990631,0.9996742,0.999592,0.0001064781,4,0.094601706,1,0.4959147865146131,N/A,Review,0.8
L000004,65.0,0.9992204,0.9997094,0.9996176,0.00010048455,4,0.07709534,2,0.6583289719869316,N/A,Review,0.8
L000004,66.0,0.9992362,0.99962616,0.9996278,0.0002556837,4,0.07604321,2,0.6121639309870792,N/A,Review,0.8
L000004,67.0,0.998973,0.99962413,0.9995708,0.00015670524,4,0.04006286,2,0.6247681322286379,N/A,Review,0.8
L000004,68.0,0.9988939,0.99952006,0.9995065,0.00012096055,4,0.05604504,1,0.5797369023831499,N/A,Review,0.8
L000004,,0.9984419,0.9994493,0.99948645,0.00022380268,4,0.008065089,1,0.6342901664975179,N/A,Review,0.8
L000004,70.0,0.9986802,0.9993524,0.9995838,0.000113522176,4,0.03446492,2,0.6986284200155016,N/A,Review,0.8
L000004,71.0,0.99914,0.99963963,0.99957615,0.00020133275,4,0.029391346,1,0.6451418437692025,N/A,Review,0.8
L000014,0.0,0.055155743,0.040618014,0.031928163,0.23955603,3,0.069772266,2,0.564867080499001,N/A,Review,0.8
L000014,1.0,0.055770483,0.12802196,0.028148519,0.5287142,3,0.20774692,2,0.41964145334875735,N/A,Review,0.8
L000014,2.0,0.039003756,0.054139923,0.029438952,0.09081635,3,0.13946083,2,0.4406968038417356,N/A,Review,0.8
L000014,3.0,0.030444095,0.11312023,0.020883275,0.66102195,3,0.083159305,2,0.47195176544225426,N/A,Review,0.8
L000014,4.0,0.033962265,0.06935082,0.030995205,0.41719386,3,0.09210218,2,0.4623700573826549,N/A,Review,0.8
L000014,,0.09693775,0.052474737,0.032357506,0.5834346,3,0.16179872,2,0.46236482831861625,N/A,Review,0.8
L000014,6.0,0.044033453,0.06332255,0.023802284,0.34922388,3,0.12293744,2,0.43028018620451325,N/A,Review,0.8
L000014,7.0,0.06314213,0.072943985,0.043965235,0.3947925,3,0.15750173,2,0.4113155763435281,N/A,Review,0.8
L000014,8.0,0.07653053,0.04463046,0.028636375,0.45001435,3,0.18253437,0,0.3964111068402132,N/A,Review,0.8
L000014,9.0,0.047713965,0.089185424,0.020844841,0.363184,3,0.36867803,0,0.3752408024643219,N/A,Review,0.8
L000014,10.0,0.04535095,0.043577697,0.023382477,0.5370322,3,0.4254185,0,0.3864392953553026,N/A,Review,0.8
L000014,11.0,0.04686719,0.06733235,0.019735195,0.6036601,3,0.3402725,2,0.4152534075529916,N/A,Review,0.8
L000014,12.0,0.052597612,0.03236252,0.022680264,0.6462797,3,0.39953813,0,0.38424242112691903,N/A,Review,0.8
L000014,13.0,0.9973429,0.99782604,0.027563661,0.001121819,0,0.44718197,0,0.47471457916088333,N/A,Review,0.8
L000014,14.0,0.99217844,0.98854095,0.98047745,0.0010934751,1,0.361808,0,0.4638380598252188,N/A,Review,0.8
L000014,15.0,0.9973341,0.99696225,0.9920061,0.00068068085,1,0.64862746,2,0.4881510100942133,N/A,Review,0.8
L000014,16.0,0.99849594,0.9977325,0.98647064,0.00063407165,1,0.3435933,0,0.495354117504207,N/A,Review,0.8
L000014,17.0,0.99864894,0.9973053,0.9914125,0.0009011062,1,0.31713387,2,0.4982955217936952,N/A,Review,0.8
L000014,18.0,0.9984321,0.99442554,0.99504894,0.00073024165,1,0.23669676,2,0.4868091497130319,N/A,Review,0.8
L000014,19.0,0.9986659,0.9956772,0.99905497,0.0009250397,2,0.28035527,0,0.46616081879899274,N/A,Review,0.8
L000014,20.0,0.99860674,0.9964939,0.9989434,0.0005193826,2,0.20038955,0,0.5026112317962093,N/A,Review,0.8
L000014,21.0,0.99821246,0.9982455,0.9993411,0.00044383827,2,0.16902417,0,0.6581027725159301,N/A,Review,0.8
L000014,22.0,0.9983125,0.9985129,0.9991904,0.00074726634,4,0.30986437,2,0.4678338423960684,N/A,Review,0.8
L000014,23.0,0.9987424,0.9987489,0.99952924,0.00054607395,4,0.32835415,0,0.5813208167095729,N/A,Review,0.8
L000014,24.0,0.999074,0.99863523,0.99961543,0.00048661753,4,0.43711945,2,0.5491873439591934,N/A,Review,0.8
L000014,25.0,0.99899954,0.99877435,0.99961334,0.00046585072,4,0.4277033,0,0.6989718530794853,N/A,Review,0.8
L000014,26.0,0.9986595,0.9988294,0.9996277,0.0006033752,4,0.30962652,0,0.5556062413607346,N/A,Review,0.8
L000014,,0.99855155,0.99901545,0.9995925,0.00058859924,4,0.41987705,0,0.4952683619553214,N/A,Review,0.8
L000014,,0.9988469,0.99902713,0.99961686,0.00039407736,4,0.50498486,0,0.4802005271398945,N/A,Review,0.8
L000014,29.0,0.9986149,0.9989532,0.99963737,0.00040338637,4,0.28034595,2,0.4517570025920591,N/A,Review,0.8
L000014,30.0,0.99903214,0.9992218,0.9996289,0.00020470064,4,0.34743848,2,0.48366936647889414,N/A,Review,0.8
L000014,31.0,0.99905425,0.99926895,0.99962246,0.00018723315,4,0.29391548,2,0.44486760130059677,N/A,Review,0.8
L000014,32.0,0.99904686,0.99934036,0.99959105,0.0002445145,4,0.36956277,2,0.4264334214484019,N/A,Review,0.8
L000014,33.0,0.99905103,0.99917716,0.9995977,0.00043207058,4,0.31452948,0,0.4425259470523132,N/A,Review,0.8
L000014,34.0,0.9986688,0.9991326,0.99955934,0.00021246211,4,0.42896834,2,0.4148232949824899,N/A,Review,0.8
L000014,35.0,0.9990682,0.9990023,0.99964046,0.00020531265,4,0.47776777,0,0.4335003259720811,N/A,Review,0.8
L000014,36.0,0.99882823,0.9993806,0.9995419,0.00015348496,4,0.38470563,0,0.3842739108754483,N/A,Review,0.8
L000014,37.0,0.9991935,0.9994673,0.9996383,0.000103853126,4,0.33248967,0,0.4726937601089968,N/A,Review,0.8
L000014,38.0,0.99904233,0.99940956,0.99959284,8.2254985e-05,4,0.5102432,2,0.3965779931566624,N/A,Review,0.8
L000014,39.0,0.99902904,0.99929607,0.99959034,0.00017785448,4,0.25646153,2,0.42141122985045637,N/A,Review,0.8
L000014,,0.99891794,0.9990441,0.99958915,0.00024306015,4,0.4040644,0,0.47048486515447563,N/A,Review,0.8
L000014,41.0,0.9957268,0.9989003,0.9973411,0.00029959093,4,0.16144606,0,0.3971565065249454,N/A,Review,0.8
L000014,42.0,0.9988883,0.99957544,0.99953234,8.301461e-05,4,0.24438477,0,0.4522350606808484,N/A,Review,0.8
L000014,43.0,0.9990621,0.999153,0.99958247,6.0121274e-05,4,0.26116264,2,0.41362723121163447,N/A,Review,0.8
L000014,44.0,0.99925464,0.9995004,0.9995907,5.5552355e-05,4,0.41384155,0,0.37844861523488893,N/A,Review,0.8
L000014,45.0,0.998931,0.9994697,0.9996302,5.5005494e-05,4,0.4154466,0,0.4174346756199844,N/A,Review,0.8
L000014,46.0,0.9992617,0.99935704,0.9995715,0.00010771142,4,0.51993734,0,0.4456849839792033,N/A,Review,0.8
L000014,47.0,0.9992099,0.9995691,0.99957734,6.959215e-05,4,0.5548331,0,0.3892161483999941,N/A,Review,0.8
L000014,48.0,0.99923754,0.9994198,0.99959594,7.913269e-05,4,0.19891103,0,0.48121884190478126,N/A,Review,0.8
L000014,49.0,0.9992919,0.99932516,0.9996275,7.698112e-05,4,0.12615395,0,0.496505477130747,N/A,Review,0.8
L000014,50.0,0.99902594,0.999226,0.9995815,0.0001745768,4,0.17246622,0,0.6252453788099257,N/A,Review,0.8
L000014,51.0,0.9989956,0.9994779,0.9996082,5.9440208e-05,4,0.2511742,0,0.43875183211116187,N/A,Review,0.8
L000014,52.0,0.9991136,0.9993025,0.9995833,0.0002466598,4,0.41924325,0,0.4339145280487446,N/A,Review,0.8
L000014,53.0,0.9990119,0.9994191,0.9995776,0.00012434719,4,0.13869964,2,0.5235004633199372,N/A,Review,0.8
L000014,54.0,0.99902534,0.99931324,0.9995185,0.00015717169,4,0.22370896,2,0.428750157068977,N/A,Review,0.8
L000014,55.0,0.9991179,0.9992512,0.9995383,0.00015476676,4,0.33420354,0,0.5393427946113288,N/A,Review,0.8
L000014,56.0,0.9990503,0.99938655,0.9995702,9.2750626e-05,4,0.21958627,2,0.4941412296810005,N/A,Review,0.8
L000014,57.0,0.996585,0.9982875,0.9947837,0.00027098999,4,0.17713696,0,0.546655811432661,N/A,Review,0.8
L000014,,0.99874616,0.99872106,0.999582,0.00017667505,4,0.16265883,0,0.5260103153754011,N/A,Review,0.8
L000014,59.0,0.99661934,0.9981969,0.9950335,0.0004748276,4,0.2673773,2,0.48808773845478015,N/A,Review,0.8
L000014,,0.9986247,0.99931026,0.9995982,9.066033e-05,4,0.105715245,0,0.4337085081851584,N/A,Review,0.8
L000014,61.0,0.99904746,0.9995448,0.99955636,8.4815656e-05,4,0.05912879,2,0.49638144140185825,N/A,Review,0.8
L000014,62.0,0.9992914,0.99923027,0.9995555,0.00017597228,4,0.19349736,2,0.5064756802494546,N/A,Review,0.8
L000014,63.0,0.9993968,0.9993599,0.9996791,0.000114817696,4,0.19496098,2,0.5265373561152995,N/A,Review,0.8
L000014,,0.9989221,0.99936765,0.99963796,0.000119663826,4,0.10749922,0,0.45323350439455756,N/A,Review,0.8
L000014,65.0,0.9989367,0.9994597,0.99963045,0.0003551333,4,0.043016143,2,0.5834178680991481,N/A,Review,0.8
L000014,66.0,0.99903417,0.9993413,0.99955183,0.00011422973,4,0.3177566,2,0.571591641195164,N/A,Review,0.8
L000014,,0.99830234,0.9988091,0.99952877,9.91014e-05,4,0.08965171,0,0.5643052501739438,N/A,Review,0.8
L000014,68.0,0.99879956,0.9993656,0.9995896,0.00022496739,4,0.10168742,2,0.5660967505504081,N/A,Review,0.8
L000014,69.0,0.99920064,0.9992287,0.9996093,0.00010240341,4,0.06675773,2,0.5735131597196474,N/A,Review,0.8
L000014,70.0,0.99914634,0.9993162,0.99959713,0.0001084022,4,0.058192324,2,0.5933534600188191,N/A,Review,0.8
L000014,,0.9985331,0.9988055,0.999542,9.3114846e-05,4,0.054463174,0,0.6077102534730525,N/A,Review,0.8
L000014,72.0,0.9989673,0.9993747,0.99952567,0.00010474455,4,0.103283204,2,0.5978159418935031,N/A,Review,0.8
L000014,73.0,0.9990688,0.9995938,0.99958736,8.177415e-05,4,0.08564339,2,0.5404226342163403,N/A,Review,0.8
L000014,74.0,0.9989287,0.9991411,0.9996233,0.00015593923,4,0.14389731,0,0.6168906053905236,N/A,Review,0.8
L000014,75.0,0.99863535,0.99929,0.9995509,0.00011175012,4,0.06346797,0,0.5715975323658367,N/A,Review,0.8
L000014,76.0,0.9950559,0.9988716,0.99612963,5.47238e-05,4,0.07660853,0,0.5976984860759859,N/A,Review,0.8
L000015,0.0,0.013336593,0.04314013,0.019038808,0.69487303,3,0.457104,2,0.46653707022891816,N/A,Review,0.8
L000015,1.0,0.02653033,0.02077468,0.044931524,0.41037565,3,0.11350213,2,0.40166084914769185,N/A,Review,0.8
L000015,2.0,0.02644785,0.02358026,0.035460383,0.8605208,3,0.16703534,3,0.3963182353460345,N/A,Review,0.8
L000015,3.0,0.025962476,0.020477924,0.030318433,0.7950335,3,0.2565701,3,0.38926365521456174,N/A,Review,0.8
L000015,4.0,0.015641417,0.047212742,0.029406046,0.34366238,3,0.23030174,0,0.42918367607429914,N/A,Review,0.8
L000015,5.0,0.9961094,0.9959777,0.029739935,0.0021413402,0,0.36594185,3,0.40370000006935597,N/A,Review,0.8
L000015,6.0,0.9963749,0.9959487,0.022902166,0.00081194914,0,0.28455254,0,0.41198236393999327,N/A,Review,0.8
L000015,7.0,0.99601305,0.99660635,0.029320624,0.0015960278,0,0.1922285,2,0.4293195803519311,N/A,Review,0.8
L000015,8.0,0.99735993,0.99797505,0.031792343,0.00127624,0,0.27559265,2,0.41211105714168755,N/A,Review,0.8
L000015,9.0,0.9968213,0.99761355,0.01807305,0.000930157,0,0.5677014,2,0.3896414906458563,N/A,Review,0.8
L000015,10.0,0.9975647,0.99850947,0.037539754,0.0012198392,0,0.3325741,2,0.510408623307489,N/A,Review,0.8
L000015,11.0,0.99775404,0.9990435,0.04326171,0.001014111,0,0.42806375,0,0.37210417726380685,N/A,Review,0.8
L000015,12.0,0.9957409,0.9979401,0.031267677,0.0010927687,0,0.26913446,2,0.38641804362286103,N/A,Review,0.8
L000015,13.0,0.99644995,0.9981851,0.04697255,0.0012192816,0,0.44357723,2,0.35637546052274494,N/A,Review,0.8
L000015,14.0,0.9967175,0.99833566,0.05118515,0.00028252308,0,0.34000564,2,0.41759575178527814,N/A,Review,0.8
L000015,15.0,0.9976947,0.9991505,0.07206627,0.0019452781,0,0.34415492,2,0.3109974047799051,N/A,Review,0.8
L000021,0.0,0.031486675,0.030110506,0.04112522,0.6795438,3,0.4105816,2,0.581251416939787,N/A,Review,0.8
L000021,1.0,0.032947663,0.017683433,0.03601409,0.47127804,3,0.22209112,2,0.4519133184915264,N/A,Review,0.8
L000021,2.0,0.03773591,0.029664382,0.03304765,0.8223354,3,0.45832115,3,0.4872125607309473,N/A,Review,0.8
L000021,3.0,0.033483136,0.024794862,0.025836581,0.6755093,3,0.29197365,2,0.41229604046592816,N/A,Review,0.8
L000021,4.0,0.025250575,0.03526241,0.02883381,0.5847245,3,0.22873546,2,0.4608401309036641,N/A,Review,0.8
L000021,5.0,0.024747392,0.032312635,0.029748056,0.63190657,3,0.25884792,2,0.38701001413130576,N/A,Review,0.8
L000021,6.0,0.034268256,0.034405857,0.03988455,0.5878123,3,0.41975003,2,0.4281393847644002,N/A,Review,0.8
L000021,7.0,0.9969112,0.99612373,0.03643641,0.0015276661,0,0.28997993,2,0.4510083021044312,N/A,Review,0.8
L000021,8.0,0.99715376,0.9978957,0.029829215,0.00067902735,0,0.32856223,2,0.49416999524884475,N/A,Review,0.8
L000021,9.0,0.9940621,0.99667764,0.9918795,0.0003767724,1,0.64547986,2,0.5009836768472649,N/A,Review,0.8
L000021,10.0,0.9963595,0.9966185,0.9936558,0.00038597602,1,0.2745584,2,0.5263611215836776,N/A,Review,0.8
L000021,11.0,0.9973189,0.9975197,0.99315053,0.0004843652,1,0.095391855,2,0.5302160642199604,N/A,Review,0.8
L000021,12.0,0.997241,0.997343,0.9966028,0.00047903392,1,0.06612419,2,0.5378991994243797,N/A,Review,0.8
L000021,13.0,0.99567884,0.99904424,0.99828964,0.00016673034,1,0.23478684,2,0.5219899789144323,N/A,Review,0.8
L000021,14.0,0.99648345,0.9985922,0.9961427,6.6148394e-05,1,0.26034775,2,0.48003747175421096,N/A,Review,0.8
L000021,15.0,0.9975656,0.9988972,0.99566096,8.02614e-05,1,0.1554222,3,0.492970966356848,N/A,Review,0.8
L000021,16.0,0.99764985,0.99855465,0.9959643,0.0003577977,1,0.16851263,2,0.44646698373154137,N/A,Review,0.8
L000021,17.0,0.9974446,0.9979956,0.996745,0.00042505554,1,0.2033798,2,0.48457125060642325,N/A,Review,0.8
L000021,18.0,0.44470823,0.6115994,0.8333579,0.0073044826,3,0.2838187,1,0.4141816606255909,N/A,Review,0.8
L000021,19.0,0.031137781,0.031082468,0.0386643,0.5041475,3,0.14615832,1,0.5046385539761633,N/A,Review,0.8
L000021,20.0,0.027671527,0.02920436,0.017041827,0.2871531,3,0.19536111,1,0.5623974088438491,N/A,Review,0.8
L000021,21.0,0.03045409,0.039280754,0.013499285,0.44650275,3,0.12210675,0,0.5770079537390782,N/A,Review,0.8
L000021,22.0,0.027911667,0.037048876,0.0134435315,0.47738755,3,0.23642251,0,0.5288394470037352,N/A,Review,0.8
L000021,23.0,0.030662268,0.04645386,0.015842462,0.48088428,3,0.14654595,1,0.503260259794746,N/A,Review,0.8
L000021,24.0,0.029454514,0.04126578,0.025836762,0.2510287,3,0.19943136,0,0.4605601118669869,N/A,Review,0.8
L000021,25.0,0.034807064,0.059829153,0.026113564,0.32681504,3,0.18278147,3,0.4741701198958167,N/A,Review,0.8
L000021,26.0,0.028848194,0.037689723,0.024680296,0.71294576,3,0.16979986,0,0.4468292899796622,N/A,Review,0.8
L000021,27.0,0.03069239,0.03535868,0.023845132,0.58266246,3,0.20301214,3,0.451822104881439,N/A,Review,0.8
L000021,28.0,0.03277307,0.049610108,0.02716053,0.66337043,3,0.123074554,3,0.4540560135698515,N/A,Review,0.8
L000021,29.0,0.034260068,0.058746465,0.01981298,0.59170854,3,0.18289164,3,0.3948139891785357,N/A,Review,0.8
L000021,30.0,0.031464733,0.04061321,0.023128014,0.47794464,3,0.17990825,3,0.4397557563214625,N/A,Review,0.8
L000021,31.0,0.9972042,0.9961306,0.028550686,0.0005943001,0,0.11065032,2,0.4984053967255134,N/A,Review,0.8
L000021,32.0,0.99513197,0.9966298,0.019953853,0.00031977714,0,0.26177582,2,0.4547295192007702,N/A,Review,0.8
L000021,33.0,0.8838728,0.94708,0.039297365,0.002808263,0,0.27825952,0,0.39436270702398596,N/A,Review,0.8
L000021,34.0,0.9968822,0.9979551,0.048180673,0.0005988982,0,0.13337551,2,0.6179373329500719,N/A,Review,0.8
L000021,35.0,0.99635786,0.99763703,0.04183592,0.00023561473,0,0.18682626,2,0.45903510104511813,N/A,Review,0.8
L000021,36.0,0.996974,0.99710935,0.032471254,0.0004445524,0,0.16261867,2,0.5021416511330749,N/A,Review,0.8
L000023,0.0,0.14309558,0.4335501,0.11726951,0.051365,3,0.0985623,2,0.5690527358081477,N/A,Review,0.8
L000023,1.0,0.9963741,0.9983145,0.073909536,0.0003102731,0,0.051849812,2,0.5616254340717931,N/A,Review,0.8
L000023,2.0,0.9687669,0.97499686,0.16704012,0.00022911973,1,0.0435339,2,0.6089030188236041,N/A,Review,0.8
L000023,3.0,0.99652207,0.99867046,0.082113475,0.00017223523,0,0.21277559,2,0.5737964252183685,N/A,Review,0.8
L000023,4.0,0.9975708,0.99920183,0.0865268,0.0003493893,0,0.22394672,2,0.5733255836819535,N/A,Review,0.8
L000023,5.0,0.99775994,0.9985506,0.14064942,0.00036949237,0,0.18121585,2,0.5203736947652268,N/A,Review,0.8
L000023,6.0,0.10911261,0.2703507,0.104531474,0.121691674,3,0.123049974,2,0.5287464047642496,N/A,Review,0.8
L000023,7.0,0.1158867,0.2829738,0.09829181,0.31305826,3,0.11347854,2,0.5318339968480913,N/A,Review,0.8
L000023,8.0,0.0880389,0.23171394,0.104083285,0.10672539,3,0.11952613,2,0.47840291452770994,N/A,Review,0.8
L000023,9.0,0.9977266,0.998792,0.13165765,0.00029991928,0,0.2742895,2,0.5045345427619526,N/A,Review,0.8
L000023,10.0,0.9974131,0.9987594,0.13655056,0.00063181826,0,0.35649154,2,0.5249922995454809,N/A,Review,0.8
L000023,11.0,0.9971616,0.9991049,0.13434073,0.00037609343,0,0.63663596,2,0.553486692880053,N/A,Review,0.8
L000023,12.0,0.9979467,0.9991025,0.15388349,0.00036329334,0,0.45959082,2,0.5108380364231052,N/A,Review,0.8
L000023,13.0,0.9965779,0.9991202,0.9963081,0.000289865,1,0.5779093,2,0.5053898161684286,N/A,Review,0.8
L000023,14.0,0.99765515,0.9992816,0.99836224,7.373218e-05,1,0.50094736,2,0.5012605750485428,N/A,Review,0.8
L000023,,0.99806887,0.9995055,0.99880946,0.00016549663,1,0.63715655,2,0.47461755098497077,N/A,Review,0.8
L000023,16.0,0.0785541,0.2759943,0.16213687,0.07185804,3,0.18668376,2,0.41606867510905143,N/A,Review,0.8
L000023,17.0,0.09197834,0.2379767,0.11913159,0.37519863,3,0.4757955,2,0.48669271008035464,N/A,Review,0.8
L000023,18.0,0.9972241,0.9990138,0.16686717,0.00036323167,0,0.30509582,2,0.5038761205189913,N/A,Review,0.8
L000023,19.0,0.99283445,0.99814653,0.9942179,0.0008155704,1,0.5871222,2,0.563245835564695,N/A,Review,0.8
L000023,20.0,0.99727005,0.9988134,0.99442333,0.0006995805,1,0.50549495,1,0.5263288331973004,N/A,Review,0.8
L000023,21.0,0.9981699,0.9994991,0.9987118,8.625279e-05,2,0.2586973,1,0.564921471522179,N/A,Review,0.8
L000023,22.0,0.99372876,0.9963052,0.9977289,0.00035052077,2,0.11224662,0,0.5243090181456503,N/A,Review,0.8
L000023,23.0,0.99692035,0.9989606,0.9988642,0.00016167678,2,0.31291446,1,0.5732743366230442,N/A,Review,0.8
L000023,24.0,0.99803644,0.999398,0.99943835,0.00012081531,2,0.54199475,2,0.44419979466361065,N/A,Review,0.8
L000023,25.0,0.997965,0.9997671,0.999503,0.00010878649,4,0.43995193,2,0.6397414618389863,N/A,Review,0.8
L000023,26.0,0.99867684,0.99982077,0.9996346,0.00012513224,4,0.41765875,2,0.6434740176579603,N/A,Review,0.8
L000023,27.0,0.9988708,0.99989605,0.99961275,0.00024626384,4,0.41228873,2,0.8055064734290045,N/A,Review,0.8
L000023,28.0,0.99869305,0.9995933,0.9996643,0.00030384757,4,0.10052642,3,0.4935703761338416,N/A,Review,0.8
L000023,29.0,0.9988404,0.99981695,0.9996427,0.00013975344,4,0.6858275,2,0.5495273780042531,N/A,Review,0.8
L000023,30.0,0.9989874,0.9998429,0.9996879,5.7496054e-05,4,0.2419197,2,0.582886191195605,N/A,Review,0.8
L000023,31.0,0.9967546,0.99959415,0.997747,0.00046176167,4,0.5509771,2,0.5503317893163165,N/A,Review,0.8
L000023,32.0,0.9989606,0.99982834,0.99963284,8.631507e-05,4,0.40204465,2,0.5294627490496809,N/A,Review,0.8
L000023,33.0,0.9990306,0.99983895,0.9996271,0.00011194807,4,0.19134846,2,0.5638644184174931,N/A,Review,0.8
L000023,34.0,0.9988336,0.99980634,0.9996191,0.000121182326,4,0.15432209,0,0.4600903853276561,N/A,Review,0.8
L000023,35.0,0.9988575,0.9998591,0.99964154,9.859316e-05,4,0.20360331,0,0.48222447258578693,N/A,Review,0.8
L000023,36.0,0.9988738,0.9998567,0.99967825,0.00014445312,4,0.26944494,0,0.5025969845348653,N/A,Review,0.8
L000023,37.0,0.9991948,0.9998362,0.9996455,9.3157745e-05,4,0.2335768,0,0.5322668180488496,N/A,Review,0.8
L000023,38.0,0.9991394,0.9998542,0.9995646,6.666431e-05,4,0.16811354,0,0.5008479528332401,N/A,Review,0.8
L000023,39.0,0.9973673,0.9996754,0.9980444,0.00015497691,4,0.16099985,2,0.5173674092381917,N/A,Review,0.8
L000023,40.0,0.9991585,0.9998987,0.9997384,7.702577e-05,4,0.2690793,0,0.4659096271333108,N/A,Review,0.8
L000023,41.0,0.999012,0.9998735,0.99967706,4.6115034e-05,4,0.17082693,2,0.6224635309873457,N/A,Review,0.8
L000023,42.0,0.99929404,0.99985194,0.9997094,8.5189735e-05,4,0.04648494,2,0.5306936381645706,N/A,Review,0.8
L000023,43.0,0.99908495,0.99987113,0.99968195,4.7464295e-05,4,0.2855667,2,0.6912639816918467,N/A,Review,0.8
L000023,44.0,0.9991841,0.9997769,0.9996737,7.730613e-05,4,0.24026446,2,0.4440516720821408,N/A,Review,0.8
L000023,45.0,0.9992218,0.9998996,0.99963856,9.601741e-05,4,0.5396306,2,0.443185883960841,N/A,Review,0.8
L000023,46.0,0.9991653,0.99987817,0.9996811,6.321316e-05,4,0.36212194,2,0.4780241198551066,N/A,Review,0.8
L000023,47.0,0.9992072,0.9998449,0.9996269,5.3479293e-05,4,0.23128551,0,0.5019630262330588,N/A,Review,0.8
L000023,48.0,0.99929893,0.99980634,0.9996519,0.0001962835,4,0.3118204,2,0.5382250938042173,N/A,Review,0.8
L000023,49.0,0.9991334,0.9998367,0.99968565,7.202279e-05,4,0.49961376,2,0.7377004496965918,N/A,Review,0.8
L000023,50.0,0.9990577,0.9998609,0.99966705,2.2524491e-05,4,0.123330005,2,0.5637701474711669,N/A,Review,0.8
L000023,51.0,0.9990114,0.99984276,0.9996302,4.8472917e-05,4,0.08426131,2,0.5611643874326303,N/A,Review,0.8
L000023,52.0,0.99908924,0.999859,0.9996333,7.466487e-05,4,0.32944468,2,0.4875083330331846,N/A,Review,0.8
L000023,53.0,0.999278,0.9998747,0.99958545,0.00012503633,4,0.27841073,2,0.5322400321697401,N/A,Review,0.8
L000023,54.0,0.9990245,0.99982506,0.9996445,9.5632255e-05,4,0.24398476,2,0.4278524758164726,N/A,Review,0.8
L000023,55.0,0.9965521,0.9996749,0.99784446,9.9372905e-05,4,0.14142804,2,0.6265180167356312,N/A,Review,0.8
L000023,56.0,0.99908924,0.999866,0.99961495,5.248499e-05,4,0.29428583,2,0.5358534167181076,N/A,Review,0.8
L000023,57.0,0.9990287,0.99985325,0.9996722,9.320502e-05,4,0.31844243,2,0.5654480641292748,N/A,Review,0.8
L000023,58.0,0.9991672,0.9998896,0.9996351,0.00010812861,4,0.10932966,2,0.5716807012229491,N/A,Review,0.8
L000023,,0.99878675,0.99980575,0.9996458,4.6089623e-05,4,0.05937825,2,0.5729173570349758,N/A,Review,0.8
L000023,60.0,0.998934,0.9996871,0.99964774,8.771486e-05,4,0.37402153,2,0.453637358213514,N/A,Review,0.8
L000023,61.0,0.9992698,0.9998741,0.99967945,5.9566522e-05,4,0.10779221,2,0.5641010826404795,N/A,Review,0.8
L000023,62.0,0.9992545,0.99983895,0.9996567,5.4466556e-05,4,0.28957722,2,0.5653358944021759,N/A,Review,0.8
L000023,63.0,0.9990707,0.99987054,0.99968386,2.57573e-05,4,0.08642771,2,0.5627544040291007,N/A,Review,0.8
L000023,,0.9987924,0.99981123,0.99969196,5.780833e-05,4,0.03417269,2,0.5762773097277035,N/A,Review,0.8
L000023,65.0,0.9992391,0.9998173,0.99970764,9.09322e-05,4,0.28290325,0,0.5002231231127592,N/A,Review,0.8
L000023,66.0,0.9992274,0.9999043,0.9996233,2.2870445e-05,4,0.042410754,2,0.6468979330814797,N/A,Review,0.8
L000023,67.0,0.9992507,0.99988353,0.9996444,2.9597963e-05,4,0.043714534,2,0.6483185183944047,N/A,Review,0.8
L000023,68.0,0.99917287,0.9998574,0.999703,4.8713795e-05,4,0.13553149,2,0.651074716724795,N/A,Review,0.8
L000023,69.0,0.99917287,0.9998574,0.999703,4.9020287e-05,4,0.15096106,2,0.6593122922162613,N/A,Review,0.8
L000023,70.0,0.9992373,0.9998776,0.9997129,4.325844e-05,4,0.03193621,2,0.6587084466762445,N/A,Review,0.8
L000023,71.0,0.9993131,0.9998722,0.9996598,5.0177492e-05,4,0.04556941,2,0.6719425070364522,N/A,Review,0.8
L000023,72.0,0.9991416,0.99988353,0.9996878,2.9068273e-05,4,0.05942284,0,0.6631722368403079,N/A,Review,0.8
L000023,73.0,0.9990989,0.9998901,0.99968386,2.3073326e-05,4,0.013678969,2,0.6986240518183425,N/A,Review,0.8
L000023,74.0,0.99913603,0.99988174,0.9996929,4.1112773e-05,4,0.025299767,2,0.7368253369958859,N/A,Review,0.8
L000023,75.0,0.9992373,0.9998896,0.9997129,3.48938e-05,4,0.029704753,0,0.7112095725038265,N/A,Review,0.8
L000023,76.0,0.9992656,0.9999095,0.999681,3.1922515e-05,4,0.04774565,0,0.6801945046150586,N/A,Review,0.8
L000023,,0.9989644,0.9998116,0.99959916,4.3916923e-05,4,0.0033584754,0,0.714787898781829,N/A,Review,0.8
L000023,78.0,0.9991093,0.99984777,0.99966645,0.00034911276,4,0.021135414,0,0.7949118304800142,N/A,Review,0.8
L000023,79.0,0.99914896,0.99987364,0.99965525,8.270416e-05,4,0.0086779585,0,0.7593797456545668,N/A,Review,0.8
L000023,80.0,0.999268,0.99984574,0.9996313,0.00023101212,4,0.040905923,2,0.6956707818516512,N/A,Review,0.8
L000025,0.0,0.04657088,0.07041496,0.019349799,0.6042434,3,0.086166404,2,0.7166713474309735,N/A,Review,0.8
L000025,1.0,0.034730796,0.035644416,0.037817236,0.45914528,3,0.17627347,3,0.620894011562279,N/A,Review,0.8
L000025,2.0,0.029491067,0.047037397,0.033935852,0.4524798,3,0.13166171,3,0.6323596146616945,N/A,Review,0.8
L000025,3.0,0.022585483,0.018484624,0.022361455,0.4113247,3,0.11947874,3,0.5784731885991822,N/A,Review,0.8
L000025,4.0,0.023729201,0.0384013,0.024132304,0.7192577,3,0.08718374,3,0.630666550989258,N/A,Review,0.8
L000025,5.0,0.030552447,0.03585116,0.024575504,0.7096623,3,0.17003062,3,0.5730809035368731,N/A,Review,0.8
L000025,6.0,0.024115413,0.02132426,0.028523136,0.3251947,3,0.15003353,0,0.513750772726488,N/A,Review,0.8
L000025,7.0,0.033811238,0.029548865,0.03101935,0.60932845,3,0.10826928,0,0.6019757925092777,N/A,Review,0.8
L000025,8.0,0.028975345,0.03600384,0.02790699,0.45655528,3,0.13678639,2,0.5454750428912183,N/A,Review,0.8
L000025,9.0,0.033317044,0.04470899,0.028086007,0.66308385,3,0.28400522,0,0.5652009736209522,N/A,Review,0.8
L000025,10.0,0.06716217,0.026671125,0.03274298,0.4758252,3,0.33616087,2,0.6076001427930029,N/A,Review,0.8
L000025,11.0,0.04553872,0.021755004,0.032124855,0.54343075,3,0.3217899,2,0.5932679629212758,N/A,Review,0.8
L000025,12.0,0.043889597,0.03525964,0.04311933,0.8350941,3,0.23688057,3,0.604655465009016,N/A,Review,0.8
L000025,13.0,0.9954888,0.9942644,0.036642753,0.001850662,0,0.24799871,2,0.580207147053095,N/A,Review,0.8
L000025,14.0,0.9896596,0.9931306,0.98238784,0.00046089027,1,0.22369872,2,0.6575621714408264,N/A,Review,0.8
L000025,,0.9954336,0.99252665,0.99377996,0.003168421,1,0.38104114,2,0.6005452202009647,N/A,Review,0.8
L000025,16.0,0.99730104,0.99388796,0.99088705,0.0012415195,1,0.115446284,2,0.6364251009365113,N/A,Review,0.8
L000025,17.0,0.99709725,0.99532664,0.98920035,0.00054159743,1,0.15171988,2,0.5946808023790762,N/A,Review,0.8
L000025,18.0,0.99827623,0.9962741,0.9991848,0.0012342692,2,0.08585114,2,0.6454270463712845,N/A,Review,0.8
L000025,19.0,0.99769163,0.99477047,0.99868506,0.00029483595,2,0.10069969,2,0.5750935601397458,N/A,Review,0.8
L000025,,0.99810576,0.9985765,0.99869895,0.00083721,2,0.24381284,1,0.5671564896967414,N/A,Review,0.8
L000025,21.0,0.0625997,0.09070629,0.069141835,0.6659542,3,0.20070435,0,0.6250040213586442,N/A,Review,0.8
L000025,22.0,0.04599843,0.016575921,0.012405977,0.6978176,3,0.3469224,0,0.6124696125600738,N/A,Review,0.8
L000025,23.0,0.15404053,0.12786847,0.075444415,0.17663755,3,0.52899545,0,0.5492370780631464,N/A,Review,0.8
L000025,24.0,0.056022953,0.0147149805,0.023502119,0.4068548,3,0.2639905,0,0.7225407106742793,N/A,Review,0.8
L000025,25.0,0.053212848,0.010094098,0.034899,0.403016,3,0.33374956,0,0.6760604863126789,N/A,Review,0.8
L000025,26.0,0.034352545,0.039676048,0.027470551,0.80645937,3,0.39387092,0,0.6175930996337557,N/A,Review,0.8
L000025,27.0,0.030611496,0.042192105,0.027546445,0.8091348,3,0.16885665,0,0.5924341097585257,N/A,Review,0.8
L000025,28.0,0.03883527,0.023856506,0.02373181,0.7261029,3,0.14636321,0,0.590126727698402,N/A,Review,0.8
L000025,29.0,0.03483462,0.026443657,0.019137198,0.7098757,3,0.14924313,0,0.5545000094283936,N/A,Review,0.8
L000025,30.0,0.03830573,0.018990993,0.024316674,0.83758366,3,0.10297506,0,0.610479079435202,N/A,Review,0.8
L000025,31.0,0.03116038,0.025110982,0.020335255,0.7928886,3,0.113765955,0,0.6076271723995024,N/A,Review,0.8
L000025,32.0,0.025776876,0.03255364,0.01980011,0.8354263,3,0.09349562,0,0.5781562357048564,N/A,Review,0.8
L000025,33.0,0.03548159,0.029773694,0.028029492,0.68704087,3,0.13148704,0,0.6411564179433467,N/A,Review,0.8
L000025,34.0,0.027009483,0.07076788,0.025014622,0.74809885,3,0.09891866,0,0.5966515904221785,N/A,Review,0.8
L000025,35.0,0.01997057,0.044440404,0.030845148,0.7214664,3,0.073704615,3,0.620524268575692,N/A,Review,0.8
L000025,36.0,0.99557,0.9964141,0.03517402,0.0014517875,0,0.039284334,0,0.6422846370269595,N/A,Review,0.8
L000025,37.0,0.9962148,0.9979527,0.02978016,0.001198307,0,0.05532053,0,0.5917085475868589,N/A,Review,0.8
L000025,38.0,0.9973143,0.99700963,0.0539532,0.0004999421,0,0.062652215,2,0.5202321369107503,N/A,Review,0.8
L000025,39.0,0.9967265,0.99623823,0.04160249,0.0018175773,0,0.058869917,0,0.6716659551887234,N/A,Review,0.8
L000025,40.0,0.99689204,0.99588615,0.025639478,0.0016182847,0,0.057628877,0,0.6256860180848692,N/A,Review,0.8
L000025,41.0,0.99803084,0.9979741,0.04357593,0.003141323,0,0.03309002,0,0.6735651667086865,N/A,Review,0.8
L000025,42.0,0.9975834,0.9976373,0.023386758,0.0011008453,0,0.080252714,0,0.6997577145750293,N/A,Review,0.8
L000025,43.0,0.99816173,0.9969175,0.027480336,0.00065755245,0,0.05605093,0,0.6269187824630023,N/A,Review,0.8
L000025,44.0,0.9978461,0.9976031,0.030554947,0.0014289784,0,0.11510894,0,0.6770881678217682,N/A,Review,0.8
L000025,45.0,0.9980908,0.9969471,0.029979251,0.0018067422,0,0.1084999,0,0.6996708931220517,N/A,Review,0.8
L000025,46.0,0.9973679,0.9976457,0.028727682,0.002379897,0,0.09170199,0,0.7132465258270975,N/A,Review,0.8
L000026,0.0,0.04551956,0.036337767,0.02608954,0.23568778,3,0.05842761,2,0.5470301149999123,N/A,Review,0.8
L000026,1.0,0.03465788,0.031784445,0.05158711,0.5640524,3,0.0686911,2,0.46471030648888767,N/A,Review,0.8
L000026,2.0,0.044298317,0.06012613,0.026953982,0.5007458,3,0.20656224,2,0.4493421562737795,N/A,Review,0.8
L000026,3.0,0.023611812,0.041710652,0.044473723,0.8090338,3,0.21317108,0,0.3516895028783219,N/A,Review,0.8
L000026,4.0,0.02163002,0.028401248,0.020820018,0.4584504,3,0.15657431,2,0.4205348057901969,N/A,Review,0.8
L000026,5.0,0.028498305,0.031373765,0.019118305,0.44391996,3,0.5246991,2,0.39718182615770825,N/A,Review,0.8
L000026,6.0,0.024844987,0.027306845,0.037346262,0.432171,3,0.36234647,0,0.4417387730309197,N/A,Review,0.8
L000026,7.0,0.026526311,0.021563856,0.024011541,0.5138538,3,0.349513,0,0.39503176934520645,N/A,Review,0.8
L000026,8.0,0.037191626,0.028176323,0.022054102,0.64531153,3,0.30675238,2,0.3983736368215459,N/A,Review,0.8
L000026,9.0,0.026157828,0.027410066,0.021362986,0.531581,3,0.4898428,0,0.3832815569190182,N/A,Review,0.8
L000026,10.0,0.9954602,0.9933189,0.03375409,0.0015146747,0,0.551502,2,0.47754784109723714,N/A,Review,0.8
L000026,11.0,0.9963096,0.995933,0.025316488,0.0009897457,0,0.3552791,0,0.4419618847343721,N/A,Review,0.8
L000026,12.0,0.029580005,0.033034097,0.029376848,0.3795801,3,0.40716025,0,0.4186008954003373,N/A,Review,0.8
L000026,13.0,0.031650905,0.054676566,0.025164438,0.3505279,3,0.34628353,0,0.4572505315354922,N/A,Review,0.8
L000026,,0.044064913,0.050966416,0.03565144,0.29007813,3,0.25648728,0,0.4605257272684275,N/A,Review,0.8
L000026,15.0,0.9955088,0.99741614,0.052612074,0.0004628336,0,0.53999674,0,0.4516263188178802,N/A,Review,0.8
L000026,16.0,0.99659604,0.9985915,0.08089358,0.0005229219,0,0.35002226,0,0.41681275944763013,N/A,Review,0.8
L000026,17.0,0.9974268,0.99810386,0.119603135,0.00076116185,0,0.23314407,0,0.46018385237580983,N/A,Review,0.8
L000028,0.0,0.0664297,0.06978863,0.019205423,0.15875132,3,0.06350588,2,0.6616328598184333,N/A,Review,0.8
L000028,1.0,0.9962388,0.9930941,0.028189454,0.000499933,0,0.03854903,3,0.7187552588676085,N/A,Review,0.8
L000028,,0.9836902,0.9612428,0.034110706,0.00038279826,1,0.10513791,2,0.6948233569173867,N/A,Review,0.8
L000028,3.0,0.99696666,0.9968862,0.03718534,0.00017435671,0,0.08470721,2,0.708576408732275,N/A,Review,0.8
L000028,4.0,0.99460924,0.99497837,0.98220235,0.0002155267,1,0.05710704,2,0.6384743495586889,N/A,Review,0.8
L000028,5.0,0.99765295,0.9981871,0.99818987,0.000109368324,2,0.11391582,2,0.6595052435328086,N/A,Review,0.8
L000028,6.0,0.9978867,0.99631774,0.9979881,2.8270044e-05,2,0.04896887,1,0.6823468281857883,N/A,Review,0.8
L000028,7.0,0.9983045,0.998379,0.99878424,7.014087e-05,2,0.12900712,1,0.6941722968909658,N/A,Review,0.8
L000028,8.0,0.998254,0.9987012,0.999062,2.8362829e-05,2,0.16400151,2,0.7167097279798111,N/A,Review,0.8
L000028,9.0,0.9981029,0.9984024,0.9990996,3.457172e-05,2,0.1362461,1,0.7145638705287484,N/A,Review,0.8
L000028,10.0,0.99821424,0.99899215,0.99920505,0.00026462207,4,0.044338096,2,0.7682445677627465,N/A,Review,0.8
L000028,11.0,0.99883705,0.999376,0.99937785,9.91237e-05,4,0.09719825,2,0.7603868128854641,N/A,Review,0.8
L000028,12.0,0.9988966,0.99925095,0.9994873,9.069604e-05,4,0.05411347,1,0.8136401473341888,N/A,Review,0.8
L000028,13.0,0.99869436,0.9993376,0.9994011,7.447053e-05,4,0.10493868,2,0.7536204280277139,N/A,Review,0.8
L000028,14.0,0.99873227,0.99924856,0.9995347,6.702165e-05,4,0.063199505,2,0.7820938774563901,N/A,Review,0.8
L000028,15.0,0.99881494,0.9995084,0.99940133,9.724626e-05,4,0.15342484,2,0.6858611863543732,N/A,Review,0.8
L000028,16.0,0.9988826,0.9994822,0.9994104,9.101817e-05,4,0.057953067,2,0.7602401401627242,N/A,Review,0.8
L000028,17.0,0.9989611,0.99925953,0.9994042,0.00017549489,4,0.18438175,2,0.7506454261843944,N/A,Review,0.8
L000028,18.0,0.99863476,0.9993204,0.9995466,0.00022210462,4,0.089919336,2,0.6653434166570804,N/A,Review,0.8
L000028,19.0,0.9989631,0.99925286,0.9995072,0.00016043089,4,0.44813794,2,0.615574341134061,N/A,Review,0.8
L000028,20.0,0.9950487,0.9978865,0.9953099,0.0012725936,4,0.2548831,2,0.6012777027383878,N/A,Review,0.8
L000028,21.0,0.9989743,0.9993457,0.99945766,0.0001304057,4,0.08821329,2,0.6038955267975219,N/A,Review,0.8
L000028,22.0,0.9987587,0.99932754,0.99953103,0.0001734424,4,0.09764761,2,0.6684295494578864,N/A,Review,0.8
L000028,23.0,0.9986029,0.99937683,0.99952054,0.00018713462,4,0.14658609,2,0.558399011162384,N/A,Review,0.8
L000028,24.0,0.9986394,0.9992079,0.999491,0.00023672688,4,0.38450196,2,0.6235154053105386,N/A,Review,0.8
L000028,25.0,0.9946075,0.9978605,0.99596196,0.0007418412,4,0.4520028,2,0.6415892196962485,N/A,Review,0.8
L000028,26.0,0.99866223,0.9992385,0.99950016,0.0007985587,4,0.41583443,2,0.6445270253384126,N/A,Review,0.8
L000028,27.0,0.9989365,0.99960774,0.99962604,0.00078697316,4,0.54856277,2,0.544618484162741,N/A,Review,0.8
L000028,28.0,0.99314225,0.9982735,0.99528414,0.0019434986,4,0.41310096,2,0.6621351971992524,N/A,Review,0.8
L000028,29.0,0.9937309,0.9982755,0.99605787,0.0018020854,4,0.2802941,2,0.6922684612435139,N/A,Review,0.8
L000028,30.0,0.99859494,0.9993963,0.9994972,0.0003331628,4,0.3174061,2,0.6015715347664381,N/A,Review,0.8
L000028,31.0,0.9990565,0.9993592,0.99950886,0.00046501885,4,0.32716954,2,0.6030493037069651,N/A,Review,0.8
L000028,32.0,0.99874735,0.999496,0.9995883,0.00035310886,4,0.19401172,2,0.6598212068821749,N/A,Review,0.8
L000028,33.0,0.99899954,0.9995548,0.99955016,0.00023467177,4,0.31772646,2,0.6605518872878235,N/A,Review,0.8
L000028,34.0,0.9987319,0.999463,0.9995473,0.00043388226,4,0.23141728,2,0.6560159256025576,N/A,Review,0.8
L000028,35.0,0.99900925,0.99947244,0.9995974,0.0005378705,4,0.23003215,2,0.6333519730922217,N/A,Review,0.8
L000028,36.0,0.99907684,0.9995697,0.99962986,0.00037400058,4,0.19945416,2,0.56847013647995,N/A,Review,0.8
L000028,37.0,0.9987997,0.99954647,0.9995615,0.00031326892,4,0.13342774,2,0.5740142440913076,N/A,Review,0.8
L000028,38.0,0.99883646,0.99953353,0.9995615,0.00027355965,4,0.17600957,2,0.5898460386838512,N/A,Review,0.8
L000028,39.0,0.9991229,0.99955875,0.9995478,0.00019548208,4,0.15827067,2,0.5772792679062662,N/A,Review,0.8
L000028,40.0,0.9988206,0.99952793,0.9995493,0.00015469137,4,0.121146865,2,0.6082300814101325,N/A,Review,0.8
L000031,0.0,0.03062593,0.06887155,0.047294565,0.62362796,3,0.5052533,0,0.5105750002800975,N/A,Review,0.8
L000031,1.0,0.07347336,0.20623018,0.11313209,0.029092291,3,0.21133538,3,0.5365699729126272,N/A,Review,0.8
L000031,2.0,0.025045086,0.038046207,0.06113229,0.68776345,3,0.3395612,3,0.3235895192295233,N/A,Review,0.8
L000031,3.0,0.99588925,0.9959835,0.059280477,0.0014583908,0,0.2867001,3,0.4546184787733547,N/A,Review,0.8
L000031,4.0,0.99643505,0.99799347,0.06697504,0.0012606863,0,0.24276745,3,0.4654106505280509,N/A,Review,0.8
L000031,5.0,0.99782217,0.9986941,0.09961346,0.0011131522,0,0.48867825,2,0.46072690007435335,N/A,Review,0.8
L000031,6.0,0.99423474,0.9959281,0.9932794,0.00046509245,1,0.27703074,0,0.4479279278888726,N/A,Review,0.8
L000031,7.0,0.99686974,0.99639857,0.99776435,0.00041164298,1,0.20909406,0,0.4498294561792998,N/A,Review,0.8
L000031,8.0,0.9953839,0.9969176,0.9974584,0.00036092158,1,0.13253115,0,0.5274359516562777,N/A,Review,0.8
L000031,9.0,0.995323,0.9971022,0.9973007,0.00030759818,2,0.25441465,0,0.3398824580456569,N/A,Review,0.8
L000031,10.0,0.9946709,0.9976459,0.9970702,0.0005232794,1,0.34557012,0,0.4167056887631429,N/A,Review,0.8
L000031,11.0,0.99586475,0.99768543,0.99675083,0.000330267,1,0.28691843,0,0.39341941787437557,N/A,Review,0.8
L000031,12.0,0.99603635,0.9973838,0.99667597,0.000707699,1,0.1413611,0,0.43145097509640784,N/A,Review,0.8
L000031,13.0,0.99434435,0.9972397,0.99616736,0.0007961168,1,0.30856755,0,0.5508418490521415,N/A,Review,0.8
L000031,14.0,0.99506843,0.99605775,0.99605453,0.0002954012,1,0.484929,0,0.4050864591436026,N/A,Review,0.8
L000031,15.0,0.9943557,0.996852,0.9961887,0.00035663153,1,0.54071766,0,0.41361108341881897,N/A,Review,0.8
L000031,16.0,0.9950132,0.9964206,0.995783,0.00041856777,1,0.5009968,0,0.38055115434199743,N/A,Review,0.8
L000031,17.0,0.99611366,0.9972543,0.9989691,0.0008513871,2,0.46459302,0,0.3956524865755201,N/A,Review,0.8
L000031,18.0,0.9970186,0.9974486,0.99875414,0.0008961551,2,0.46240568,0,0.562639627074816,N/A,Review,0.8
L000031,19.0,0.996793,0.9962614,0.998892,0.0008573682,2,0.46082887,0,0.42063435619435213,N/A,Review,0.8
L000031,20.0,0.9966221,0.99673307,0.99897707,0.0014878743,2,0.53450257,0,0.44132637292315846,N/A,Review,0.8
L000031,21.0,0.9971199,0.99816316,0.9993304,0.0007481096,2,0.42409253,0,0.38386200861352515,N/A,Review,0.8
L000031,22.0,0.9975858,0.998033,0.9992805,0.0007893987,2,0.37763733,0,0.429055704644096,N/A,Review,0.8
L000031,23.0,0.9976447,0.9981363,0.99929166,0.00062876154,2,0.38861373,0,0.4119691536306962,N/A,Review,0.8
L000031,24.0,0.9973181,0.99790525,0.99926656,0.0009396242,2,0.53934455,0,0.4065659205226232,N/A,Review,0.8
L000031,25.0,0.99786806,0.99819046,0.9993599,0.00085836067,2,0.3203523,0,0.43579846875001843,N/A,Review,0.8
L000031,26.0,0.9947812,0.99709034,0.9970202,0.0022399588,2,0.41267285,0,0.38541686463899316,N/A,Review,0.8
L000031,27.0,0.9966529,0.99779594,0.9991009,0.0011186188,2,0.4005328,0,0.4365128782032397,N/A,Review,0.8
L000031,28.0,0.9965282,0.9966331,0.9992186,0.0009143253,2,0.39839816,0,0.4495182873862043,N/A,Review,0.8
L000031,29.0,0.9972572,0.9969921,0.9991462,0.0008733007,2,0.44179663,0,0.4637966932382983,N/A,Review,0.8
L000031,30.0,0.99662364,0.99712867,0.99925226,0.000516198,2,0.5419501,0,0.4542535545505679,N/A,Review,0.8
L000039,0.0,0.031502873,0.024125282,0.022108974,0.8007068,3,0.37760663,2,0.49142148018862525,N/A,Review,0.8
L000039,1.0,0.027385646,0.052379936,0.034519188,0.83285373,3,0.21862361,2,0.4896740508833294,N/A,Review,0.8
L000039,2.0,0.046926163,0.032705504,0.021959076,0.8766857,3,0.16766058,2,0.36512756642863436,N/A,Review,0.8
L000039,3.0,0.747362,0.831379,0.01999397,0.42744717,0,0.16877496,2,0.3363242801294304,N/A,Review,0.8
L000039,4.0,0.9963476,0.9949839,0.04867528,0.0016554545,0,0.17057061,2,0.4867645633021419,N/A,Review,0.8
L000039,5.0,0.9974316,0.99414164,0.048280407,0.0021552027,0,0.4135001,2,0.6133266144137925,N/A,Review,0.8
L000039,6.0,0.99726045,0.99624205,0.042930007,0.0007835474,0,0.3173453,2,0.4689607716676618,N/A,Review,0.8
L000039,7.0,0.997482,0.9935003,0.02989709,0.0015531369,0,0.4534921,2,0.46028646360855163,N/A,Review,0.8
L000039,8.0,0.99832314,0.9949846,0.020810451,0.0010220683,0,0.24680747,2,0.4251193239861084,N/A,Review,0.8
L000039,9.0,0.99831057,0.99790287,0.027744789,0.00097541505,0,0.5251673,2,0.38101297872414736,N/A,Review,0.8
L000039,10.0,0.9980634,0.9970004,0.044176616,0.0010769012,0,0.46738338,2,0.36036471964209166,N/A,Review,0.8
L000039,11.0,0.99790776,0.9977222,0.0256632,0.0014363101,0,0.3347898,2,0.413059507922494,N/A,Review,0.8
L000039,12.0,0.9973326,0.99783677,0.038352,0.001025063,0,0.21738513,2,0.3444756971515279,N/A,Review,0.8
L000039,13.0,0.998145,0.99858403,0.022742495,0.0015610312,0,0.41802958,2,0.3608257843341491,N/A,Review,0.8
L000039,14.0,0.99687946,0.9987571,0.024245,0.00075411884,0,0.310799,2,0.3796865203808672,N/A,Review,0.8
L000039,15.0,0.9979532,0.9981376,0.024086839,0.0010545327,0,0.30304268,2,0.3951206482686038,N/A,Review,0.8
L000039,16.0,0.9973469,0.998847,0.023651464,0.00041462132,0,0.35844254,2,0.3737747690581972,N/A,Review,0.8
L000039,17.0,0.99839884,0.9981055,0.028169332,0.0010004187,0,0.32338148,2,0.42139225318567186,N/A,Review,0.8
L000039,18.0,0.9971944,0.9983058,0.025989905,0.00041905587,0,0.3726832,2,0.3222481301326675,N/A,Review,0.8
L000039,19.0,0.99692374,0.9983026,0.02398411,0.0006129976,0,0.31092337,2,0.40057425827164417,N/A,Review,0.8
L000039,20.0,0.99726844,0.9989563,0.03190449,0.00032111525,0,0.25465992,2,0.39855156856970086,N/A,Review,0.8
L000039,21.0,0.95652235,0.9922867,0.029318696,0.004029955,0,0.21030183,2,0.3580858962435932,N/A,Review,0.8
L000039,22.0,0.9697583,0.98975897,0.021591593,0.0044290028,0,0.2194319,2,0.4011180219556205,N/A,Review,0.8
L000039,23.0,0.9973117,0.99866426,0.022748811,0.00059932476,0,0.19234803,2,0.38978206014034117,N/A,Review,0.8
L000039,24.0,0.9981086,0.99797565,0.039812244,0.0006052283,0,0.20699923,2,0.4475917755808408,N/A,Review,0.8
L000044,0.0,0.026940385,0.05099874,0.045352735,0.39652985,3,0.09304653,0,0.528141490882896,N/A,Review,0.8
L000044,,0.99811316,0.996912,0.045615297,0.00094101246,0,0.231548,0,0.5091336794901269,N/A,Review,0.8
L000044,2.0,0.96053183,0.97035426,0.0655746,0.0009107271,1,0.055775486,0,0.5335545431537658,N/A,Review,0.8
L000044,3.0,0.99833316,0.999047,0.04714855,0.0013542895,0,0.11992596,2,0.5092119548877438,N/A,Review,0.8
L000044,4.0,0.99767655,0.9988397,0.04061011,0.00013312836,0,0.16087525,0,0.4756761781636478,N/A,Review,0.8
L000044,5.0,0.99715096,0.9981615,0.033029187,0.0006502545,0,0.34650022,2,0.432734646366436,N/A,Review,0.8
L000044,6.0,0.9976342,0.99827576,0.03421828,0.00058877375,0,0.18858798,0,0.48509563182615056,N/A,Review,0.8
L000044,7.0,0.99751294,0.9972063,0.031785715,0.0007092052,0,0.19485229,0,0.48464277608758444,N/A,Review,0.8
L000044,,0.9982041,0.9969662,0.031263538,0.00052450533,0,0.3630074,0,0.43906924690584037,N/A,Review,0.8
L000044,9.0,0.9976629,0.998548,0.041091584,0.0003711582,0,0.3478139,0,0.4885743062411062,N/A,Review,0.8
L000044,10.0,0.99768996,0.99773467,0.07180584,0.00047374165,0,0.25106242,0,0.5696596253856714,N/A,Review,0.8
L000044,11.0,0.9975891,0.99855846,0.09015184,0.00020372805,0,0.12074465,0,0.49402893783181656,N/A,Review,0.8
L000044,12.0,0.99783605,0.9990395,0.07395792,0.00029786956,0,0.22071065,0,0.3420526067171329,N/A,Review,0.8
L000044,13.0,0.9981527,0.99853563,0.08104865,0.000769323,0,0.24741396,0,0.4172772963585122,N/A,Review,0.8
L000044,14.0,0.9980369,0.9989128,0.086943716,0.00044329723,0,0.20283754,0,0.32057376621435907,N/A,Review,0.8
L000044,15.0,0.9981325,0.9984108,0.07622758,0.00070080796,0,0.30327672,0,0.40432576203502085,N/A,Review,0.8
L000044,,0.9979469,0.9982303,0.06903485,0.00043118428,0,0.31376028,0,0.40684787234216935,N/A,Review,0.8
L000044,17.0,0.9970696,0.99750286,0.13126935,0.0006180445,0,0.2698199,0,0.39520243104700414,N/A,Review,0.8
L000044,18.0,0.9984383,0.9985795,0.08901257,0.0006757511,0,0.26488703,2,0.44948371258197173,N/A,Review,0.8
L000044,19.0,0.9976829,0.99741095,0.047298767,0.0008876573,0,0.17549154,0,0.47729045065724673,N/A,Review,0.8
L000044,20.0,0.99800485,0.9973007,0.03090108,0.0004849244,0,0.38830605,2,0.3645888064709367,N/A,Review,0.8
L000044,21.0,0.99776256,0.99635243,0.026661253,0.00037746015,0,0.33426812,0,0.37647214032036136,N/A,Review,0.8
L000044,22.0,0.9979804,0.9982096,0.033180572,0.00027201636,0,0.27223358,0,0.408159248931282,N/A,Review,0.8
L000044,23.0,0.9978636,0.9983575,0.031503554,0.00028018773,0,0.21859232,0,0.44004403200430897,N/A,Review,0.8
L000044,24.0,0.99755305,0.9984573,0.038441937,0.00046433235,0,0.18426077,0,0.45434003753486946,N/A,Review,0.8
L000044,25.0,0.9962603,0.9980216,0.045493413,0.00028568486,0,0.18737908,0,0.3609734805608415,N/A,Review,0.8
L000044,26.0,0.99735045,0.99836713,0.026518416,0.00029363952,0,0.23595269,0,0.4221306257815698,N/A,Review,0.8
L000044,27.0,0.99655944,0.9983613,0.030087888,0.0005210149,0,0.31050807,0,0.3952609224131236,N/A,Review,0.8
L000044,28.0,0.99800485,0.99727136,0.026148655,0.00025681758,0,0.3537328,0,0.4586623214779945,N/A,Review,0.8
L000044,29.0,0.9977119,0.9958097,0.025858367,0.00023253847,0,0.273746,0,0.4686047947575608,N/A,Review,0.8
L000044,30.0,0.047592506,0.039571714,0.025449226,0.14712763,3,0.32411465,0,0.48788651258129423,N/A,Review,0.8
L000044,31.0,0.04331956,0.08079307,0.04272754,0.30573735,3,0.17131366,0,0.390850591555535,N/A,Review,0.8
L000044,32.0,0.031991947,0.056073308,0.02780875,0.22799084,3,0.1819067,0,0.5313287660826811,N/A,Review,0.8
L000044,33.0,0.032265432,0.076532856,0.041067448,0.23125766,3,0.29463032,0,0.5365629754124179,N/A,Review,0.8
L000044,34.0,0.9961202,0.99714005,0.042210426,0.001263427,0,0.22835264,0,0.571204882553485,N/A,Review,0.8
L000044,35.0,0.9945306,0.9979976,0.04982888,0.0011269142,0,0.2057356,0,0.5316868710727835,N/A,Review,0.8
L000044,36.0,0.026541796,0.056027167,0.042140976,0.6159898,3,0.15919527,0,0.5248397518436912,N/A,Review,0.8
L000044,37.0,0.025824636,0.06522915,0.035291027,0.6436881,3,0.12427304,2,0.5576243222070374,N/A,Review,0.8
L000044,38.0,0.027437052,0.086343504,0.032938987,0.6905209,3,0.162524,2,0.5831659969055922,N/A,Review,0.8
L000044,39.0,0.9955438,0.9982836,0.03160933,0.0028276811,0,0.16278343,2,0.5808022227634209,N/A,Review,0.8
L000044,40.0,0.99597174,0.99797267,0.022650888,0.0018256536,0,0.11581297,2,0.5749179838560134,N/A,Review,0.8
L000044,41.0,0.99526227,0.9982432,0.03814881,0.0017456814,0,0.12026471,1,0.6119181121628203,N/A,Review,0.8
L000044,42.0,0.9972874,0.99897444,0.057374172,0.001398033,0,0.1127176,1,0.6279337989579147,N/A,Review,0.8
L000044,,0.99133563,0.99499655,0.98144686,0.000612533,1,0.08459417,1,0.5437152725534952,N/A,Review,0.8
L000044,44.0,0.9961796,0.9966691,0.9876966,0.0005845769,1,0.09931875,1,0.6148487305546789,N/A,Review,0.8
L000044,45.0,0.99809426,0.9975636,0.99881184,0.00062192103,2,0.09859732,1,0.5990035701753327,N/A,Review,0.8
L000044,46.0,0.99259937,0.991011,0.9873985,0.0009231798,4,0.25556383,1,0.6823378136492113,N/A,Review,0.8
L000044,47.0,0.99840695,0.99808645,0.9987037,0.00019041695,4,0.15010542,1,0.6793338306603625,N/A,Review,0.8
L000044,48.0,0.9904943,0.9872651,0.9883377,0.00068233284,4,0.008884215,0,0.5494821832773442,N/A,Review,0.8
L000044,49.0,0.9991466,0.99920493,0.9991916,0.00014626968,4,0.07389119,0,0.6547854665450361,N/A,Review,0.8
L000044,50.0,0.9992655,0.9996171,0.99958473,0.00013345576,4,0.2068435,1,0.6094141555047704,N/A,Review,0.8
L000044,51.0,0.9991574,0.9996258,0.9997048,9.018926e-05,4,0.07164627,3,0.6341804632559176,N/A,Review,0.8
L000044,52.0,0.9992219,0.9995554,0.99966455,9.860068e-05,4,0.30974495,1,0.5640087750313759,N/A,Review,0.8
L000044,53.0,0.9993299,0.9994721,0.9996922,7.916642e-05,4,0.10163896,2,0.5533130972390465,N/A,Review,0.8
L000044,54.0,0.9993235,0.9995969,0.9996414,0.00012532472,4,0.34328544,2,0.5790978561758611,N/A,Review,0.8
L000044,55.0,0.9993117,0.999572,0.999642,0.00016877422,4,0.13332652,2,0.5690912404077382,N/A,Review,0.8
L000044,,0.9985424,0.99936694,0.99955624,9.223017e-05,4,0.13085128,3,0.5934030851829712,N/A,Review,0.8
L000044,57.0,0.99927336,0.9996012,0.99969375,5.5996148e-05,4,0.10264016,2,0.5895428007113217,N/A,Review,0.8
L000044,58.0,0.9992219,0.9995554,0.9996573,8.572244e-05,4,0.095165975,2,0.6289247643287345,N/A,Review,0.8
L000044,59.0,0.9993388,0.99959964,0.99963665,8.5199645e-05,4,0.10467331,1,0.5837469748079188,N/A,Review,0.8
L000044,60.0,0.99932754,0.9997557,0.9996805,4.3669355e-05,4,0.022032361,1,0.5280809891018441,N/A,Review,0.8
L000044,61.0,0.9993235,0.99959224,0.99963737,9.239179e-05,4,0.06676262,1,0.6181821661754316,N/A,Review,0.8
L000044,62.0,0.9988397,0.99934345,0.9997166,0.00015440091,4,0.28907314,1,0.6750829812900593,N/A,Review,0.8
L000044,63.0,0.99913496,0.9995136,0.99969316,8.70622e-05,4,0.15400326,1,0.5086407575484785,N/A,Review,0.8
L000044,64.0,0.9991074,0.999408,0.9996953,0.00013581444,4,0.2654721,3,0.5696523477792121,N/A,Review,0.8
L000044,65.0,0.9991542,0.99943393,0.99971694,0.00023648007,4,0.36878327,1,0.5380413511474276,N/A,Review,0.8
L000044,66.0,0.9989712,0.9993825,0.9997098,0.000111961956,4,0.09395705,3,0.5651114742648453,N/A,Review,0.8
L000044,67.0,0.9990246,0.9994066,0.99972326,0.00012859212,4,0.19059736,1,0.542890118522249,N/A,Review,0.8
L000044,,0.9986519,0.9989196,0.99959093,0.000251205,4,0.028555173,1,0.6237795159773172,N/A,Review,0.8
L000044,69.0,0.9990914,0.999303,0.9996604,0.0002417898,4,0.3943645,1,0.7166857725681477,N/A,Review,0.8
L000044,70.0,0.99893874,0.99945825,0.999684,0.00022627294,4,0.035444714,1,0.7544334972934303,N/A,Review,0.8
L000044,71.0,0.99901104,0.9992999,0.99966,0.0001081182,4,0.45381674,1,0.5694424876157984,N/A,Review,0.8
L000044,72.0,0.9963174,0.9978728,0.9976755,0.00016404399,4,0.07082764,1,0.6401488448101791,N/A,Review,0.8
L000044,73.0,0.9990885,0.9994369,0.9997273,0.00011731725,4,0.07305566,1,0.6326672929865078,N/A,Review,0.8
L000044,74.0,0.99917716,0.99940145,0.999696,0.00015042936,4,0.07669111,0,0.696519533631722,N/A,Review,0.8
L000044,75.0,0.99906415,0.99934703,0.999746,7.330942e-05,4,0.05584243,0,0.6566878728375412,N/A,Review,0.8
L000044,76.0,0.9992187,0.999228,0.9996462,5.962921e-05,4,0.04061058,1,0.6397809687065559,N/A,Review,0.8
L000044,77.0,0.9992556,0.9994723,0.9996697,0.00020743087,4,0.11364874,0,0.649508043089406,N/A,Review,0.8
L000044,78.0,0.99913776,0.9993204,0.9997042,0.00010086662,4,0.016264103,0,0.6923139921624506,N/A,Review,0.8
L000044,79.0,0.99861646,0.99928916,0.9996018,0.0001259507,4,0.014487885,0,0.7192017254782267,N/A,Review,0.8
L000044,80.0,0.99911267,0.9996092,0.99968874,0.00017359959,4,0.17346577,0,0.7394663164583051,N/A,Review,0.8
L000045,0.0,0.03961944,0.04848961,0.050696187,0.57809544,3,0.19047448,3,0.5954144671046434,N/A,Review,0.8
L000045,1.0,0.030100713,0.045298282,0.04132671,0.6233738,3,0.36242613,3,0.4799775340551088,N/A,Review,0.8
L000045,2.0,0.035356257,0.053943694,0.03746934,0.7670705,3,0.4939861,3,0.4912786377080076,N/A,Review,0.8
L000045,3.0,0.0334511,0.080669366,0.03135362,0.5219475,3,0.14113848,3,0.4563084063612917,N/A,Review,0.8
L000045,4.0,0.034120843,0.040077735,0.024344932,0.60595566,3,0.25179607,3,0.47152687482560524,N/A,Review,0.8
L000045,5.0,0.9955065,0.99770844,0.02369358,0.001184826,0,0.26454434,3,0.567662584395606,N/A,Review,0.8
L000045,6.0,0.9961068,0.9984285,0.022863591,0.00028008677,0,0.41504633,3,0.5639993709606255,N/A,Review,0.8
L000045,7.0,0.9969881,0.9987708,0.032163303,0.00018458716,0,0.1783779,2,0.530420744901738,N/A,Review,0.8
L000045,8.0,0.9969998,0.9984511,0.018259605,0.00020001842,0,0.49154273,0,0.5156750134596202,N/A,Review,0.8
L000045,9.0,0.99686867,0.9990221,0.020923726,0.00020668104,0,0.49815497,0,0.4973049073246622,N/A,Review,0.8
L000045,10.0,0.99710625,0.99902916,0.026146887,0.0004811298,0,0.34022945,0,0.47617287431832145,N/A,Review,0.8
L000045,11.0,0.9964234,0.99913627,0.023434984,0.00033020152,0,0.28162152,3,0.4549555396418131,N/A,Review,0.8
L000045,12.0,0.99660635,0.9989354,0.030435152,0.00027639366,0,0.18433088,0,0.5001216793877072,N/A,Review,0.8
L000045,13.0,0.99458104,0.99855536,0.9893115,0.00025410624,1,0.24653856,0,0.47082203946998114,N/A,Review,0.8
L000045,14.0,0.99530256,0.9987122,0.9956591,0.00018490318,1,0.27223247,0,0.4447841825301192,N/A,Review,0.8
L000045,,0.9972307,0.99917465,0.9957054,0.0005100904,1,0.30420616,0,0.48970925221305717,N/A,Review,0.8
L000045,16.0,0.99665266,0.9982262,0.9953334,0.0002336401,1,0.09487327,0,0.38504014059843483,N/A,Review,0.8
L000045,17.0,0.9978522,0.9984316,0.9978824,0.00053488556,1,0.13002552,0,0.4758586782648595,N/A,Review,0.8
L000045,18.0,0.9967968,0.9984535,0.99692947,0.00034699266,1,0.15738553,0,0.47382126630080357,N/A,Review,0.8
L000045,19.0,0.9954353,0.9983139,0.99511826,0.001549689,1,0.21218438,0,0.400298367193068,N/A,Review,0.8
L000045,20.0,0.9963159,0.9980356,0.9959941,0.0010627477,1,0.26408595,1,0.46445919905142313,N/A,Review,0.8
L000045,21.0,0.99699926,0.99913603,0.9989868,0.00060892786,2,0.334606,1,0.41888354925733523,N/A,Review,0.8
L000045,22.0,0.99628,0.9978073,0.99885416,0.00029883382,2,0.19120863,1,0.4106216025413627,N/A,Review,0.8
L000045,23.0,0.9973519,0.999067,0.9993382,0.00058043434,2,0.34403747,0,0.6462109534878682,N/A,Review,0.8
L000045,24.0,0.9979481,0.9994487,0.9993899,0.0003629504,2,0.42064935,0,0.5220493703379094,N/A,Review,0.8
L000045,25.0,0.99794537,0.9994467,0.9993814,0.0004561037,2,0.32697672,0,0.5267260504900212,N/A,Review,0.8
L000045,26.0,0.995748,0.9989255,0.99941576,0.0016845176,4,0.23259413,2,0.48970094627015226,N/A,Review,0.8
L000045,27.0,0.9989102,0.9997999,0.99952865,0.0017436758,4,0.24213035,0,0.602858023822761,N/A,Review,0.8
L000045,28.0,0.99853873,0.99964106,0.99951255,0.00045935845,4,0.12691219,0,0.6442535393375245,N/A,Review,0.8
L000045,29.0,0.9989724,0.9995771,0.99954104,0.0005876984,4,0.10309041,0,0.6555614851692324,N/A,Review,0.8
L000045,30.0,0.99855024,0.9995283,0.99952924,0.00026782273,4,0.19350281,0,0.5218594224881579,N/A,Review,0.8
L000045,31.0,0.99871147,0.99951124,0.99956554,0.0002859699,4,0.19760498,0,0.5868978277924048,N/A,Review,0.8
L000045,32.0,0.99861395,0.999665,0.9995204,0.0004693023,4,0.23903885,0,0.5169375998512782,N/A,Review,0.8
L000045,33.0,0.99867046,0.99967957,0.9995364,0.00025809696,4,0.13241951,0,0.5066240816562809,N/A,Review,0.8
L000045,34.0,0.9988594,0.99966705,0.9995652,0.00047434875,4,0.15296696,0,0.4908085358798599,N/A,Review,0.8
L000045,35.0,0.99888045,0.9996499,0.9995937,0.0002726626,4,0.18708193,0,0.5186367981082777,N/A,Review,0.8
L000045,36.0,0.99871695,0.9995845,0.9996018,0.00011102795,4,0.22113821,0,0.5218466218973621,N/A,Review,0.8
L000045,37.0,0.9960012,0.9991559,0.99544924,0.00062644103,4,0.13697244,0,0.5175193843120005,N/A,Review,0.8
L000045,38.0,0.99842584,0.99966204,0.999553,0.00021212873,4,0.24752396,0,0.49168617389849667,N/A,Review,0.8
L000045,39.0,0.99895215,0.999571,0.9995353,0.00018359612,4,0.07913852,3,0.7060196970605869,N/A,Review,0.8
L000045,40.0,0.99913317,0.9995291,0.99951637,0.00010439305,4,0.2721299,0,0.48705766238514336,N/A,Review,0.8
L000045,41.0,0.9990408,0.9996656,0.9995283,0.00033604397,4,0.15221253,0,0.5326407345933561,N/A,Review,0.8
L000045,42.0,0.99923027,0.99964607,0.9995415,0.0003744558,4,0.100229226,0,0.5197534365817109,N/A,Review,0.8
L000045,43.0,0.9991204,0.99965465,0.9995534,0.00018882427,4,0.1730722,3,0.6797915363760574,N/A,Review,0.8
L000045,44.0,0.9990989,0.9996158,0.99955565,8.651573e-05,4,0.12240191,3,0.5546943496874991,N/A,Review,0.8
L000045,45.0,0.9992106,0.9995352,0.99959487,0.00035292126,4,0.12500429,0,0.5227996529626255,N/A,Review,0.8
L000045,46.0,0.9987802,0.9994286,0.9995964,0.00017804097,4,0.0995856,0,0.534310184754293,N/A,Review,0.8
L000045,47.0,0.9988703,0.9994492,0.9995364,0.00014202377,4,0.11864553,0,0.5369785382645399,N/A,Review,0.8
L000045,48.0,0.99917454,0.9995597,0.9995455,0.0002190783,4,0.23008978,0,0.4962824342304466,N/A,Review,0.8
L000045,,0.99864906,0.9995709,0.9995172,0.000337261,4,0.060549974,0,0.5868695131256286,N/A,Review,0.8
L000045,50.0,0.999113,0.9996099,0.99954456,0.00020766478,4,0.07626933,0,0.5365252534318116,N/A,Review,0.8
L000045,51.0,0.9987997,0.999577,0.9995509,0.000115851595,4,0.042877935,0,0.5992551369726286,N/A,Review,0.8
L000045,52.0,0.998931,0.9996289,0.9995372,0.0003167445,4,0.13433263,0,0.5489866907431139,N/A,Review,0.8
L000045,53.0,0.9990074,0.99957067,0.999554,0.00027025284,4,0.10111751,0,0.5506199165477703,N/A,Review,0.8
L000045,54.0,0.9986426,0.99953496,0.9994868,0.00025205885,4,0.07905849,0,0.5570991628562423,N/A,Review,0.8
L000045,55.0,0.99924797,0.9996131,0.99953246,0.00024590065,4,0.18660845,1,0.5639169908630803,N/A,Review,0.8
L000045,56.0,0.998679,0.9995845,0.9995067,0.00011697153,4,0.11026349,0,0.5838891730008844,N/A,Review,0.8
L000045,57.0,0.9991253,0.99975914,0.9995697,0.00019305186,4,0.31670237,1,0.526464271176281,N/A,Review,0.8
L000045,58.0,0.9990644,0.9997002,0.99955064,0.00014156637,4,0.29504392,0,0.5688104369732363,N/A,Review,0.8
L000045,59.0,0.99896455,0.9996455,0.9995559,0.00015694913,4,0.10051607,0,0.5815791992163148,N/A,Review,0.8
L000045,,0.99839693,0.999519,0.99951017,0.00018876902,4,0.07179169,1,0.5674310241976542,N/A,Review,0.8
L000045,61.0,0.9991696,0.9996055,0.9995467,0.00018252265,4,0.053690434,0,0.6252337622434978,N/A,Review,0.8
L000045,62.0,0.9989748,0.9996637,0.9995646,0.00014492152,4,0.139189,1,0.5714998477967385,N/A,Review,0.8
L000045,63.0,0.99920887,0.9995839,0.9995882,0.0001624863,4,0.1807667,1,0.5566389344278855,N/A,Review,0.8
L000045,64.0,0.9988508,0.99969804,0.9995528,0.00017814896,4,0.15562728,1,0.5713886918799173,N/A,Review,0.8
L000045,65.0,0.9960918,0.99906236,0.9958495,0.00025685065,4,0.0642292,1,0.6394451039705311,N/A,Review,0.8
L000045,66.0,0.9988815,0.9997037,0.9995528,0.00015436206,4,0.2769408,2,0.6072545541213639,N/A,Review,0.8
L000045,67.0,0.99922574,0.99973327,0.9995521,0.00022956908,4,0.17742877,1,0.6509526250387536,N/A,Review,0.8
L000045,68.0,0.99905854,0.9997639,0.99958044,0.00015944678,4,0.19782892,1,0.6049465472013479,N/A,Review,0.8
L000045,69.0,0.99944836,0.9995902,0.99956304,0.00021832864,4,0.3766372,2,0.6549934050226924,N/A,Review,0.8
L000045,70.0,0.9990194,0.9995919,0.99951625,0.00014626076,4,0.102878615,2,0.6929039432178975,N/A,Review,0.8
L000045,71.0,0.9991997,0.9996457,0.9995658,0.00011894779,4,0.053625528,2,0.7151518457008604,N/A,Review,0.8
L000045,72.0,0.9992373,0.9996984,0.9995492,0.00027234256,4,0.051615257,1,0.6991748960983799,N/A,Review,0.8
L000045,73.0,0.9991443,0.99973637,0.9995123,0.0001092593,4,0.17942607,2,0.7199606791951636,N/A,Review,0.8
L000045,74.0,0.99883336,0.9996908,0.99952316,0.000101226324,4,0.21446767,1,0.7280743718655192,N/A,Review,0.8
L000045,75.0,0.999141,0.99976593,0.9995198,0.00022724782,4,0.14341596,1,0.6503867853712203,N/A,Review,0.8
L000045,,0.99856144,0.999539,0.99951017,0.0001534939,4,0.050424676,1,0.775681105332159,N/A,Review,0.8
L000045,77.0,0.9991779,0.9996493,0.9995559,0.00014782761,4,0.019946884,0,0.7976782197568318,N/A,Review,0.8
L000045,78.0,0.99907124,0.9997305,0.9995297,9.245577e-05,4,0.07072898,0,0.7658491067982562,N/A,Review,0.8
L000058,,0.031100279,0.031141901,0.025030455,0.5542096,3,0.5959776,2,0.5138920993530125,N/A,Review,0.8
L000058,1.0,0.04360349,0.036190573,0.046868276,0.061855532,3,0.080922775,3,0.6618441830342298,N/A,Review,0.8
L000058,2.0,0.01589185,0.031955633,0.029816797,0.61587065,3,0.049629714,3,0.5466056666011725,N/A,Review,0.8
L000058,3.0,0.994362,0.99295217,0.021959793,0.001148801,0,0.079235196,3,0.5808504965777039,N/A,Review,0.8
L000058,4.0,0.99593085,0.99680007,0.03150213,0.0014361728,0,0.07035192,0,0.5444581080079808,N/A,Review,0.8
L000058,5.0,0.99677175,0.9979437,0.02580219,0.000471809,0,0.23608358,2,0.45400849832650697,N/A,Review,0.8
L000058,6.0,0.997698,0.9965209,0.027340585,0.0003432424,0,0.20308496,0,0.4889712730876657,N/A,Review,0.8
L000058,7.0,0.9971527,0.99656147,0.02282521,0.00028087484,0,0.18166168,0,0.5100268221754009,N/A,Review,0.8
L000058,8.0,0.99692935,0.99523634,0.014795817,0.00023760402,0,0.10414633,2,0.40826207213783605,N/A,Review,0.8
L000058,9.0,0.9940025,0.9920129,0.9750549,0.00037780628,1,0.43089807,2,0.4445231472307871,N/A,Review,0.8
L000058,,0.6547242,0.5862378,0.641493,0.021611808,5,0.4166606,0,0.6480968736665833,N/A,Review,0.8
L000058,11.0,0.98729277,0.98848397,0.9929677,0.0020569682,5,0.13807221,2,0.6195616892542517,N/A,Review,0.8
L000058,12.0,0.9757632,0.96689177,0.9900428,0.0013172608,5,0.06684678,0,0.6961038938758808,N/A,Review,0.8
L000058,13.0,0.9815015,0.962265,0.99082476,0.004624195,5,0.1500809,0,0.6954659433882914,N/A,Review,0.8
L000058,14.0,0.98272747,0.9682226,0.9951212,0.0005852423,5,0.16221721,0,0.6767993945418334,N/A,Review,0.8
L000058,15.0,0.9816072,0.980835,0.9958688,0.00060123624,5,0.17944323,0,0.6371935978845581,N/A,Review,0.8
L000058,16.0,0.9847291,0.98235816,0.99444973,0.001062188,5,0.20198023,0,0.6068933764014175,N/A,Review,0.8
L000058,17.0,0.6585737,0.3157993,0.69295293,0.08849389,5,0.20174098,0,0.5758602589942936,N/A,Review,0.8
L000058,18.0,0.9859292,0.96649617,0.99478596,0.0019031976,5,0.24676731,0,0.60543351269022,N/A,Review,0.8
L000058,19.0,0.9808452,0.9817293,0.9937435,0.0015302671,5,0.48429134,0,0.6393868072704708,N/A,Review,0.8
L000058,20.0,0.9786185,0.971306,0.995073,0.0014477685,5,0.14815566,0,0.6736554659217149,N/A,Review,0.8
L000058,21.0,0.9816342,0.95325327,0.9946518,0.000506153,5,0.21179883,0,0.6418820775528563,N/A,Review,0.8
L000058,22.0,0.9835174,0.97497106,0.99659365,0.00096969283,5,0.35246092,0,0.6350622389386422,N/A,Review,0.8
L000058,23.0,0.6254551,0.59381145,0.7872969,0.01187133,5,0.26093054,0,0.6246044627767136,N/A,Review,0.8
L000058,24.0,0.9785392,0.98425007,0.9970343,0.0024037997,5,0.16572753,0,0.6708006774135836,N/A,Review,0.8
L000058,25.0,0.9818225,0.9627241,0.9969469,0.0020491984,5,0.12499912,0,0.6191045186745835,N/A,Review,0.8
L000058,,0.98191476,0.9683129,0.9965342,0.002386652,5,0.22009635,0,0.6787276384534575,N/A,Review,0.8
L000058,27.0,0.98337847,0.978844,0.99622214,0.0013483635,5,0.1836295,0,0.6265825109415424,N/A,Review,0.8
L000058,28.0,0.98271805,0.98489374,0.99692434,0.0011336571,5,0.056916285,0,0.7040344184725402,N/A,Review,0.8
L000058,29.0,0.98685384,0.983937,0.996316,0.00054097676,5,0.11295689,0,0.6770455686380885,N/A,Review,0.8
L000058,30.0,0.98475987,0.98606956,0.9964064,0.0004477506,5,0.09500042,0,0.712239206061306,N/A,Review,0.8
L000058,31.0,0.9877429,0.9847655,0.99640393,0.0015172296,5,0.082401246,0,0.6466039375413066,N/A,Review,0.8
L000058,32.0,0.98975694,0.9881136,0.99592835,0.00061949407,5,0.07176249,1,0.6896447110370687,N/A,Review,0.8
L000058,33.0,0.9811792,0.9911986,0.99551815,0.00031376808,5,0.025669312,0,0.6439696727249136,N/A,Review,0.8
L000058,34.0,0.74566793,0.71442735,0.7841002,0.00399659,5,0.117943026,0,0.5863331651338219,N/A,Review,0.8
L000058,35.0,0.9836775,0.9886165,0.99710363,0.000652708,5,0.12079993,1,0.7170747007409966,N/A,Review,0.8
L000058,36.0,0.982092,0.9874765,0.99753714,0.0005593443,5,0.043034345,1,0.7237670545384141,N/A,Review,0.8
L000058,37.0,0.9855882,0.9901659,0.996507,0.00045107797,5,0.054046042,1,0.7191394081969278,N/A,Review,0.8
L000058,38.0,0.98825115,0.9888123,0.9959254,0.0012862558,5,0.058554254,1,0.7236974930382398,N/A,Review,0.8
L000058,39.0,0.7724114,0.7674276,0.7953459,0.007937694,5,0.12736544,1,0.6763249463635779,N/A,Review,0.8
L000058,40.0,0.9861653,0.98927164,0.9970906,0.00039928674,5,0.062808365,0,0.72419021021514,N/A,Review,0.8
L000058,41.0,0.98927015,0.9888988,0.9972011,0.00071986456,5,0.073265284,0,0.7170317971384985,N/A,Review,0.8
L000058,42.0,0.9846465,0.98996335,0.99800295,0.00045278546,5,0.04760321,0,0.7506646704471405,N/A,Review,0.8
L000058,,0.979471,0.9842344,0.99764806,0.00019842642,5,0.13965018,0,0.7609504400745947,N/A,Review,0.8
L000058,44.0,0.98985696,0.9874084,0.99735886,0.00016215014,5,0.10602681,0,0.7448386212773505,N/A,Review,0.8
L000058,45.0,0.9908002,0.98679626,0.99735886,0.00035669084,5,0.20250255,0,0.7480352946614579,N/A,Review,0.8
L000058,46.0,0.9918761,0.986019,0.9973847,0.0002261638,5,0.087763965,0,0.7877283630537382,N/A,Review,0.8
L000058,,0.9840416,0.979529,0.9975134,0.00044084323,5,0.054968245,0,0.7659833963982694,N/A,Review,0.8
L000058,48.0,0.9886361,0.9894951,0.998312,0.00016645346,5,0.06891476,0,0.797319294999792,N/A,Review,0.8
L000058,49.0,0.9913796,0.99107176,0.9972389,0.0001058675,5,0.03483427,0,0.7534677957198479,N/A,Review,0.8
L000058,50.0,0.9916558,0.99100107,0.9974567,0.00019767354,5,0.037809577,0,0.7893633437969292,N/A,Review,0.8
L000058,51.0,0.98965186,0.99291766,0.99807525,0.00021175468,5,0.069986664,0,0.7734888230551747,N/A,Review,0.8
L000058,52.0,0.7694975,0.8477473,0.90071285,0.001162302,5,0.06262251,0,0.725928442069539,N/A,Review,0.8
L000058,53.0,0.9198424,0.9053952,0.97308975,0.00095270126,5,0.09109787,0,0.7827428477941171,N/A,Review,0.8
L000058,54.0,0.9906749,0.9907007,0.9967866,7.31297e-05,5,0.02280167,0,0.7425758989143868,N/A,Review,0.8
L000058,55.0,0.987405,0.9925487,0.99792767,5.421564e-05,5,0.015374196,0,0.8005286939145921,N/A,Review,0.8
L000058,56.0,0.9916773,0.9921365,0.99756193,0.00015281161,5,0.39146745,0,0.8479331639839229,N/A,Review,0.8
L000058,57.0,0.99154353,0.9917996,0.99762076,0.000111752466,5,0.38724193,0,0.8318079455179825,N/A,Review,0.8
L000058,58.0,0.9310124,0.94328064,0.98364484,0.0015238894,5,0.22318271,2,0.8667133752346182,N/A,Review,0.8
L000058,,0.7203471,0.70894265,0.848656,0.021759966,5,0.19717303,0,0.6162710453407402,N/A,Review,0.8
L000058,,0.9893552,0.9886996,0.9965815,0.0026285094,5,0.089622214,2,0.8459014384501364,N/A,Review,0.8
L000058,61.0,0.99276924,0.9924615,0.99683255,0.0006643374,5,0.06908781,2,0.8229480908378879,N/A,Review,0.8
L000058,62.0,0.86342835,0.86150247,0.95732147,0.0029902533,5,0.035703868,3,0.7662893360033705,N/A,Review,0.8
L000058,63.0,0.9891683,0.9890878,0.99665135,0.00066833885,5,0.076176144,3,0.8181646958695723,N/A,Review,0.8
L000058,64.0,0.99005073,0.98643744,0.9957288,0.0007547792,5,0.043913953,3,0.8076789209094859,N/A,Review,0.8
L000058,65.0,0.94055545,0.8798037,0.9562034,0.036725953,5,0.10086081,2,0.7587272410634064,N/A,Review,0.8
L000058,66.0,0.990306,0.9889142,0.99533623,0.0007273039,5,0.1178453,2,0.8472663624248873,N/A,Review,0.8
L000058,67.0,0.98834884,0.9874607,0.9965125,0.00055008574,5,0.13902858,2,0.7761651365868714,N/A,Review,0.8
L000058,68.0,0.9874751,0.9883519,0.9966702,0.0006989833,5,0.37583357,2,0.8178360929279604,N/A,Review,0.8
L000062,0.0,0.043077312,0.026692467,0.035382777,0.25185773,3,0.5053207,2,0.5440313094533252,N/A,Review,0.8
L000062,1.0,0.032684878,0.013808039,0.027962143,0.7798312,3,0.24855506,3,0.4697912449435334,N/A,Review,0.8
L000062,2.0,0.031206327,0.020941963,0.024232369,0.8826402,3,0.42040166,3,0.43860531432069366,N/A,Review,0.8
L000062,3.0,0.043969866,0.019318324,0.013909342,0.85032874,3,0.10321801,3,0.4192175689289003,N/A,Review,0.8
L000062,4.0,0.022330234,0.027460022,0.016734296,0.7971777,3,0.09983076,2,0.44453310679776664,N/A,Review,0.8
L000062,5.0,0.0343302,0.013076623,0.01784384,0.87477595,3,0.22424126,3,0.3903268100774497,N/A,Review,0.8
L000062,6.0,0.034815203,0.011091689,0.016952587,0.65610826,3,0.22704652,3,0.35681621846114214,N/A,Review,0.8
L000062,7.0,0.038581066,0.017195748,0.023515807,0.44637674,3,0.29925823,2,0.5706108178651574,N/A,Review,0.8
L000062,8.0,0.048165966,0.05661277,0.0348483,0.14982265,3,0.20789908,2,0.3830158642993585,N/A,Review,0.8
L000062,9.0,0.027778676,0.018337976,0.019711958,0.63166505,3,0.38022736,2,0.3863957523612082,N/A,Review,0.8
L000062,10.0,0.031689268,0.01253012,0.014551483,0.76169,3,0.41095683,2,0.37368412049539107,N/A,Review,0.8
L000062,11.0,0.032181066,0.026123757,0.022369655,0.68082696,3,0.27783254,2,0.4077889813844713,N/A,Review,0.8
L000062,12.0,0.02975043,0.011067953,0.014135492,0.72760314,3,0.3801751,2,0.3676770779396405,N/A,Review,0.8
L000062,13.0,0.02329921,0.0141193075,0.0163505,0.60883015,3,0.31008705,2,0.5044507695115572,N/A,Review,0.8
L000062,14.0,0.022212913,0.016899379,0.018837197,0.55174303,3,0.39679402,2,0.3863920417370032,N/A,Review,0.8
L000062,15.0,0.056480546,0.043165743,0.015413468,0.5827637,3,0.36595628,2,0.39478918736518454,N/A,Review,0.8
L000062,16.0,0.99759835,0.99515176,0.03956654,0.00078755,0,0.4119658,2,0.4029557919117889,N/A,Review,0.8
L000062,,0.9979128,0.9975809,0.017444381,0.0010037659,0,0.27143428,2,0.4254514770643854,N/A,Review,0.8
L000062,18.0,0.99761546,0.997619,0.014049953,0.00069856714,0,0.27146247,2,0.4568142150817416,N/A,Review,0.8
L000062,19.0,0.99827075,0.9979487,0.026996251,0.0009244983,0,0.3552967,0,0.4217371306062994,N/A,Review,0.8
L000062,20.0,0.9947759,0.99557805,0.03394403,0.00089515065,0,0.21775961,0,0.37245447952005845,N/A,Review,0.8
L000062,21.0,0.9972657,0.9983542,0.012421457,0.00038130174,0,0.1485068,0,0.41319336197000234,N/A,Review,0.8
L000062,22.0,0.99794406,0.99840254,0.014246258,0.0014919249,0,0.25155976,2,0.39824353307425675,N/A,Review,0.8
L000062,,0.998111,0.9975688,0.012111449,0.00052120886,0,0.38382053,2,0.36441067747531,N/A,Review,0.8
L000062,24.0,0.9982627,0.99783474,0.012936519,0.0005020222,0,0.53326166,2,0.35612679728867846,N/A,Review,0.8
L000062,,0.99853253,0.99555725,0.018834589,0.0006024626,0,0.4437523,2,0.4063742763052602,N/A,Review,0.8
L000062,26.0,0.99654096,0.9959145,0.018371865,0.0006214538,0,0.28032926,2,0.39377721144171685,N/A,Review,0.8
L000062,27.0,0.99674004,0.9980544,0.024308315,0.00047199702,0,0.15322639,2,0.45935600412044697,N/A,Review,0.8
L000062,28.0,0.9965371,0.99782974,0.022892645,0.000675925,0,0.27357897,2,0.5640988670147482,N/A,Review,0.8
L000062,29.0,0.9963511,0.99692047,0.020570913,0.0004865143,0,0.19963676,2,0.46831044381266473,N/A,Review,0.8
L000062,,0.9965564,0.9957074,0.016307183,0.00066862174,0,0.34716433,2,0.3997107874824466,N/A,Review,0.8
L000062,31.0,0.99684876,0.9970499,0.015893513,0.00045387982,0,0.23543899,2,0.4486852090982722,N/A,Review,0.8
L000062,32.0,0.99659747,0.9959066,0.014498857,0.00052646606,0,0.34112757,2,0.4174808738826502,N/A,Review,0.8
L000062,33.0,0.99735034,0.99667394,0.02150756,0.00056648115,0,0.38954446,2,0.39426417008766623,N/A,Review,0.8
L000062,34.0,0.9950053,0.9942257,0.037698466,0.0019491202,0,0.3809236,2,0.5422889347072507,N/A,Review,0.8
L000062,35.0,0.9933397,0.9961526,0.048236214,0.00056574517,0,0.33046323,2,0.45047937201358845,N/A,Review,0.8
L000062,36.0,0.9964187,0.99729604,0.020704642,0.00054690737,0,0.26731023,2,0.4905798116668656,N/A,Review,0.8
L000062,37.0,0.99788386,0.99777895,0.013137749,0.0005400126,0,0.1388352,2,0.4952259672222741,N/A,Review,0.8
L000062,38.0,0.9945734,0.99463767,0.027970878,0.00069821643,0,0.16235605,2,0.46125782164421425,N/A,Review,0.8
L000062,39.0,0.9941744,0.9953295,0.97531044,0.00044038077,1,0.11526076,2,0.5016935373576823,N/A,Review,0.8
L000062,40.0,0.99723476,0.99498075,0.9930332,0.00026169757,1,0.08437155,2,0.4926066440369843,N/A,Review,0.8
L000062,41.0,0.99730057,0.9950258,0.99452484,0.00055322854,1,0.21543321,1,0.4816913805609666,N/A,Review,0.8
L000062,42.0,0.9973176,0.99750924,0.9990068,0.00015835618,2,0.10611403,1,0.47228136286676714,N/A,Review,0.8
L000062,43.0,0.99685466,0.9953193,0.99816114,0.000109044355,2,0.19200914,2,0.4782625389950621,N/A,Review,0.8
L000062,44.0,0.9978423,0.9983802,0.9991491,8.242206e-05,4,0.43560538,2,0.6162712089687491,N/A,Review,0.8
L000062,45.0,0.9987974,0.9989073,0.9993857,7.75421e-05,4,0.23294915,2,0.6223145503288567,N/A,Review,0.8
L000062,46.0,0.99932253,0.9986947,0.99961746,6.4732245e-05,4,0.19998859,0,0.5606526428187849,N/A,Review,0.8
L000062,47.0,0.999332,0.9990243,0.9995696,5.3898148e-05,4,0.45599464,2,0.6099325901591478,N/A,Review,0.8
L000062,48.0,0.99910563,0.9992212,0.99958295,8.9255154e-05,4,0.19100726,0,0.5284501364181494,N/A,Review,0.8
L000062,49.0,0.9989987,0.99933535,0.9995907,5.8670154e-05,4,0.22428262,2,0.47244191528907,N/A,Review,0.8
L000062,50.0,0.9993318,0.9993261,0.9995895,9.632812e-05,4,0.23159763,0,0.46559531783472474,N/A,Review,0.8
L000062,51.0,0.9991849,0.99958843,0.9996172,9.038014e-05,4,0.20419835,2,0.4784682092539597,N/A,Review,0.8
L000062,52.0,0.99923897,0.999532,0.9995596,6.435544e-05,4,0.22815351,2,0.4255321097814184,N/A,Review,0.8
L000062,53.0,0.9989833,0.99961275,0.99954337,6.0742856e-05,4,0.047575016,0,0.5059291730040696,N/A,Review,0.8
L000062,54.0,0.9993315,0.99937063,0.9995591,7.131142e-05,4,0.227652,0,0.4994348141136361,N/A,Review,0.8
L000062,55.0,0.99889034,0.99937326,0.99950135,8.556775e-05,4,0.08937224,2,0.6111538650340067,N/A,Review,0.8
L000062,56.0,0.9966384,0.9981286,0.99509096,0.00018953752,4,0.27888334,2,0.4561806938902972,N/A,Review,0.8
L000062,57.0,0.99890447,0.99935323,0.99950635,7.719549e-05,4,0.15987833,2,0.4638804690809091,N/A,Review,0.8
L000062,,0.9906933,0.9953092,0.9945872,0.00040766445,4,0.033147678,2,0.5608737164792257,N/A,Review,0.8
L000062,59.0,0.9990983,0.99945265,0.99947196,0.00011149902,4,0.43071553,2,0.5098173404099434,N/A,Review,0.8
L000062,60.0,0.99920577,0.9992907,0.99955314,0.000119807235,4,0.2235174,2,0.488290355093164,N/A,Review,0.8
L000062,61.0,0.99920243,0.9993006,0.9995666,0.00018998154,4,0.094086155,2,0.46252447123466534,N/A,Review,0.8
L000062,62.0,0.9990127,0.9994506,0.9995696,9.6810465e-05,4,0.052358277,2,0.529482798915849,N/A,Review,0.8
L000062,63.0,0.9990588,0.9993864,0.9995432,0.00011821372,4,0.15421954,2,0.5304306181871795,N/A,Review,0.8
L000062,,0.9982126,0.9988187,0.9995297,0.00014970373,4,0.01617544,2,0.5897739955244277,N/A,Review,0.8
L000062,65.0,0.9991177,0.9992471,0.99956435,0.000105182444,4,0.104876235,2,0.4972201075935783,N/A,Review,0.8
L000062,66.0,0.9992836,0.99936205,0.99954057,7.7519326e-05,4,0.2711191,2,0.5211587381135112,N/A,Review,0.8
L000062,67.0,0.99670804,0.9981604,0.9953566,9.089561e-05,4,0.13587399,2,0.5738718213810776,N/A,Review,0.8
L000062,68.0,0.9993262,0.9994031,0.9995552,7.2614144e-05,4,0.34261268,2,0.5502195592362834,N/A,Review,0.8
L000066,,0.019695062,0.029881718,0.021741558,0.23567149,3,0.13223195,1,0.5275651655367267,N/A,Review,0.8
L000066,1.0,0.01876348,0.02352337,0.06572525,0.057135914,3,0.18638958,0,0.44911550344788254,N/A,Review,0.8
L000066,2.0,0.017239578,0.02187643,0.0425055,0.10202869,3,0.67055565,0,0.4549858590757305,N/A,Review,0.8
L000066,3.0,0.016262807,0.015220386,0.06952057,0.48823547,3,0.2515855,3,0.5849918476038287,N/A,Review,0.8
L000066,4.0,0.016343677,0.024140008,0.05811832,0.16106196,3,0.26203415,0,0.4471691370075605,N/A,Review,0.8
L000066,5.0,0.016025959,0.027062006,0.069813594,0.48502722,3,0.2770627,0,0.4439147721665133,N/A,Review,0.8
L000066,6.0,0.99536455,0.994269,0.07612483,0.0012879604,0,0.42864996,3,0.6425301043075442,N/A,Review,0.8
L000066,,0.9963599,0.99790984,0.04088735,0.00017511997,0,0.1649663,0,0.5532416161131257,N/A,Review,0.8
L000066,8.0,0.99141383,0.99411446,0.99249285,0.0006036507,1,0.24620661,2,0.5347919506670066,N/A,Review,0.8
L000066,9.0,0.9949877,0.9963748,0.9939516,0.0016099941,1,0.23484293,3,0.6658607709604912,N/A,Review,0.8
L000066,10.0,0.99543697,0.9973236,0.9952561,0.0013804875,1,0.14553845,3,0.4900501863793807,N/A,Review,0.8
L000066,11.0,0.9943743,0.996546,0.99756503,0.001414502,1,0.12004038,0,0.49098482498225204,N/A,Review,0.8
L000066,,0.9953849,0.9969432,0.99592555,0.0007688254,1,0.2953973,0,0.46501206163992326,N/A,Review,0.8
L000066,13.0,0.94066155,0.97181195,0.98383635,0.010457252,1,0.15025775,1,0.42702819680112647,N/A,Review,0.8
L000066,14.0,0.9947731,0.99541277,0.99616724,0.0002823397,1,0.21114892,0,0.4721026777670622,N/A,Review,0.8
L000066,,0.9954046,0.99569714,0.99436754,0.0004688996,1,0.27564687,0,0.43454151534755325,N/A,Review,0.8
L000066,16.0,0.99706703,0.9967997,0.99673826,0.00020071976,1,0.43543145,3,0.32575234863262414,N/A,Review,0.8
L000066,17.0,0.9952455,0.99059254,0.99381775,0.0007893416,1,0.27622962,2,0.4388796098045261,N/A,Review,0.8
L000066,18.0,0.99445325,0.9941789,0.9965661,0.0021263063,1,0.31846136,1,0.6024151269570102,N/A,Review,0.8
L000066,19.0,0.9941664,0.99397004,0.99662423,0.0012542558,1,0.23292214,1,0.47051774854175465,N/A,Review,0.8
L000066,20.0,0.9922266,0.99642926,0.9953159,0.0047283107,1,0.118317224,1,0.37742375157347313,N/A,Review,0.8
L000066,,0.8106574,0.95261365,0.97921455,0.009116341,1,0.1946164,1,0.42136922314050274,N/A,Review,0.8
L000066,22.0,0.99212354,0.99247336,0.99540097,0.00178236,1,0.3947476,1,0.426967520925039,N/A,Review,0.8
L000066,23.0,0.9920547,0.9962257,0.9953042,0.002385191,1,0.1777077,1,0.3871240715696094,N/A,Review,0.8
L000066,24.0,0.84929943,0.95599383,0.97871715,0.02426428,1,0.32154348,1,0.38805011791304655,N/A,Review,0.8
L000066,25.0,0.99424356,0.9950566,0.9955129,0.00079386646,1,0.16800448,1,0.46692556077756114,N/A,Review,0.8
L000066,26.0,0.98974496,0.98638445,0.9928804,0.001982781,1,0.3824451,1,0.3450667935517629,N/A,Review,0.8
L000066,27.0,0.9928669,0.99452,0.99434,0.001434853,1,0.30083287,1,0.35627188892116224,N/A,Review,0.8
L000066,28.0,0.9926398,0.99391794,0.9957767,0.0025884768,1,0.37947187,3,0.5668697672998442,N/A,Review,0.8
L000066,,0.99157387,0.9902193,0.9949591,0.0013546312,1,0.3504954,1,0.4425224075191527,N/A,Review,0.8
L000066,30.0,0.9935927,0.9968094,0.9953898,0.0033925793,1,0.11145617,1,0.376863248188096,N/A,Review,0.8
L000066,31.0,0.9959014,0.99493533,0.99876827,0.0014827593,2,0.20975246,1,0.4628017316565739,N/A,Review,0.8
L000066,32.0,0.9965094,0.99604297,0.99885523,0.0010192828,2,0.08692192,1,0.48366744908138704,N/A,Review,0.8
L000066,33.0,0.9957196,0.99819,0.99926823,0.0007577448,4,0.32187164,1,0.621779092381356,N/A,Review,0.8
L000066,34.0,0.99831116,0.998615,0.99947184,0.0005647759,4,0.36517555,1,0.5983615236861122,N/A,Review,0.8
L000066,,0.9976921,0.99799156,0.999461,0.00040753817,4,0.32869762,1,0.6131973670944821,N/A,Review,0.8
L000066,36.0,0.99801046,0.9985322,0.99947053,0.00024220535,4,0.32366687,1,0.6123519555791104,N/A,Review,0.8
L000066,37.0,0.99833727,0.9987295,0.9994029,0.0003496687,4,0.19566014,1,0.5824746392801037,N/A,Review,0.8
L000066,38.0,0.99831474,0.998137,0.9993666,0.00042354505,4,0.09538517,1,0.5476968504320933,N/A,Review,0.8
L000066,39.0,0.9983657,0.99864286,0.99942315,0.00032534494,4,0.17271514,3,0.431171895981093,N/A,Review,0.8
L000066,40.0,0.9985663,0.99883276,0.99945503,0.00021035048,4,0.18132155,1,0.47262505283282585,N/A,Review,0.8
L000066,,0.99861753,0.9986953,0.9993861,0.00057378615,4,0.022216212,3,0.603600991550362,N/A,Review,0.8
L000066,42.0,0.9986749,0.99898034,0.99949646,0.00028439076,4,0.09848532,3,0.4772030222275171,N/A,Review,0.8
L000066,43.0,0.99867404,0.9987343,0.99949086,0.00029986812,4,0.19310659,3,0.46366871311696195,N/A,Review,0.8
L000066,44.0,0.9988049,0.99879456,0.9995715,0.00028215026,4,0.12536769,3,0.456671155002294,N/A,Review,0.8
L000066,45.0,0.999209,0.9993309,0.9996469,0.0003533798,4,0.24290845,3,0.4074554051378875,N/A,Review,0.8
L000066,46.0,0.9985385,0.9986493,0.9995615,0.00032651017,4,0.15560733,3,0.4453021846583836,N/A,Review,0.8
L000066,47.0,0.9987527,0.998723,0.9995542,0.0004449091,4,0.16489002,3,0.47704738542538244,N/A,Review,0.8
L000066,48.0,0.99861705,0.99847406,0.9996222,0.00039844017,4,0.227276,3,0.4765756863259668,N/A,Review,0.8
L000066,49.0,0.9985298,0.99871695,0.9995561,0.00060353044,4,0.1555728,3,0.43606819234504773,N/A,Review,0.8
L000066,50.0,0.9985373,0.9989925,0.99953294,0.0003870728,4,0.14233422,3,0.5318987130919075,N/A,Review,0.8
L000066,51.0,0.998596,0.9988159,0.99956673,0.0003545631,4,0.10995747,2,0.5142743597560802,N/A,Review,0.8
L000066,52.0,0.9989599,0.99901927,0.99954,0.00039478898,4,0.33220392,1,0.4860443877376063,N/A,Review,0.8
L000066,53.0,0.99896157,0.9991949,0.9995357,0.0004990206,4,0.38550347,1,0.48143256605468054,N/A,Review,0.8
L000066,54.0,0.998672,0.99897265,0.99957615,0.00022348261,4,0.72943795,1,0.47720150547042073,N/A,Review,0.8
L000066,55.0,0.99859077,0.9991441,0.99952567,0.0007866889,4,0.62584877,1,0.5464782053143037,N/A,Review,0.8
L000066,56.0,0.9986206,0.99940157,0.99961334,0.00017921567,4,0.39415616,1,0.42141812130736983,N/A,Review,0.8
L000066,57.0,0.9965706,0.99877876,0.996546,0.0008383088,4,0.22489853,3,0.5208148247023165,N/A,Review,0.8
L000066,58.0,0.99896157,0.999311,0.9995413,0.000489876,4,0.5582097,1,0.5104137508616254,N/A,Review,0.8
L000066,59.0,0.99876463,0.9991386,0.9995389,0.0013703541,4,0.4171331,1,0.6774598424103511,N/A,Review,0.8
L000066,60.0,0.99896955,0.9992766,0.9995901,0.00042702814,4,0.3440092,2,0.5767724975891207,N/A,Review,0.8
L000066,61.0,0.9986518,0.9990613,0.99953616,0.0006614219,4,0.24524069,3,0.5338207229681113,N/A,Review,0.8
L000066,62.0,0.99845064,0.9991128,0.9994999,0.0010174187,4,0.17529006,3,0.6878527375733294,N/A,Review,0.8
L000066,63.0,0.9987703,0.9991862,0.99957293,0.00021701035,4,0.2681361,1,0.5701751782282288,N/A,Review,0.8
L000066,64.0,0.99885774,0.9991147,0.9995448,0.0004960428,4,0.21640925,1,0.5530671947217987,N/A,Review,0.8
L000066,65.0,0.99879223,0.99915206,0.99954945,0.0004277236,4,0.1922335,1,0.5934055940429874,N/A,Review,0.8
L000066,66.0,0.9985903,0.9990934,0.999561,0.00045461179,4,0.09006087,2,0.6104443125732041,N/A,Review,0.8
L000066,67.0,0.9988471,0.99913067,0.99960774,0.00069091405,4,0.35600078,1,0.5753160437344356,N/A,Review,0.8
L000066,68.0,0.9988009,0.99910873,0.9995732,0.00032201718,4,0.2118474,1,0.5978524978489594,N/A,Review,0.8
L000066,69.0,0.9986241,0.99877447,0.99957114,0.0004807381,4,0.102577396,2,0.6493031085058394,N/A,Review,0.8
L000066,70.0,0.99848795,0.99901307,0.9994653,0.00038871926,4,0.029672666,2,0.6026357863757301,N/A,Review,0.8
L000066,71.0,0.998727,0.99899346,0.9994867,0.00067259185,4,0.30730098,1,0.632121373493543,N/A,Review,0.8
L000066,72.0,0.99879116,0.9990402,0.9994986,0.00039494835,4,0.07444097,2,0.6295256343746829,N/A,Review,0.8
L000066,73.0,0.99896264,0.9989894,0.99952865,0.0005689101,4,0.16859917,1,0.6355536200491083,N/A,Review,0.8
L000066,74.0,0.99834526,0.9987331,0.9995221,0.00019980685,4,0.20979631,2,0.5954001787391543,N/A,Review,0.8
L000066,75.0,0.9986551,0.9992256,0.99951124,0.00029437558,4,0.028899282,0,0.6995122467655306,N/A,Review,0.8
L000066,76.0,0.99854714,0.99916947,0.9995198,0.00044287698,4,0.037404187,0,0.7670700715384444,N/A,Review,0.8
L000066,77.0,0.9989209,0.9993069,0.9995414,0.0006039157,4,0.14373145,0,0.6611024072099341,N/A,Review,0.8
L000066,78.0,0.9990664,0.99946517,0.9995895,0.0006176823,4,0.099870846,0,0.6987345495768187,N/A,Review,0.8
L000067,0.0,0.046195716,0.047987938,0.038229857,0.16985208,3,0.23610243,2,0.5296503143500075,N/A,Review,0.8
L000067,1.0,0.028408822,0.03354073,0.024730504,0.49849358,3,0.53425515,2,0.47131704500885907,N/A,Review,0.8
L000067,2.0,0.025787542,0.039298885,0.020860696,0.7676481,3,0.61322653,2,0.4555333518648864,N/A,Review,0.8
L000067,3.0,0.0592136,0.038138922,0.025260318,0.5894304,3,0.3988973,2,0.42224966340639547,N/A,Review,0.8
L000067,4.0,0.9956987,0.99589336,0.031383466,0.00047900103,0,0.16356176,2,0.5146837404136131,N/A,Review,0.8
L000067,5.0,0.9979479,0.9967583,0.038571805,0.00078962103,0,0.46287194,2,0.5063213167012095,N/A,Review,0.8
L000067,6.0,0.99740654,0.993769,0.046427198,0.000358857,0,0.32898843,2,0.4198744330877152,N/A,Review,0.8
L000067,7.0,0.9973513,0.99534744,0.046195913,0.00023689057,0,0.447593,2,0.504871393585819,N/A,Review,0.8
L000067,8.0,0.99840957,0.99730814,0.025776576,0.00066408736,0,0.45753062,2,0.43258727880067205,N/A,Review,0.8
L000067,9.0,0.998173,0.99704,0.029807266,0.00044666775,0,0.26224843,2,0.41871368962833894,N/A,Review,0.8
L000067,10.0,0.997426,0.99404716,0.040677767,0.0027178933,0,0.6226439,2,0.4225394877590685,N/A,Review,0.8
L000067,11.0,0.998292,0.9958643,0.01794261,0.0014995607,0,0.43107432,2,0.41816505108715474,N/A,Review,0.8
L000067,12.0,0.9979614,0.99638546,0.02197717,0.00052445836,0,0.40574878,2,0.39807115832350265,N/A,Review,0.8
L000067,13.0,0.99793696,0.994605,0.027254255,0.001114124,0,0.49284944,2,0.4002644879468695,N/A,Review,0.8
L000067,14.0,0.9979526,0.99545175,0.031904567,0.0005818296,0,0.3554963,2,0.38151948432634547,N/A,Review,0.8
L000067,15.0,0.9964561,0.995793,0.061881606,0.0008313416,0,0.5295325,2,0.3883151841824172,N/A,Review,0.8
L000067,16.0,0.99655414,0.9978509,0.021850018,0.0003329336,0,0.15680563,2,0.34429175468095996,N/A,Review,0.8
L000067,17.0,0.997934,0.99683654,0.035342112,0.00082490017,0,0.4604891,2,0.37939646866112026,N/A,Review,0.8
L000067,18.0,0.95059896,0.971281,0.6923126,0.010110095,1,0.4190354,2,0.32310778057405876,N/A,Review,0.8
L000067,19.0,0.9981845,0.99393207,0.99915075,0.0016060409,2,0.46773228,2,0.4221207577345705,N/A,Review,0.8
L000067,20.0,0.99813783,0.9967991,0.9992731,0.0005830231,2,0.57491267,2,0.40111106254556506,N/A,Review,0.8
L000067,21.0,0.9983183,0.9958549,0.99890184,0.00040013855,2,0.6679978,2,0.4691763640446519,N/A,Review,0.8
L000067,22.0,0.9975146,0.995378,0.9950165,0.00090130116,2,0.5512863,2,0.4268822708051501,N/A,Review,0.8
L000067,23.0,0.997995,0.99616635,0.9992861,0.00019269068,2,0.6830074,2,0.46879531661250706,N/A,Review,0.8
L000067,24.0,0.99784756,0.9973393,0.9993343,0.0010549412,2,0.54131013,2,0.38331737919458775,N/A,Review,0.8
L000067,25.0,0.9978137,0.99795496,0.9994924,0.0005066521,2,0.21671967,2,0.35619131103196366,N/A,Review,0.8
L000067,26.0,0.9983576,0.99815255,0.99955875,0.0010546539,4,0.26290286,2,0.5454422509454878,N/A,Review,0.8
L000067,27.0,0.9987563,0.99895966,0.9995541,0.00062920904,4,0.4373299,2,0.49264164567901647,N/A,Review,0.8
L000067,28.0,0.99890316,0.9984993,0.999653,0.00032280374,4,0.29784718,2,0.5073705502721264,N/A,Review,0.8
L000067,29.0,0.99900645,0.9986897,0.9996536,0.0004148125,4,0.11942102,2,0.5260967739737586,N/A,Review,0.8
L000067,30.0,0.9992719,0.99858415,0.9996753,0.0002870705,4,0.32439804,2,0.4913814195470526,N/A,Review,0.8
L000067,31.0,0.9993149,0.99881077,0.9995875,0.00023647939,4,0.3162435,2,0.44345196015171656,N/A,Review,0.8
L000067,32.0,0.9989857,0.9992466,0.9995912,0.0004337731,4,0.40421316,3,0.5746955575628568,N/A,Review,0.8
L000067,33.0,0.9989278,0.99909675,0.99969697,0.00013804265,4,0.5379007,3,0.4349232751492228,N/A,Review,0.8
L000067,34.0,0.9990281,0.9994449,0.99958616,0.00020728773,4,0.51031345,3,0.44084568815947817,N/A,Review,0.8
L000067,35.0,0.9990748,0.99895006,0.99971133,0.00032655156,4,0.4684083,3,0.4155877325112784,N/A,Review,0.8
L000067,36.0,0.9992874,0.99907255,0.99968016,0.00019759948,4,0.41717732,0,0.45122354198662623,N/A,Review,0.8
L000067,37.0,0.9990921,0.9992488,0.9996444,0.00010447581,4,0.25487018,3,0.42495316995788485,N/A,Review,0.8
L000067,38.0,0.999335,0.99914837,0.9996209,0.00019822748,4,0.27403957,2,0.39507264852925894,N/A,Review,0.8
L000067,39.0,0.99928576,0.99920636,0.9995989,0.00017537779,4,0.3004934,3,0.4335503517083986,N/A,Review,0.8
L000067,40.0,0.9954815,0.99803144,0.9973283,0.00032866825,4,0.25678918,3,0.39947204438210204,N/A,Review,0.8
L000067,41.0,0.99911946,0.9994261,0.99966764,0.0001627136,4,0.43988445,2,0.4223977380690338,N/A,Review,0.8
L000067,42.0,0.9993357,0.99939334,0.99962664,9.136871e-05,4,0.44006237,2,0.378924389285996,N/A,Review,0.8
L000067,43.0,0.9992052,0.99936944,0.99967134,5.2713764e-05,4,0.41003373,2,0.4049955784134801,N/A,Review,0.8
L000067,44.0,0.99934167,0.9994467,0.99964905,5.5255376e-05,4,0.48194006,2,0.4244376109712098,N/A,Review,0.8
L000067,45.0,0.9993957,0.9994686,0.999711,7.230321e-05,4,0.65196085,2,0.36946364225994127,N/A,Review,0.8
L000067,46.0,0.99925035,0.9995216,0.99973303,8.288876e-05,4,0.49540058,2,0.4590525424701328,N/A,Review,0.8
L000067,47.0,0.99808913,0.997917,0.99757093,0.00024082535,4,0.46835348,2,0.4832448914973681,N/A,Review,0.8
L000067,48.0,0.9992372,0.9993135,0.9996567,7.382617e-05,4,0.3931782,0,0.6103953529702515,N/A,Review,0.8
L000072,,0.12932128,0.33174512,0.16933921,0.08239957,3,0.05833187,2,0.5266415343418749,N/A,Review,0.8
L000072,1.0,0.10818199,0.22266307,0.024252452,0.16608001,3,0.047499537,3,0.571281340939966,N/A,Review,0.8
L000072,2.0,0.10196787,0.15094075,0.023877002,0.39825824,3,0.114033416,3,0.5351359099238443,N/A,Review,0.8
L000072,3.0,0.10871869,0.2947126,0.029272985,0.64025044,3,0.047259286,3,0.5119370403536445,N/A,Review,0.8
L000072,4.0,0.06797104,0.16662493,0.035569318,0.31311068,3,0.08643912,2,0.43541021360409415,N/A,Review,0.8
L000072,5.0,0.99795014,0.9982432,0.056135874,0.0024301927,0,0.16291702,3,0.5648619894032192,N/A,Review,0.8
L000072,6.0,0.9932774,0.9965714,0.06851532,0.0004925806,0,0.2875478,2,0.4596591793291479,N/A,Review,0.8
L000072,7.0,0.99769163,0.998591,0.05199476,0.00042826764,0,0.16521022,2,0.4243614732301665,N/A,Review,0.8
L000072,8.0,0.99802136,0.9982804,0.061918195,0.0005488236,0,0.15725735,2,0.5268147647968079,N/A,Review,0.8
L000072,9.0,0.9963791,0.9977514,0.99178165,0.0003050623,1,0.3147481,2,0.5578804218262501,N/A,Review,0.8
L000072,10.0,0.99862075,0.99692994,0.9950073,0.0003650885,1,0.18259422,2,0.5421457757266208,N/A,Review,0.8
L000072,11.0,0.9885604,0.98997855,0.9795197,0.004599211,1,0.097032785,2,0.4327072555763556,N/A,Review,0.8
L000072,12.0,0.99841166,0.9981286,0.9976447,0.0005502551,1,0.06492636,2,0.49943831033381547,N/A,Review,0.8
L000072,13.0,0.99332386,0.99629766,0.9987521,0.0012420429,2,0.07050925,2,0.41337143174525703,N/A,Review,0.8
L000072,14.0,0.9984475,0.9988024,0.9989699,0.00026852227,2,0.10895618,2,0.44271524882455016,N/A,Review,0.8
L000072,15.0,0.99864274,0.9992913,0.9993135,0.00027701203,2,0.17588465,1,0.5254525741698121,N/A,Review,0.8
L000072,16.0,0.99851197,0.999345,0.9995161,0.00033837082,2,0.17033844,2,0.5248195485507507,N/A,Review,0.8
L000072,17.0,0.99858713,0.99928904,0.9995435,0.00076751254,2,0.080716714,2,0.711696724153481,N/A,Review,0.8
L000072,18.0,0.9988726,0.9993562,0.9995402,0.0012092021,4,0.090879954,2,0.5903589401798044,N/A,Review,0.8
L000072,19.0,0.9992976,0.9996593,0.9995772,0.00078959955,4,0.075813346,1,0.5857629827972533,N/A,Review,0.8
L000072,20.0,0.9990357,0.9995927,0.9995689,0.00066122744,4,0.054998957,1,0.4908663328954469,N/A,Review,0.8
L000072,21.0,0.998872,0.99918514,0.99964523,0.00070878095,4,0.13853502,2,0.4679359866301454,N/A,Review,0.8
L000072,22.0,0.9972705,0.9981388,0.9967853,0.0015504188,4,0.13299638,1,0.5661505839604977,N/A,Review,0.8
L000072,23.0,0.9990522,0.9995377,0.99960214,0.00087873125,4,0.08798439,0,0.5937621385422306,N/A,Review,0.8
L000072,24.0,0.999199,0.99955684,0.9996007,0.0005496738,4,0.1300548,1,0.5341251320451609,N/A,Review,0.8
L000072,25.0,0.99925417,0.9994153,0.99955887,0.00039973788,4,0.062282212,0,0.4596222233872562,N/A,Review,0.8
L000072,26.0,0.99875426,0.9993339,0.9996123,0.00052946,4,0.052251283,3,0.6448954605511985,N/A,Review,0.8
L000072,27.0,0.99470407,0.9988813,0.99702805,0.0019329195,4,0.15120348,1,0.540699465308081,N/A,Review,0.8
L000072,28.0,0.9988675,0.9995461,0.99960905,0.00039222607,4,0.07421019,0,0.4589042603539869,N/A,Review,0.8
L000072,,0.99895525,0.9993262,0.9996112,0.0004863748,4,0.0774467,1,0.5432832212092833,N/A,Review,0.8
L000072,30.0,0.99928325,0.9994646,0.9996049,0.0002565506,4,0.07685478,3,0.5041003952852485,N/A,Review,0.8
L000072,31.0,0.9991881,0.9994549,0.99958044,0.0002735487,4,0.2834676,0,0.5356144970975887,N/A,Review,0.8
L000072,32.0,0.9990694,0.9994221,0.9996388,0.00021207897,4,0.2034187,0,0.46697593487673916,N/A,Review,0.8
L000072,33.0,0.9991109,0.99964666,0.9996432,0.00013908115,4,0.40767366,0,0.45405856618927665,N/A,Review,0.8
L000072,34.0,0.99915135,0.9995291,0.99960166,0.00013354042,4,0.28335762,0,0.46289097669385876,N/A,Review,0.8
L000072,35.0,0.99917823,0.999527,0.99961406,0.00021011937,4,0.41188985,3,0.370449204894039,N/A,Review,0.8
L000072,36.0,0.99919444,0.9995121,0.9996062,0.00010187464,4,0.27094662,0,0.4452320606324925,N/A,Review,0.8
L000072,37.0,0.99931395,0.99951625,0.99956924,7.030849e-05,4,0.2422714,0,0.42519309820538276,N/A,Review,0.8
L000072,38.0,0.9992329,0.9995227,0.9995795,9.761334e-05,4,0.36098516,0,0.502587751879057,N/A,Review,0.8
L000072,39.0,0.9989466,0.99954,0.99950206,9.1411406e-05,4,0.14589761,0,0.6654080630213939,N/A,Review,0.8
L000072,40.0,0.999281,0.99971944,0.9995179,0.00010831809,4,0.20928295,0,0.368476461181923,N/A,Review,0.8
L000072,41.0,0.999108,0.9996704,0.99953294,0.00011302962,4,0.12325907,0,0.42122822082443445,N/A,Review,0.8
L000072,42.0,0.9992648,0.99965346,0.99952257,0.00013848828,4,0.15886015,1,0.48684923328271007,N/A,Review,0.8
L000072,43.0,0.9994506,0.9992818,0.99961984,8.602206e-05,4,0.1420732,3,0.5199165810641434,N/A,Review,0.8
L000072,44.0,0.99932563,0.9995419,0.99960655,9.175979e-05,4,0.19080041,0,0.40099789162311616,N/A,Review,0.8
L000072,45.0,0.99937516,0.9995358,0.9995999,0.00015406708,4,0.1383444,1,0.49976135921906695,N/A,Review,0.8
L000072,46.0,0.9992963,0.9996238,0.9996119,0.0001377027,4,0.18413104,0,0.5095660581630137,N/A,Review,0.8
L000072,47.0,0.99938536,0.9995322,0.9996018,0.0002099073,4,0.3728702,0,0.4935665839432378,N/A,Review,0.8
L000072,48.0,0.99916327,0.9997081,0.9995981,0.00013556189,4,0.35309666,0,0.42648207024575674,N/A,Review,0.8
L000072,49.0,0.9978136,0.9990717,0.99674356,0.00038801305,4,0.27910566,0,0.5344566268709078,N/A,Review,0.8
L000072,50.0,0.9993112,0.9995214,0.9995852,0.00012568662,4,0.24481067,0,0.5765194849640651,N/A,Review,0.8
L000072,51.0,0.9994475,0.99967,0.9996278,0.00023634011,4,0.18436718,0,0.4862470165584327,N/A,Review,0.8
L000072,52.0,0.99925655,0.9997298,0.99959844,9.6862175e-05,4,0.25090057,0,0.49421936965450075,N/A,Review,0.8
L000072,,0.9987035,0.9993055,0.9996195,0.00026418446,4,0.12612167,2,0.6099079803016545,N/A,Review,0.8
L000072,54.0,0.9994511,0.99972135,0.99958545,0.000100188125,4,0.26211274,2,0.49201713211297776,N/A,Review,0.8
L000072,55.0,0.9993905,0.9996799,0.9995696,8.530346e-05,4,0.095068455,2,0.5548441849243229,N/A,Review,0.8
L000072,56.0,0.99942964,0.99972993,0.9996008,5.914675e-05,4,0.31356266,1,0.4678086808486874,N/A,Review,0.8
L000072,57.0,0.99942964,0.99973506,0.9996008,6.0058814e-05,4,0.12634058,2,0.5150416320518238,N/A,Review,0.8
L000072,58.0,0.9991825,0.9997135,0.9995807,5.383312e-05,4,0.04530851,1,0.486927408714958,N/A,Review,0.8
L000072,59.0,0.99935657,0.99962413,0.9995933,0.00011158869,4,0.26308912,1,0.460887423738629,N/A,Review,0.8
L000072,60.0,0.9993279,0.999752,0.9996189,7.163605e-05,4,0.037400395,1,0.4895123909838804,N/A,Review,0.8
L000072,61.0,0.9994511,0.9997359,0.99955446,6.321497e-05,4,0.052387554,2,0.5685558856271732,N/A,Review,0.8
L000072,62.0,0.9994512,0.99965024,0.9995709,5.947219e-05,4,0.05698201,1,0.4916179862816024,N/A,Review,0.8
L000072,63.0,0.9995024,0.99969244,0.99955827,7.303715e-05,4,0.07100681,1,0.5237230938887936,N/A,Review,0.8
L000072,64.0,0.9992778,0.9997551,0.99955827,4.5339373e-05,4,0.04167393,1,0.5478003162462136,N/A,Review,0.8
L000072,65.0,0.9992793,0.99979573,0.999602,6.5555345e-05,4,0.06169598,1,0.5621419783905985,N/A,Review,0.8
L000072,66.0,0.99944276,0.9997938,0.9995497,6.611258e-05,4,0.080171324,1,0.5246277602033904,N/A,Review,0.8
L000072,67.0,0.999421,0.99979144,0.9995591,5.9593505e-05,4,0.04405879,1,0.5338205943399728,N/A,Review,0.8
L000072,68.0,0.99938107,0.9997632,0.99953973,6.597862e-05,4,0.117325276,2,0.614810919307668,N/A,Review,0.8
L000072,69.0,0.9992418,0.99978477,0.9996859,9.742957e-05,4,0.09421412,2,0.5330031273682448,N/A,Review,0.8
L000072,70.0,0.99931145,0.9997459,0.999554,5.625874e-05,4,0.16672944,1,0.5415105205752486,N/A,Review,0.8
L000072,71.0,0.9992906,0.9998229,0.9996136,4.944084e-05,4,0.06177848,1,0.547924848270442,N/A,Review,0.8
L000072,,0.9992956,0.9995921,0.9995301,0.00010860344,4,0.046912093,1,0.7010267992330635,N/A,Review,0.8
L000072,73.0,0.99946386,0.9997341,0.9995497,7.04088e-05,4,0.10156665,1,0.6146817506273624,N/A,Review,0.8
L000072,74.0,0.9993679,0.9997707,0.99960977,4.3019707e-05,4,0.045728587,1,0.6686262159236174,N/A,Review,0.8
L000072,75.0,0.9992619,0.99971277,0.99962676,4.4361503e-05,4,0.055203877,1,0.6312925584122691,N/A,Review,0.8
L000072,76.0,0.99942017,0.99976045,0.9995591,3.3532167e-05,4,0.028494498,1,0.6474595425248367,N/A,Review,0.8
L000072,77.0,0.9993703,0.99982846,0.9995976,2.864258e-05,4,0.035419337,0,0.6354233670570405,N/A,Review,0.8
L000072,78.0,0.99927944,0.9997769,0.9995622,3.5475103e-05,4,0.011410844,0,0.7004815048998381,N/A,Review,0.8
L000072,79.0,0.9993113,0.9997526,0.9995296,4.3311975e-05,4,0.015353486,0,0.6988137844329758,N/A,Review,0.8
L000072,80.0,0.9993594,0.999691,0.9995024,0.00010560787,4,0.012529566,0,0.7685500850212925,N/A,Review,0.8
L000072,81.0,0.99938,0.9996624,0.9995432,6.283537e-05,4,0.008367881,0,0.6649006532987656,N/A,Review,0.8
L000072,82.0,0.99913126,0.9996686,0.99964285,0.00019415242,4,0.005829489,0,0.6677980692224426,N/A,Review,0.8
L000077,0.0,0.06944827,0.10465447,0.039862666,0.42275888,3,0.45183006,2,0.5238303717271502,N/A,Review,0.8
L000077,1.0,0.07550034,0.05232019,0.050951473,0.75311065,3,0.11436449,3,0.436210060219671,N/A,Review,0.8
L000077,2.0,0.047245108,0.037641425,0.031132715,0.6407543,3,0.3177789,2,0.3751375284295857,N/A,Review,0.8
L000077,3.0,0.052018255,0.03755398,0.056500826,0.33118796,3,0.15342742,3,0.5593119400326674,N/A,Review,0.8
L000077,4.0,0.047103822,0.043461464,0.06925186,0.47227824,3,0.10173884,3,0.43551431726854983,N/A,Review,0.8
L000077,5.0,0.030955713,0.025474587,0.047310703,0.56502885,3,0.2519123,3,0.3655610076810201,N/A,Review,0.8
L000077,6.0,0.088589095,0.04037571,0.0932179,0.3445107,3,0.1640653,3,0.39760651374503475,N/A,Review,0.8
L000077,7.0,0.12547514,0.11157187,0.10913844,0.49236062,3,0.13201573,2,0.42031696337064084,N/A,Review,0.8
L000077,8.0,0.06486541,0.051567037,0.06989587,0.4901025,3,0.254689,2,0.43802426172399167,N/A,Review,0.8
L000077,9.0,0.057302743,0.07413316,0.055724878,0.47425944,3,0.55175793,2,0.39909717059574884,N/A,Review,0.8
L000077,10.0,0.99752563,0.9963624,0.06352222,0.00050571654,0,0.5192288,2,0.44094599273977997,N/A,Review,0.8
L000077,,0.99262977,0.99392056,0.9897339,0.00034439584,1,0.30570215,2,0.42237748644409767,N/A,Review,0.8
L000078,0.0,0.041237634,0.039550424,0.042475004,0.41870248,3,0.22257034,2,0.6102120613121889,N/A,Review,0.8
L000078,1.0,0.06179881,0.014652457,0.027350986,0.44081584,3,0.117872626,3,0.659952850849683,N/A,Review,0.8
L000078,2.0,0.0262488,0.03444171,0.028758043,0.9248637,3,0.08335422,3,0.6552556064025619,N/A,Review,0.8
L000078,3.0,0.032448795,0.022256443,0.031093044,0.70151055,3,0.05040536,2,0.5445273602347687,N/A,Review,0.8
L000078,4.0,0.99732757,0.9947267,0.025094746,0.00092794496,0,0.07404283,3,0.664628190585403,N/A,Review,0.8
L000078,5.0,0.99634796,0.9967655,0.039693184,0.00062089675,0,0.074527375,2,0.6851239038852086,N/A,Review,0.8
L000078,6.0,0.99327034,0.99106956,0.99022466,0.000579425,1,0.10534531,2,0.611357704495538,N/A,Review,0.8
L000078,,0.99642247,0.9943745,0.9949745,0.0005919492,1,0.140472,2,0.684037222450328,N/A,Review,0.8
L000078,8.0,0.9977889,0.9977581,0.99446195,0.00025800566,1,0.116460696,2,0.5618639604102242,N/A,Review,0.8
L000078,9.0,0.9981199,0.99781007,0.9960664,0.0001903665,1,0.09871184,2,0.6212785452533729,N/A,Review,0.8
L000078,10.0,0.99812,0.99788576,0.99457365,0.00041667913,1,0.19902201,2,0.5903366980147431,N/A,Review,0.8
L000078,11.0,0.9970943,0.99839956,0.9942866,0.0004705909,1,0.06653924,2,0.5912119335208768,N/A,Review,0.8
L000078,12.0,0.9969869,0.99808973,0.99327785,0.0006431306,1,0.065564364,2,0.5958022722693246,N/A,Review,0.8
L000078,13.0,0.9966552,0.9984297,0.9932706,0.00061748666,1,0.1343019,2,0.5880064049394838,N/A,Review,0.8
L000078,14.0,0.9967783,0.99855286,0.9942439,0.00031271123,1,0.20632125,2,0.5766986995250803,N/A,Review,0.8
L000078,15.0,0.9976688,0.99845016,0.994484,0.00027826405,1,0.29626945,2,0.49803076830567783,N/A,Review,0.8
L000078,16.0,0.99557185,0.9968273,0.9943768,0.00028214324,1,0.23168348,2,0.5455082998534727,N/A,Review,0.8
L000078,17.0,0.9966222,0.9967759,0.9942569,0.000645572,1,0.12681632,2,0.5453398822208788,N/A,Review,0.8
L000078,18.0,0.99676836,0.9963076,0.99502075,0.0011133384,1,0.13465357,2,0.5663392648126157,N/A,Review,0.8
L000078,19.0,0.9957918,0.9974661,0.9943772,0.0005218986,1,0.147185,2,0.5509236159552549,N/A,Review,0.8
L000078,20.0,0.9951687,0.9966959,0.99279433,0.0007549415,1,0.23733376,2,0.5486127838937186,N/A,Review,0.8
L000078,21.0,0.9114376,0.9832408,0.9687891,0.004425146,1,0.22109333,2,0.5311138051299472,N/A,Review,0.8
L000078,22.0,0.99532866,0.99740785,0.9941537,0.00048555623,1,0.2120844,2,0.53133940214859,N/A,Review,0.8
L000078,23.0,0.9958845,0.9975508,0.994115,0.0006138775,1,0.28105575,1,0.5024136884245012,N/A,Review,0.8
L000078,,0.99652123,0.9970987,0.9942372,0.0006375311,1,0.2847298,2,0.5342522504381813,N/A,Review,0.8
L000078,25.0,0.9962541,0.99679023,0.9933128,0.00065133465,1,0.21475281,2,0.5803926198366376,N/A,Review,0.8
L000078,26.0,0.99309075,0.9966299,0.99406886,0.0014547886,1,0.25575468,2,0.5503922880064849,N/A,Review,0.8
L000078,27.0,0.9950324,0.9972155,0.99422187,0.0010297651,1,0.12212705,2,0.574646685552409,N/A,Review,0.8
L000078,28.0,0.9959943,0.99668103,0.9934111,0.001353178,1,0.09110907,2,0.5753159616821181,N/A,Review,0.8
L000078,29.0,0.9944348,0.99666315,0.9949055,0.0018244548,1,0.08977747,2,0.5955782795299958,N/A,Review,0.8
L000078,30.0,0.994693,0.9970024,0.9948191,0.0016599969,1,0.12289186,2,0.542684550694215,N/A,Review,0.8
L000078,31.0,0.99449736,0.9977653,0.9955342,0.0014739514,1,0.123131774,2,0.5845559436514799,N/A,Review,0.8
L000078,32.0,0.99255,0.99709153,0.99427396,0.0014870989,1,0.17187232,2,0.612594011578754,N/A,Review,0.8
L000078,33.0,0.99604994,0.9976655,0.9949497,0.0010907764,1,0.32228658,3,0.6913593869415738,N/A,Review,0.8
L000078,34.0,0.99543375,0.99697113,0.9950511,0.0005972394,1,0.193431,2,0.6408471402240838,N/A,Review,0.8
L000078,35.0,0.94564056,0.98909307,0.97775227,0.0042761476,1,0.19906281,2,0.5776481123091521,N/A,Review,0.8
L000078,36.0,0.99541974,0.99693334,0.9950637,0.000552859,1,0.09547667,2,0.6555028067009634,N/A,Review,0.8
L000078,37.0,0.9959792,0.99783945,0.9940006,0.00053352193,1,0.099778175,2,0.668937732850832,N/A,Review,0.8
L000078,38.0,0.039662834,0.035260696,0.017245784,0.33979887,3,0.1387198,2,0.6642863066453835,N/A,Review,0.8
L000078,39.0,0.043955047,0.029304415,0.016347058,0.42249697,3,0.11886695,2,0.7485561018720527,N/A,Review,0.8
L000078,40.0,0.068869345,0.03375894,0.014988298,0.50981015,3,0.06968107,0,0.7782731506352794,N/A,Review,0.8
L000078,41.0,0.046830237,0.054650865,0.013307861,0.6112655,3,0.03143198,0,0.7567597151643675,N/A,Review,0.8
L000078,42.0,0.9958877,0.9977875,0.01453547,0.0011901684,0,0.040891986,0,0.7199160375983638,N/A,Review,0.8
L000078,,0.9954873,0.99439704,0.013845622,0.0005442112,0,0.09483184,2,0.7029804119010716,N/A,Review,0.8
L000078,44.0,0.9968923,0.9960075,0.016460408,0.00052280707,0,0.09600941,2,0.704077678036397,N/A,Review,0.8
L000078,45.0,0.9968317,0.9978142,0.019126846,0.0017921414,0,0.16643485,3,0.8571056291354691,N/A,Review,0.8
L000082,0.0,0.11337128,0.036621254,0.024942493,0.4164864,3,0.18323725,2,0.449828517218571,N/A,Review,0.8
L000082,1.0,0.11893331,0.06982672,0.054018427,0.15979312,3,0.14129195,3,0.47817434508438267,N/A,Review,0.8
L000082,2.0,0.11128953,0.08649616,0.027145654,0.3200317,3,0.18775794,3,0.452345557138565,N/A,Review,0.8
L000082,3.0,0.063112974,0.059082612,0.017019492,0.73252064,3,0.16390114,3,0.42487739973631156,N/A,Review,0.8
L000082,4.0,0.0632619,0.06310332,0.026976353,0.7169162,3,0.13006279,3,0.4428045432512737,N/A,Review,0.8
L000082,5.0,0.08308911,0.0504979,0.021043545,0.6489788,3,0.2694308,3,0.4286959159998973,N/A,Review,0.8
L000082,6.0,0.10097604,0.041698474,0.034496732,0.6100372,3,0.17193484,2,0.4507572474524659,N/A,Review,0.8
L000082,7.0,0.106052786,0.047794368,0.033965807,0.5244253,3,0.06211188,3,0.3344752749745806,N/A,Review,0.8
L000082,8.0,0.9738766,0.9392031,0.027048444,0.006489167,0,0.12555034,2,0.4526591578433697,N/A,Review,0.8
L000082,9.0,0.1603843,0.10388624,0.0501366,0.5622691,3,0.37867442,2,0.42450270621089853,N/A,Review,0.8
L000082,10.0,0.9966923,0.99476916,0.028290318,0.0018800542,0,0.25580144,0,0.43834531933028875,N/A,Review,0.8
L000082,11.0,0.9972704,0.9954066,0.031718843,0.001127675,0,0.20031889,0,0.44661061502921384,N/A,Review,0.8
L000082,12.0,0.9972023,0.9978962,0.036599256,0.0009273527,0,0.2232269,0,0.4964993097088958,N/A,Review,0.8
L000082,13.0,0.9975828,0.9982913,0.08358108,0.0009631463,0,0.3569765,0,0.4637879128149033,N/A,Review,0.8
L000082,,0.9978573,0.99814,0.05843003,0.000546113,0,0.25790787,0,0.4408478675728916,N/A,Review,0.8
L000082,15.0,0.99797755,0.9983481,0.058354065,0.00050820544,0,0.29035202,0,0.4128136738277576,N/A,Review,0.8
L000082,16.0,0.9960169,0.99462235,0.98931676,0.00050734467,1,0.32893676,0,0.40164573061299363,N/A,Review,0.8
L000082,17.0,0.9949649,0.9930971,0.9959532,0.00097341015,1,0.17072226,0,0.419509370000828,N/A,Review,0.8
L000082,18.0,0.99595875,0.9950459,0.9966568,0.0008045002,1,0.30985245,0,0.40393348741195734,N/A,Review,0.8
L000082,19.0,0.9978982,0.9948337,0.9970952,0.0010302779,1,0.39198896,0,0.4292536143209944,N/A,Review,0.8
L000082,20.0,0.99735117,0.9963511,0.9991393,0.00097566785,2,0.2484901,0,0.40962785651271844,N/A,Review,0.8
L000082,21.0,0.9979956,0.9965153,0.99896085,0.00030416032,2,0.16396686,0,0.4977896447286868,N/A,Review,0.8
L000082,22.0,0.9978643,0.9973246,0.99904853,0.00048676992,2,0.40443638,0,0.4557255400130646,N/A,Review,0.8
L000082,23.0,0.9971359,0.99692684,0.99914753,0.00059484126,2,0.4100585,0,0.4673627287483194,N/A,Review,0.8
L000082,24.0,0.9977702,0.9981912,0.99916875,0.0010825545,4,0.46134904,0,0.501952219291637,N/A,Review,0.8
L000082,,0.9990387,0.9987931,0.9994591,0.00032435512,4,0.27515614,0,0.44047945482769485,N/A,Review,0.8
L000082,,0.99866426,0.9987632,0.9995271,0.00078139704,4,0.14049506,0,0.5242928901495949,N/A,Review,0.8
L000082,27.0,0.99887174,0.99923825,0.9996092,0.001290643,4,0.26242942,2,0.48311038835200915,N/A,Review,0.8
L000082,28.0,0.9987219,0.99859935,0.9996138,0.0004221367,4,0.12625772,0,0.5115860653556137,N/A,Review,0.8
L000082,29.0,0.9987326,0.9982679,0.9995297,0.00042321166,4,0.071421616,0,0.5207228787602873,N/A,Review,0.8
L000082,30.0,0.9986119,0.9984281,0.9995314,0.0003817609,4,0.20879795,2,0.4473435249979244,N/A,Review,0.8
L000082,31.0,0.9990621,0.9985869,0.9995229,0.00036162246,4,0.26884648,2,0.47600594728279244,N/A,Review,0.8
L000082,32.0,0.9990343,0.99928254,0.99959,0.00079422543,4,0.23405229,2,0.6681045341100735,N/A,Review,0.8
L000082,33.0,0.9986772,0.9992384,0.9995741,0.0003924477,4,0.5406739,2,0.4365820905904926,N/A,Review,0.8
L000082,34.0,0.9987644,0.99919647,0.99965787,0.0002926722,4,0.3324728,3,0.5922315542847782,N/A,Review,0.8
L000082,35.0,0.99876946,0.9990927,0.9996549,0.00021629066,4,0.4675492,0,0.4720391127210405,N/A,Review,0.8
L000082,36.0,0.998776,0.99929094,0.9996406,0.00035425022,4,0.49784863,3,0.44007315054401913,N/A,Review,0.8
L000082,37.0,0.9991736,0.9992949,0.9994923,0.00034804406,4,0.2209091,3,0.4348947820158107,N/A,Review,0.8
L000082,38.0,0.9988502,0.9991736,0.9995332,0.00039645517,4,0.34191242,0,0.441525002768261,N/A,Review,0.8
L000082,39.0,0.99890685,0.99924076,0.99952984,0.00028764718,4,0.6905402,3,0.5028869500372547,N/A,Review,0.8
L000082,40.0,0.99917054,0.999328,0.999527,0.00028446098,4,0.2464815,3,0.4387248140476963,N/A,Review,0.8
L000082,41.0,0.99909794,0.99943405,0.9995938,0.0002161952,4,0.44342196,3,0.47943600330540537,N/A,Review,0.8
L000082,42.0,0.9991203,0.99933344,0.99956626,0.00023036501,4,0.3825223,2,0.4177543086434955,N/A,Review,0.8
L000082,43.0,0.99889827,0.99906343,0.999607,0.00012862487,4,0.36369857,0,0.4867160274824053,N/A,Review,0.8
L000082,44.0,0.99922323,0.9991253,0.9995492,0.00024797558,4,0.13002485,3,0.47232888429943115,N/A,Review,0.8
L000082,45.0,0.9988953,0.998872,0.99967635,0.00034047558,4,0.49172142,0,0.4037169554377842,N/A,Review,0.8
L000082,46.0,0.99900395,0.9991001,0.9995839,0.00026681498,4,0.4317684,3,0.46236583765609274,N/A,Review,0.8
L000082,47.0,0.99910635,0.9991673,0.99972135,0.00016036192,4,0.37683615,0,0.4805506103861834,N/A,Review,0.8
L000082,48.0,0.9992397,0.9992286,0.9996265,0.00015720181,4,0.45279378,0,0.44596640473963345,N/A,Review,0.8
L000082,49.0,0.9992304,0.9995683,0.9996131,8.770115e-05,4,0.18970878,0,0.44494823351234614,N/A,Review,0.8
L000082,50.0,0.99921715,0.99945194,0.99963224,0.000102312144,4,0.1880232,0,0.4499406576031656,N/A,Review,0.8
L000082,51.0,0.9990408,0.9993579,0.99965894,0.00016151623,4,0.1986855,0,0.4863933651972564,N/A,Review,0.8
L000082,52.0,0.9992494,0.9994474,0.9996107,0.00017519796,4,0.43382704,0,0.4681403284655592,N/A,Review,0.8
L000082,53.0,0.9989673,0.999665,0.99958533,9.369201e-05,4,0.21264184,0,0.4456308537987318,N/A,Review,0.8
L000082,54.0,0.9991487,0.9996062,0.9996151,7.509359e-05,4,0.25285828,0,0.4735033478391416,N/A,Review,0.8
L000082,55.0,0.99903846,0.99941766,0.99959224,0.000102447164,4,0.63538843,0,0.5816756748686749,N/A,Review,0.8
L000082,56.0,0.99903995,0.9993186,0.9996209,0.00010217974,4,0.5865555,0,0.5793693060101264,N/A,Review,0.8
L000082,57.0,0.9989343,0.9993849,0.9996877,0.0002527512,4,0.30861345,2,0.4409590278379517,N/A,Review,0.8
L000082,58.0,0.9987545,0.99932194,0.9995981,0.0001547287,4,0.47346956,3,0.5880668809932481,N/A,Review,0.8
L000082,59.0,0.9992513,0.99970967,0.9997125,5.8279595e-05,4,0.08498089,2,0.48177427984911186,N/A,Review,0.8
L000082,60.0,0.9991744,0.99957865,0.9996438,9.1833754e-05,4,0.38871083,0,0.527249318427561,N/A,Review,0.8
L000082,61.0,0.9987484,0.9994204,0.99963737,9.741592e-05,4,0.22801341,0,0.6311897846713075,N/A,Review,0.8
L000082,62.0,0.9991691,0.999587,0.9996226,0.0001498657,4,0.121340886,3,0.5477608455516294,N/A,Review,0.8
L000082,63.0,0.9989938,0.99951005,0.9996443,0.000107877015,4,0.15432717,3,0.5172183595524309,N/A,Review,0.8
L000082,64.0,0.9992353,0.9994485,0.9996437,0.00017113399,4,0.25678378,2,0.5722635964078555,N/A,Review,0.8
L000082,65.0,0.9992448,0.99948883,0.9996346,0.0003618594,4,0.062620275,1,0.569813165836151,N/A,Review,0.8
L000082,66.0,0.9992052,0.9994672,0.9995486,0.00022805939,4,0.115619995,2,0.6769771344401732,N/A,Review,0.8
L000082,67.0,0.99915814,0.99950004,0.9995498,0.00015442182,4,0.068802364,2,0.5707759028142989,N/A,Review,0.8
L000082,68.0,0.9990921,0.99956733,0.999645,0.00010066878,4,0.12073478,2,0.5538075156837208,N/A,Review,0.8
L000082,69.0,0.99934393,0.99952745,0.99958533,0.00023543778,4,0.19740506,2,0.5550815308828556,N/A,Review,0.8
L000082,70.0,0.9990854,0.9994469,0.9996069,0.00018186182,4,0.03489374,2,0.6181892064780337,N/A,Review,0.8
L000082,71.0,0.9990854,0.9994531,0.99961495,0.00016845025,4,0.07067128,2,0.5858554815481813,N/A,Review,0.8
L000082,72.0,0.9991959,0.9993486,0.99958354,0.00013984261,4,0.15598685,2,0.587301868875287,N/A,Review,0.8
L000082,73.0,0.9956613,0.99787605,0.9957604,0.00043393066,4,0.05611099,2,0.6613829744726525,N/A,Review,0.8
L000082,74.0,0.9990177,0.99929965,0.9996542,0.0001633315,4,0.13708827,2,0.619865863415189,N/A,Review,0.8
L000082,75.0,0.99900633,0.99933285,0.99961334,0.0001935936,4,0.060780235,0,0.5954161796607709,N/A,Review,0.8
L000082,76.0,0.9991375,0.99933964,0.99958175,0.00014735601,4,0.20382772,0,0.632850729808643,N/A,Review,0.8
L000082,77.0,0.9989849,0.99915135,0.9995938,0.00017500845,4,0.11555751,0,0.6368412770993324,N/A,Review,0.8
L000082,78.0,0.9992772,0.9993924,0.999569,0.00017376636,4,0.10560568,0,0.6647089290029504,N/A,Review,0.8
L000082,79.0,0.9990615,0.9992073,0.99966407,8.5998356e-05,4,0.040593557,2,0.646168529894277,N/A,Review,0.8
L000082,80.0,0.9991744,0.9994673,0.9996427,0.000120059405,4,0.06716374,0,0.6737013172608585,N/A,Review,0.8
L000082,81.0,0.9992481,0.99947554,0.9996068,0.00012511363,4,0.044505578,0,0.7408717827464163,N/A,Review,0.8
L000082,82.0,0.9990214,0.9993772,0.9996432,0.00011845588,4,0.041705288,0,0.642759428018078,N/A,Review,0.8
L000082,83.0,0.9991756,0.9994104,0.9996915,0.00031895505,4,0.021545086,0,0.6788827828035633,N/A,Review,0.8
L000082,84.0,0.9991357,0.9994392,0.9996921,0.000118843825,4,0.03954203,0,0.7061059549795661,N/A,Review,0.8
L000082,85.0,0.9991008,0.9996972,0.9996425,4.7156194e-05,4,0.035406448,0,0.6217584662296114,N/A,Review,0.8
L000082,86.0,0.9992094,0.99937373,0.9996549,0.000110904155,4,0.019673884,2,0.6755434686456081,N/A,Review,0.8
L000082,87.0,0.99742067,0.99902093,0.9976793,0.00023380834,4,0.11593662,0,0.7983803656330056,N/A,Review,0.8
L000082,88.0,0.9991918,0.9995413,0.99961936,0.000100000856,4,0.16097972,0,0.7352199814232683,N/A,Review,0.8
L000082,89.0,0.99921465,0.99953556,0.99963546,0.00010064459,4,0.09899803,0,0.7153036931973696,N/A,Review,0.8
L000082,90.0,0.99608874,0.9983724,0.9970958,0.00023881297,4,0.17451307,0,0.7970132604425246,N/A,Review,0.8
L000082,91.0,0.9992481,0.9995821,0.999629,0.0001047886,4,0.06727065,0,0.8473873459134342,N/A,Review,0.8
L000082,92.0,0.999297,0.9995259,0.9996132,0.00020917387,4,0.26123208,0,0.7990475682337885,N/A,Review,0.8
L000082,93.0,0.99899954,0.99949574,0.9996792,0.00015319647,4,0.14671326,0,0.8206267512187868,N/A,Review,0.8
L000082,94.0,0.99907243,0.99952686,0.99972314,0.0001335753,4,0.12114652,0,0.8464437897939419,N/A,Review,0.8
L000092,0.0,0.040836096,0.07575844,0.059978697,0.09134198,0,0.29061615,2,0.5780773522065743,N/A,Review,0.8
L000092,1.0,0.08395005,0.41300118,0.087879226,0.11072031,3,0.09768785,0,0.5226199932499975,N/A,Review,0.8
L000092,2.0,0.034648016,0.068897255,0.06138249,0.3007248,3,0.14218676,0,0.5228351872822119,N/A,Review,0.8
L000092,3.0,0.03332524,0.17757513,0.038282137,0.11484788,3,0.027896972,0,0.6602743108692463,N/A,Review,0.8
L000092,4.0,0.04191121,0.18343337,0.060474943,0.5089966,3,0.08666611,0,0.49567496250522347,N/A,Review,0.8
L000092,5.0,0.058208607,0.11111867,0.064917795,0.213729,3,0.32677904,0,0.49588271616001434,N/A,Review,0.8
L000092,6.0,0.7936484,0.76854545,0.06785565,0.0050941356,0,0.3299075,0,0.4396734003272037,N/A,Review,0.8
L000092,7.0,0.99695814,0.9948807,0.11371322,0.0001085907,0,0.26704776,0,0.5438428531099284,N/A,Review,0.8
L000092,8.0,0.9965611,0.99785465,0.06799123,0.00019899406,0,0.076568045,0,0.6979447085869865,N/A,Review,0.8
L000092,9.0,0.99669325,0.9982248,0.038506955,9.3170005e-05,0,0.2048501,0,0.5699993194134294,N/A,Review,0.8
L000092,10.0,0.996093,0.99664176,0.038671654,9.1288064e-05,0,0.32119888,0,0.5604383114345761,N/A,Review,0.8
L000092,11.0,0.9971818,0.9982577,0.032146614,0.00015949422,0,0.3160762,0,0.4867564734676406,N/A,Review,0.8
L000092,12.0,0.99680734,0.99745816,0.032471407,0.00025197258,0,0.5996451,0,0.43322107697269296,N/A,Review,0.8
L000092,13.0,0.99569076,0.9965654,0.9894651,0.00072356587,1,0.30538818,0,0.4637104344203906,N/A,Review,0.8
L000092,14.0,0.99603903,0.99494994,0.9993617,0.0006179423,2,0.18362506,0,0.40005524715326934,N/A,Review,0.8
L000092,15.0,0.9966792,0.9946637,0.99941516,0.00035087016,2,0.17767592,0,0.501602508290123,N/A,Review,0.8
L000092,16.0,0.9983309,0.99867415,0.9990206,0.0007596557,2,0.16114025,0,0.5243815305518705,N/A,Review,0.8
L000092,17.0,0.9981274,0.99821496,0.99897647,0.0006896841,2,0.24643129,0,0.5226776451085914,N/A,Review,0.8
L000092,18.0,0.9978593,0.99764156,0.9993094,0.0004712613,2,0.2826837,2,0.5889175072056265,N/A,Review,0.8
L000092,19.0,0.9983386,0.99783057,0.99942744,0.0008440965,2,0.3960568,2,0.5237178727713432,N/A,Review,0.8
L000092,20.0,0.9977239,0.9978878,0.9993892,0.0005039498,4,0.26609758,0,0.600938943266594,N/A,Review,0.8
L000092,21.0,0.99863607,0.99828583,0.9994672,0.0003347892,4,0.17044972,0,0.5674665909267909,N/A,Review,0.8
L000092,22.0,0.99848914,0.99864703,0.9996772,0.00045654151,4,0.13179044,2,0.5122496655008296,N/A,Review,0.8
L000092,23.0,0.99876523,0.9983777,0.99963915,0.00035044993,4,0.057015993,0,0.5826679019514336,N/A,Review,0.8
L000092,24.0,0.99897635,0.99762243,0.9996623,0.0002001476,4,0.14836355,0,0.5965511898361306,N/A,Review,0.8
L000092,25.0,0.99860746,0.99850166,0.9997094,0.0001674026,4,0.05561507,0,0.5492617406851809,N/A,Review,0.8
L000092,26.0,0.99824405,0.99866855,0.9996636,0.00027684067,4,0.11918971,0,0.47414568679694546,N/A,Review,0.8
L000092,27.0,0.99848855,0.9988966,0.99965453,0.00019235713,4,0.16657138,0,0.47889762631398924,N/A,Review,0.8
L000092,28.0,0.99887544,0.9991831,0.9996766,0.00015075489,4,0.15266016,0,0.47290256484250903,N/A,Review,0.8
L000092,29.0,0.9987386,0.99898595,0.99969316,0.00020924848,4,0.11231654,0,0.49469728174546534,N/A,Review,0.8
L000092,30.0,0.9987865,0.99853873,0.99962354,0.00016409093,4,0.17929974,0,0.5078005389330489,N/A,Review,0.8
L000092,31.0,0.99887854,0.99917346,0.9996625,0.00016774837,4,0.19491123,0,0.5268543647617491,N/A,Review,0.8
L000092,32.0,0.9987086,0.99932873,0.99966776,0.00026723073,4,0.17816478,0,0.5169164058877899,N/A,Review,0.8
L000092,,0.9988695,0.99889994,0.9996551,0.00021299941,4,0.39040026,0,0.5070312915153674,N/A,Review,0.8
L000092,34.0,0.9969303,0.9963458,0.99733895,0.0004410193,4,0.32173648,0,0.5658467938725077,N/A,Review,0.8
L000092,35.0,0.99906844,0.99922633,0.9996238,0.00022421917,4,0.484718,0,0.47333958412733734,N/A,Review,0.8
L000098,0.0,0.13896023,0.035943184,0.16871667,0.49072212,3,0.27813074,2,0.45680781593863684,N/A,Review,0.8
L000098,1.0,0.0481838,0.021645011,0.04541966,0.5716302,3,0.143114,2,0.5149275381307955,N/A,Review,0.8
L000098,2.0,0.028719457,0.023288295,0.041870084,0.7446062,3,0.63790524,2,0.4432438846128688,N/A,Review,0.8
L000098,3.0,0.028725559,0.021661194,0.02889181,0.73423696,3,0.27169323,3,0.4162195478947877,N/A,Review,0.8
L000098,4.0,0.019136595,0.029009003,0.039002523,0.20387366,3,0.33273983,2,0.3435330608916167,N/A,Review,0.8
L000098,5.0,0.034347467,0.010946462,0.043552227,0.4304114,3,0.14382195,3,0.39870982003556765,N/A,Review,0.8
L000098,,0.056503024,0.025563063,0.032629848,0.1531725,3,0.10637022,2,0.43274813727717054,N/A,Review,0.8
L000098,7.0,0.031245828,0.024593968,0.037700087,0.41942948,3,0.18944596,2,0.4018616334176148,N/A,Review,0.8
L000098,8.0,0.035482667,0.024504177,0.035754245,0.4105101,3,0.12639897,2,0.39219080552746144,N/A,Review,0.8
L000098,9.0,0.03297813,0.025692584,0.0311485,0.6241733,3,0.48206735,2,0.37921527453664144,N/A,Review,0.8
L000098,10.0,0.028746346,0.03138798,0.037939746,0.5746226,3,0.21174084,2,0.34799039408553334,N/A,Review,0.8
L000098,11.0,0.039575055,0.021446627,0.033785,0.603314,3,0.26899227,3,0.36574092431968563,N/A,Review,0.8
L000098,12.0,0.025349984,0.015461913,0.029652722,0.456698,3,0.26273555,3,0.39198928176301934,N/A,Review,0.8
L000098,13.0,0.04146035,0.034050517,0.043881934,0.41797093,3,0.26806623,3,0.40973261701476626,N/A,Review,0.8
L000098,,0.08912912,0.027562918,0.04675632,0.2509329,3,0.31259322,2,0.40348974651299463,N/A,Review,0.8
L000098,15.0,0.033542406,0.032618206,0.04101473,0.4919536,3,0.30295727,3,0.39323770049476015,N/A,Review,0.8
L000098,16.0,0.0347155,0.02334829,0.03982982,0.27708107,3,0.2197202,3,0.390604607323409,N/A,Review,0.8
L000098,17.0,0.036099628,0.028121106,0.043189216,0.63440484,3,0.19557986,3,0.3966512478308171,N/A,Review,0.8
L000098,18.0,0.040784054,0.020896832,0.047753304,0.7808175,3,0.2910791,0,0.364265862236876,N/A,Review,0.8
L000098,,0.055152215,0.033345994,0.029931989,0.35349473,3,0.35220277,0,0.39936353503517297,N/A,Review,0.8
L000098,20.0,0.034932412,0.02564668,0.04010482,0.4138436,3,0.20661311,0,0.3734501757847795,N/A,Review,0.8
L000098,21.0,0.068127826,0.071680166,0.047234077,0.030600147,3,0.13443375,3,0.5599674069941643,N/A,Review,0.8
L000098,22.0,0.030966192,0.037531935,0.039317217,0.13487867,3,0.19400322,3,0.4341575731996957,N/A,Review,0.8
L000102,0.0,0.044525657,0.047569346,0.0959128,0.5688531,0,0.5396496,2,0.6535739280441125,N/A,Review,0.8
L000102,1.0,0.054767877,0.068583414,0.055817835,0.6401567,3,0.036158502,2,0.4984925294107105,N/A,Review,0.8
L000102,2.0,0.070203096,0.089283526,0.065540284,0.79009783,3,0.21772003,0,0.5089643581154252,N/A,Review,0.8
L000102,3.0,0.99666,0.993916,0.04489091,0.0028204608,0,0.28688055,0,0.5210568783127414,N/A,Review,0.8
L000102,4.0,0.9973194,0.99738806,0.065591946,0.0014311573,0,0.23267034,0,0.4843694134751271,N/A,Review,0.8
L000102,5.0,0.99761605,0.9981115,0.054027878,0.002077323,0,0.4904409,0,0.5227958731573041,N/A,Review,0.8
L000102,6.0,0.9958742,0.99686337,0.99466467,0.001172245,1,0.40340304,0,0.482502134159912,N/A,Review,0.8
L000102,7.0,0.99792117,0.99830854,0.9994149,0.00056316465,2,0.12133244,0,0.5436909672764849,N/A,Review,0.8
L000102,8.0,0.997101,0.9975924,0.99835473,0.0004072339,2,0.08722368,0,0.5376210462410413,N/A,Review,0.8
L000102,9.0,0.9980488,0.99929297,0.9986307,0.00054440316,2,0.25305817,0,0.5872985957602963,N/A,Review,0.8
L000102,10.0,0.99805814,0.9989126,0.9987809,0.0006502297,2,0.16358083,0,0.5787606033608446,N/A,Review,0.8
L000102,11.0,0.99757653,0.998444,0.9960551,0.0008894081,2,0.36677107,0,0.5002265524771153,N/A,Review,0.8
L000102,12.0,0.99750286,0.9988826,0.9991203,0.0011064648,4,0.12989333,0,0.6196093786998055,N/A,Review,0.8
L000102,13.0,0.99832255,0.9989285,0.99954104,0.0010948036,4,0.12358917,0,0.5812097704936658,N/A,Review,0.8
L000102,14.0,0.9919665,0.9971806,0.99724555,0.005795981,4,0.09876387,0,0.6059674461827029,N/A,Review,0.8
L000102,15.0,0.9989091,0.9995722,0.99961543,0.0006644394,4,0.117044166,0,0.6188539719622208,N/A,Review,0.8
L000102,16.0,0.9989942,0.99900454,0.9995196,0.0005580442,4,0.1098462,0,0.6024082119040015,N/A,Review,0.8
L000102,17.0,0.99874383,0.99903667,0.9995264,0.0005152627,4,0.1830288,0,0.5559200940794604,N/A,Review,0.8
L000102,18.0,0.99841166,0.9989064,0.99959415,0.0006120099,4,0.1380033,0,0.6196358755039448,N/A,Review,0.8
L000102,19.0,0.99845004,0.9989355,0.999582,0.00066905643,4,0.21073706,0,0.5469933240596621,N/A,Review,0.8
L000102,20.0,0.998604,0.9987651,0.99960166,0.00065057096,4,0.47448713,0,0.5115097963128206,N/A,Review,0.8
L000102,21.0,0.9985977,0.99855846,0.99962604,0.00059895957,4,0.31431133,0,0.5338968002851275,N/A,Review,0.8
L000102,22.0,0.9989705,0.9988574,0.9995192,0.00059663405,4,0.46411014,0,0.5315915804120893,N/A,Review,0.8
L000102,23.0,0.99839765,0.99838996,0.9995466,0.00073547574,4,0.413085,0,0.502943646273083,N/A,Review,0.8
L000102,24.0,0.99397355,0.9957841,0.99674195,0.0033566582,4,0.29912692,1,0.5270915251452033,N/A,Review,0.8
L000102,25.0,0.9985916,0.99838614,0.9996668,0.00043230102,4,0.2715984,0,0.5052939635995735,N/A,Review,0.8
L000102,26.0,0.9982173,0.9983621,0.9996748,0.00084993616,4,0.22436622,0,0.5290720079694002,N/A,Review,0.8
L000102,27.0,0.9988405,0.99907434,0.9995982,0.00065214897,4,0.3944444,0,0.44482458268793984,N/A,Review,0.8
L000102,28.0,0.99901545,0.99905664,0.999571,0.0006318417,4,0.24931115,0,0.48381007756754035,N/A,Review,0.8
L000113,0.0,0.03565882,0.17417082,0.068853416,0.0625849,3,0.29539055,2,0.7667442591879607,N/A,Review,0.8
L000113,1.0,0.043219425,0.1879335,0.14031452,0.009503346,3,0.06661003,2,0.6397609799810382,N/A,Review,0.8
L000113,2.0,0.047244176,0.22439575,0.10745278,0.12906684,3,0.19603741,2,0.5837037536012746,N/A,Review,0.8
L000113,3.0,0.99529606,0.9960685,0.05147047,0.00041740132,0,0.23338969,2,0.6231443447318826,N/A,Review,0.8
L000113,4.0,0.9964412,0.99701846,0.076887056,0.00029971148,0,0.27195168,2,0.6153789910268488,N/A,Review,0.8
L000113,5.0,0.99390996,0.99164516,0.99307317,0.0025098347,1,0.32869372,2,0.5888562844447853,N/A,Review,0.8
L000113,6.0,0.9966073,0.99576145,0.99912184,0.0007779815,2,0.08466225,2,0.6468519529237247,N/A,Review,0.8
L000113,7.0,0.9958097,0.99232775,0.99865437,0.00056544546,2,0.047317237,0,0.601418923320836,N/A,Review,0.8
L000113,8.0,0.99609524,0.99464524,0.99834704,0.00038422705,2,0.043817878,0,0.7000199987703706,N/A,Review,0.8
L000113,9.0,0.99760747,0.99867517,0.99857736,0.00041979636,2,0.14887406,2,0.663945496408349,N/A,Review,0.8
L000113,10.0,0.99741983,0.99882346,0.9991007,0.00038236773,2,0.08380239,2,0.6145232272850046,N/A,Review,0.8
L000113,11.0,0.99716896,0.9989079,0.99927336,0.0003893514,2,0.05590313,2,0.7273111615195622,N/A,Review,0.8
L000113,12.0,0.9966306,0.9988772,0.99934226,0.00070471753,4,0.08070925,2,0.6353481901010889,N/A,Review,0.8
L000113,13.0,0.99821895,0.9991647,0.99945885,0.0007941933,4,0.024111588,2,0.6897345187298064,N/A,Review,0.8
L000113,14.0,0.998171,0.9993197,0.9994935,0.0004244749,4,0.022165012,2,0.5927113624831397,N/A,Review,0.8
L000113,15.0,0.99833834,0.9994168,0.9995666,0.000420264,4,0.010710867,2,0.6496879610665243,N/A,Review,0.8
L000113,16.0,0.99850595,0.9992956,0.9995783,0.00033726712,4,0.024860078,2,0.6221397510008083,N/A,Review,0.8
L000113,17.0,0.9976878,0.9988292,0.99944454,0.0002165292,4,0.015777178,2,0.634854953368317,N/A,Review,0.8
L000113,18.0,0.9918154,0.99649423,0.9955848,0.00043583097,4,0.026334442,2,0.5923458846768088,N/A,Review,0.8
L000113,19.0,0.99812514,0.99900776,0.9995127,0.0002295566,4,0.014849817,2,0.613353827641441,N/A,Review,0.8
L000113,20.0,0.9982003,0.9989191,0.9994295,0.00032050905,4,0.036880083,2,0.545928758815406,N/A,Review,0.8
L000113,21.0,0.99365485,0.99706,0.9962895,0.000592416,4,0.084775485,2,0.661420999377782,N/A,Review,0.8
L000113,22.0,0.99889886,0.9988286,0.9994671,0.00019593663,4,0.20932466,2,0.5350124139873711,N/A,Review,0.8
L000113,23.0,0.99827456,0.99896526,0.9995603,0.00018389079,4,0.04036331,2,0.6126171106813783,N/A,Review,0.8
L000113,24.0,0.9988417,0.99906105,0.99956745,0.0001717683,4,0.1442186,2,0.5989881850822554,N/A,Review,0.8
L000113,25.0,0.9988845,0.9988613,0.99958545,0.00026433714,4,0.06010288,2,0.6580968365799778,N/A,Review,0.8
L000113,26.0,0.99827087,0.9986527,0.99962115,0.00040283301,4,0.099549405,2,0.5732735994252361,N/A,Review,0.8
L000113,27.0,0.9983375,0.9989496,0.99963045,0.00032907832,4,0.043977812,2,0.6053434203156645,N/A,Review,0.8
L000123,0.0,0.029026717,0.026465463,0.04696017,0.2920091,3,0.066633806,2,0.5814677130299435,N/A,Review,0.8
L000123,1.0,0.029110273,0.03981489,0.052467242,0.16451454,3,0.2636145,3,0.5109234956856472,N/A,Review,0.8
L000123,2.0,0.028564978,0.03523036,0.04403561,0.37290862,3,0.31160006,3,0.4918066669965696,N/A,Review,0.8
L000123,3.0,0.995808,0.99651706,0.036050804,0.0004015247,0,0.2490942,2,0.5659545459647874,N/A,Review,0.8
L000123,4.0,0.9911082,0.9950322,0.98837787,0.00052022364,1,0.218737,2,0.5349152738000802,N/A,Review,0.8
L000123,5.0,0.9965835,0.9971426,0.98747045,0.0012178087,1,0.17435676,2,0.5662144918523708,N/A,Review,0.8
L000123,6.0,0.9973642,0.9975781,0.9907102,0.00023937399,1,0.19552675,2,0.5229454248290367,N/A,Review,0.8
L000123,7.0,0.9653206,0.98893833,0.9573881,0.0014280254,1,0.18516476,2,0.5876140782661684,N/A,Review,0.8
L000123,8.0,0.9980172,0.99759895,0.996808,0.00027021344,1,0.14218181,2,0.5412428903290288,N/A,Review,0.8
L000123,9.0,0.99684876,0.9982132,0.99641716,0.00024083453,1,0.13369969,2,0.6712723854178864,N/A,Review,0.8
L000123,10.0,0.9979905,0.9977769,0.9961945,0.0007954521,1,0.02247132,2,0.607290549806569,N/A,Review,0.8
L000123,11.0,0.99703145,0.99813473,0.9968316,0.00021030477,1,0.0756176,2,0.48649196455796695,N/A,Review,0.8
L000123,12.0,0.9971818,0.99630016,0.99691844,0.00081758527,1,0.06122774,2,0.5104073992998243,N/A,Review,0.8
L000123,13.0,0.99641776,0.99718446,0.99621236,0.0010792383,1,0.18821537,2,0.5225827263011527,N/A,Review,0.8
L000123,14.0,0.99594045,0.9939651,0.99646544,0.0013233753,1,0.12239213,2,0.5022893515303009,N/A,Review,0.8
L000123,15.0,0.9955057,0.9956644,0.99631494,0.0012860334,1,0.19391945,2,0.5108953263163021,N/A,Review,0.8
L000123,16.0,0.9954255,0.99555784,0.9966002,0.00054483034,1,0.22308877,2,0.3269656688256024,N/A,Review,0.8
L000123,17.0,0.9957178,0.99663526,0.9968009,0.001640493,1,0.18927982,2,0.4838368748240735,N/A,Review,0.8
L000123,18.0,0.9963529,0.9965287,0.99761236,0.0025176997,1,0.18324317,2,0.49276112180519194,N/A,Review,0.8
L000123,19.0,0.914804,0.983094,0.98227763,0.013260528,1,0.121743836,2,0.45712941663237194,N/A,Review,0.8
L000123,20.0,0.99579924,0.9972357,0.9991586,0.0010869534,2,0.15846325,2,0.5295387395624249,N/A,Review,0.8
L000124,0.0,0.022133926,0.028754087,0.02600557,0.6094605,3,0.409822,2,0.42430600842168975,N/A,Review,0.8
L000124,1.0,0.031001298,0.052888874,0.059089553,0.35500258,3,0.15381217,3,0.3867778805399654,N/A,Review,0.8
L000124,2.0,0.9956808,0.99603397,0.047073495,0.0017619728,0,0.37582716,3,0.43164082916621194,N/A,Review,0.8
L000124,3.0,0.9898891,0.99325365,0.98220545,0.0012456505,1,0.22104637,3,0.43949618527640266,N/A,Review,0.8
L000124,,0.9954052,0.99713385,0.9888804,0.0047335266,1,0.3617218,2,0.48133153930128114,N/A,Review,0.8
L000124,5.0,0.9957509,0.9974744,0.99707687,0.00040163955,2,0.43565845,0,0.48172544690009345,N/A,Review,0.8
L000124,6.0,0.99337006,0.99532735,0.9975815,0.00023461986,2,0.24023004,0,0.4277039433238653,N/A,Review,0.8
L000124,7.0,0.9944636,0.9958015,0.99798155,0.0002650695,2,0.28973404,0,0.5170265725871811,N/A,Review,0.8
L000124,8.0,0.9967158,0.9981614,0.9990288,0.00038759934,2,0.31004503,0,0.47388225178102283,N/A,Review,0.8
L000124,9.0,0.995523,0.99849236,0.9989448,0.0010701525,2,0.44765162,0,0.45359907918071946,N/A,Review,0.8
L000124,10.0,0.99719304,0.9982268,0.9990299,0.0002835236,2,0.33924034,0,0.4862371415804884,N/A,Review,0.8
L000124,11.0,0.03958449,0.14044218,0.08152026,0.24982223,3,0.22764364,0,0.4589004550787251,N/A,Review,0.8
L000124,12.0,0.016817542,0.032556813,0.012759074,0.19683433,3,0.1476815,0,0.5374262416120827,N/A,Review,0.8
L000124,13.0,0.012604731,0.036557917,0.019641401,0.1254917,3,0.23467174,0,0.504796735449706,N/A,Review,0.8
L000124,,0.022757178,0.0424074,0.041673075,0.3823602,3,0.24159312,0,0.521331770816478,N/A,Review,0.8
L000124,15.0,0.019134862,0.046424065,0.034079637,0.047051057,3,0.24666044,0,0.48713931690878365,N/A,Review,0.8
L000124,16.0,0.031901468,0.051736873,0.018607516,0.074404545,3,0.43268672,0,0.4312209334642364,N/A,Review,0.8
L000124,17.0,0.031786337,0.04365735,0.027959209,0.58521736,3,0.18847983,2,0.34191049509472937,N/A,Review,0.8
L000124,18.0,0.03265665,0.02626506,0.023363197,0.49850395,3,0.31839153,2,0.33977192492799524,N/A,Review,0.8
L000124,19.0,0.032892555,0.028953783,0.024636697,0.5213974,3,0.2765646,2,0.38055559455089083,N/A,Review,0.8
L000124,20.0,0.033554837,0.02058724,0.03005984,0.68928355,3,0.20064057,2,0.31736663404040016,N/A,Review,0.8
L000124,,0.035082065,0.023359416,0.045277134,0.7071265,3,0.18709205,2,0.34468566912556464,N/A,Review,0.8
L000124,22.0,0.027747907,0.033053678,0.029391425,0.67976767,3,0.1332268,2,0.3283310356243782,N/A,Review,0.8
L000124,23.0,0.99610364,0.9948872,0.055716146,0.0016784037,0,0.17130907,2,0.33767425457785094,N/A,Review,0.8
L000124,24.0,0.99575895,0.99731296,0.044909928,0.0010928389,0,0.16299719,2,0.3676025458439155,N/A,Review,0.8
L000124,,0.9953009,0.9966851,0.046071984,0.0009786442,0,0.19113192,0,0.3376963437873569,N/A,Review,0.8
L000124,26.0,0.995551,0.99749243,0.055715106,0.0015187438,0,0.20481609,0,0.3419954818297768,N/A,Review,0.8
L000124,27.0,0.9957392,0.9969861,0.028443515,0.0025920826,0,0.17535108,0,0.3399471233950558,N/A,Review,0.8
L000124,28.0,0.99391633,0.9923866,0.036387358,0.003965401,0,0.09261119,0,0.30994845793517095,N/A,Review,0.8
L000124,29.0,0.99643964,0.99603313,0.045267396,0.0012476976,0,0.12228449,0,0.3666867647590904,N/A,Review,0.8
L000124,30.0,0.038272973,0.017135935,0.016601443,0.72924995,3,0.17041776,2,0.3471289145872559,N/A,Review,0.8
L000124,31.0,0.03529372,0.019769236,0.020237425,0.73856384,3,0.118472345,0,0.4349253285077646,N/A,Review,0.8
L000124,32.0,0.020905755,0.037180133,0.025171697,0.71924686,3,0.22433692,0,0.3677424609847315,N/A,Review,0.8
L000124,33.0,0.025439883,0.02206141,0.03263194,0.6120921,3,0.14293109,0,0.36538489485727343,N/A,Review,0.8
L000124,34.0,0.018580254,0.035299715,0.038660835,0.7044357,3,0.18941642,0,0.344113952794473,N/A,Review,0.8
L000124,35.0,0.018998755,0.023750424,0.03216803,0.72595423,3,0.11725796,1,0.35250314772001173,N/A,Review,0.8
L000124,36.0,0.019245034,0.06281344,0.03665972,0.8527688,3,0.07836725,0,0.2774708759670268,N/A,Review,0.8
L000124,37.0,0.018688701,0.0718176,0.019865027,0.79190177,3,0.034522276,2,0.2780123984576425,N/A,Review,0.8
L000124,38.0,0.9946333,0.99782616,0.040870372,0.0045406944,0,0.052120462,3,0.38263806551891705,N/A,Review,0.8
L000124,39.0,0.99573827,0.9973489,0.02621263,0.0048814015,0,0.045999542,2,0.4285686159969593,N/A,Review,0.8
L000124,40.0,0.995974,0.996662,0.026979618,0.0014064648,0,0.10787852,2,0.43098987242559467,N/A,Review,0.8
L000124,41.0,0.99625033,0.9979353,0.04200612,0.0014543482,0,0.12593406,0,0.40731351449361614,N/A,Review,0.8
L000124,42.0,0.9963284,0.99776864,0.022702267,0.00079870294,0,0.13864866,0,0.4471979442432051,N/A,Review,0.8
L000124,,0.99459296,0.99487513,0.014211699,0.00059842464,0,0.0660399,0,0.3965757422770245,N/A,Review,0.8
L000124,44.0,0.9973335,0.996472,0.033894572,0.00074967573,0,0.09615844,0,0.4298618053109611,N/A,Review,0.8
L000124,45.0,0.99430907,0.99180764,0.98445976,0.001905129,1,0.1338533,0,0.46229688695230636,N/A,Review,0.8
L000124,46.0,0.99646264,0.9941024,0.9990183,0.0007000603,2,0.10349995,0,0.4495189939070069,N/A,Review,0.8
L000124,47.0,0.9965508,0.9966282,0.9991685,0.0003053923,2,0.24409114,1,0.49602463405612784,N/A,Review,0.8
L000124,48.0,0.99807656,0.9980106,0.9987878,0.00045362287,2,0.13091071,2,0.4933980220185044,N/A,Review,0.8
L000124,49.0,0.99763155,0.99711037,0.99877006,0.000609046,2,0.29313943,1,0.5342379503531577,N/A,Review,0.8
L000124,50.0,0.997598,0.997349,0.99917907,0.000314632,2,0.34833008,1,0.5026488142805411,N/A,Review,0.8
L000124,51.0,0.9966462,0.99657637,0.9960801,0.0005149431,2,0.14386097,1,0.4630605662792703,N/A,Review,0.8
L000124,52.0,0.047115516,0.11059098,0.09789576,0.59030205,3,0.112618335,1,0.5180322210310113,N/A,Review,0.8
L000124,53.0,0.018169079,0.016745927,0.01901885,0.17957506,3,0.16987205,0,0.6503933511917882,N/A,Review,0.8
L000124,54.0,0.029740537,0.023141637,0.026211558,0.035492983,3,0.029301556,0,0.6690384237829468,N/A,Review,0.8
L000124,55.0,0.022601707,0.024948617,0.027263766,0.03838321,3,0.026354564,0,0.6220540603031307,N/A,Review,0.8
L000124,56.0,0.025253491,0.038669378,0.026901798,0.06912873,3,0.07242096,0,0.5773365635841361,N/A,Review,0.8
L000124,57.0,0.020100912,0.051747072,0.027871361,0.3593329,3,0.17479362,3,0.45624050219440826,N/A,Review,0.8
L000124,58.0,0.023242531,0.052303866,0.045123342,0.22933635,3,0.29780215,3,0.5460945907815851,N/A,Review,0.8
L000124,59.0,0.02539766,0.050095703,0.03961017,0.28468114,3,0.16594632,1,0.5220784415529809,N/A,Review,0.8
L000124,60.0,0.0204346,0.046187714,0.059156977,0.39256424,3,0.19311574,3,0.6524564092528163,N/A,Review,0.8
L000124,61.0,0.020536175,0.039791122,0.062082462,0.13584514,3,0.09050714,3,0.5292213761529461,N/A,Review,0.8
L000124,62.0,0.018318843,0.05913547,0.08323232,0.3010701,3,0.050188944,3,0.6093472526667257,N/A,Review,0.8
L000124,63.0,0.019620458,0.060847927,0.08593783,0.079702385,3,0.04562608,3,0.5811689409844947,N/A,Review,0.8
L000124,64.0,0.021163983,0.047779102,0.08532459,0.31744212,3,0.03978802,3,0.5759829732492241,N/A,Review,0.8
L000124,65.0,0.026834058,0.05145179,0.061556496,0.3146916,3,0.05561795,1,0.6036527042436565,N/A,Review,0.8
L000124,66.0,0.027098643,0.05077276,0.05019299,0.15683287,3,0.07006721,1,0.5810255479688629,N/A,Review,0.8
L000124,67.0,0.025430618,0.084866986,0.060128205,0.08648218,3,0.016599108,0,0.46243882661787417,N/A,Review,0.8
L000124,68.0,0.017799204,0.07533218,0.085168324,0.06638149,3,0.038918894,1,0.5457728456771843,N/A,Review,0.8
L000124,69.0,0.02090129,0.041331924,0.058133967,0.16411757,3,0.2599508,0,0.6334230020235391,N/A,Review,0.8
L000124,70.0,0.030311693,0.044477805,0.06106465,0.12738307,3,0.09101932,2,0.6700052418025262,N/A,Review,0.8
L000124,71.0,0.033455465,0.05909855,0.060175583,0.061126653,3,0.098334536,0,0.6831606926167597,N/A,Review,0.8
L000124,72.0,0.032828894,0.061284494,0.065462045,0.049918618,3,0.107478045,0,0.6661339421401145,N/A,Review,0.8
L000124,73.0,0.045396183,0.060104277,0.076034665,0.045494985,3,0.051728312,0,0.5902374397293223,N/A,Review,0.8
L000124,74.0,0.043985344,0.104948126,0.062672436,0.0789699,3,0.06931457,2,0.5975755904477094,N/A,Review,0.8
L000124,75.0,0.04807235,0.13629217,0.04509311,0.05161859,3,0.19011424,0,0.6372364709032593,N/A,Review,0.8
L000124,76.0,0.9951885,0.99864966,0.15720712,0.00053857977,0,0.42658603,0,0.7591595483079059,N/A,Review,0.8
L000124,77.0,0.9966813,0.9980903,0.08855565,0.00015848834,0,0.43173742,0,0.7367010316176019,N/A,Review,0.8
L000124,78.0,0.99631834,0.9989397,0.13820666,0.00016137784,0,0.59785247,0,0.7810004723657337,N/A,Review,0.8
L000124,79.0,0.99630547,0.99852633,0.113416605,0.0007844839,0,0.3625241,0,0.8013567984936891,N/A,Review,0.8
L000124,80.0,0.9938758,0.9977144,0.06253831,0.0003846852,0,0.13460961,0,0.7892968013937062,N/A,Review,0.8
L000124,81.0,0.9966181,0.9987865,0.08906942,0.0003127628,0,0.31305802,0,0.7767322295550639,N/A,Review,0.8
L000124,82.0,0.99755883,0.9973571,0.06640156,0.0005510335,0,0.2104082,0,0.8014057201176421,N/A,Review,0.8
L000124,83.0,0.9972633,0.99773824,0.07654708,0.0005323297,0,0.12168882,0,0.813773633866752,N/A,Review,0.8
L000124,84.0,0.99497944,0.9961117,0.052012626,0.0011886066,0,0.05568897,0,0.8977300726907671,N/A,Review,0.8
L000124,85.0,0.023616187,0.045124587,0.05447338,0.08527492,3,0.15870734,0,0.7411683876249744,N/A,Review,0.8
L000124,86.0,0.016837081,0.041715752,0.046041522,0.060820807,3,0.19875193,0,0.8051774376100016,N/A,Review,0.8
L000124,87.0,0.019694077,0.0457522,0.058200575,0.15313753,3,0.2388592,0,0.7913098004342416,N/A,Review,0.8
L000124,88.0,0.03270316,0.030704334,0.056022715,0.07867521,3,0.052211657,1,0.7099583987644557,N/A,Review,0.8
L000124,89.0,0.022444826,0.046536345,0.066469125,0.15528637,3,0.23378839,0,0.9183964103080484,N/A,Review,0.8
L000124,90.0,0.03022667,0.04253051,0.078714915,0.23141968,3,0.046644133,0,0.701870167454294,N/A,Review,0.8
L000124,91.0,0.023192981,0.050496005,0.050400183,0.117297426,3,0.049431138,0,0.8183184549784936,N/A,Review,0.8
L000124,92.0,0.018186955,0.056658316,0.08099957,0.3961581,3,0.052218962,0,0.8348329119071296,N/A,Review,0.8
L000124,93.0,0.02097898,0.053078525,0.057543155,0.7971181,3,0.04607343,0,0.8323263177556188,N/A,Review,0.8
L000124,,0.016064458,0.037369892,0.04965769,0.75446016,3,0.017720945,0,0.8005520864198981,N/A,Review,0.8
L000126,0.0,0.08216271,0.13493197,0.24472359,0.09953929,3,0.33812466,2,0.7111806279029524,N/A,Review,0.8
L000126,1.0,0.06167672,0.051464394,0.057800636,0.36884707,3,0.12573284,2,0.6117371215227143,N/A,Review,0.8
L000126,2.0,0.045045134,0.07969237,0.087677896,0.37185904,3,0.19799134,2,0.6420353823060132,N/A,Review,0.8
L000126,3.0,0.053950947,0.0686688,0.02966242,0.44158295,3,0.11811396,2,0.5807804747659827,N/A,Review,0.8
L000126,4.0,0.04644669,0.10286729,0.050248817,0.30590388,3,0.13066088,3,0.6424328826455326,N/A,Review,0.8
L000126,5.0,0.9966203,0.9973295,0.043270987,0.00032626092,0,0.17771263,2,0.7099872356154753,N/A,Review,0.8
L000126,6.0,0.989808,0.9949366,0.9911316,4.1882453e-05,1,0.26484898,2,0.7206196915951472,N/A,Review,0.8
L000126,7.0,0.99597114,0.99614465,0.9933524,1.760793e-05,1,0.31036308,2,0.7045182431464817,N/A,Review,0.8
L000126,8.0,0.9971397,0.9977301,0.98989165,2.1435339e-05,1,0.16375563,2,0.7127693095781584,N/A,Review,0.8
L000126,9.0,0.9979546,0.99913055,0.9985812,7.0227616e-05,2,0.08716085,0,0.6951652221073505,N/A,Review,0.8
L000126,10.0,0.99806875,0.9976539,0.998895,4.4428394e-05,2,0.087860845,2,0.6868793307098566,N/A,Review,0.8
L000126,11.0,0.99801874,0.99880445,0.99932635,0.00013809242,4,0.074155584,2,0.7640102739122228,N/A,Review,0.8
L000126,12.0,0.99851424,0.99927586,0.9994696,0.00010619874,4,0.06262544,2,0.7545606635714739,N/A,Review,0.8
L000126,13.0,0.99854714,0.99938667,0.99963844,8.6256405e-05,4,0.09820832,2,0.7750601072821779,N/A,Review,0.8
L000126,14.0,0.99890137,0.9995165,0.9997131,5.917908e-05,4,0.12516987,2,0.7967652202723354,N/A,Review,0.8
L000126,15.0,0.9988348,0.99965084,0.9997389,8.367323e-05,4,0.15736972,2,0.7136428021349523,N/A,Review,0.8
L000126,16.0,0.99876106,0.9996704,0.99965036,3.4692534e-05,4,0.05713323,2,0.7017356719387227,N/A,Review,0.8
L000126,17.0,0.9989473,0.9996063,0.9996749,0.00012979373,4,0.2436141,2,0.6349077700669438,N/A,Review,0.8
L000126,18.0,0.9988385,0.9994985,0.99964714,7.878828e-05,4,0.2740224,2,0.6665591423503385,N/A,Review,0.8
L000126,19.0,0.99903345,0.9995716,0.99968517,0.00010798889,4,0.36283568,2,0.5872188981918114,N/A,Review,0.8
L000126,20.0,0.9987627,0.99954766,0.9996543,0.00013262041,4,0.38484758,0,0.5882319563418315,N/A,Review,0.8
L000126,21.0,0.99889404,0.99948657,0.9996762,6.781214e-05,4,0.2328496,0,0.6952512656672682,N/A,Review,0.8
L000126,22.0,0.99864405,0.99951243,0.99966097,0.00016636841,4,0.041072987,0,0.6150384690193291,N/A,Review,0.8
L000126,23.0,0.998899,0.99955195,0.9996668,7.836402e-05,4,0.28786618,0,0.6744292277189725,N/A,Review,0.8
L000126,24.0,0.9987172,0.99953556,0.99967563,5.5211764e-05,4,0.2989944,0,0.6369780753563941,N/A,Review,0.8
L000126,25.0,0.9986375,0.9995529,0.99969506,0.0001041712,4,0.33561456,0,0.5830532294502494,N/A,Review,0.8
L000126,26.0,0.9983908,0.99964654,0.9997018,0.00024352293,4,0.3144546,0,0.5912809153745375,N/A,Review,0.8
L000126,27.0,0.99870527,0.9997534,0.9996904,0.00018105003,4,0.23287545,0,0.640764006581016,N/A,Review,0.8
L000126,28.0,0.9985453,0.999647,0.99968886,0.00020264796,4,0.43235254,0,0.6329941486024968,N/A,Review,0.8
L000126,29.0,0.9986186,0.99966156,0.99970055,0.00022307003,4,0.315754,0,0.6035082661298996,N/A,Review,0.8
L000126,30.0,0.9942662,0.99888045,0.9975248,0.0009355449,4,0.47277027,0,0.6079279256779242,N/A,Review,0.8
L000126,31.0,0.9987142,0.99955505,0.99967957,0.00017262735,4,0.44555026,0,0.5932716006094301,N/A,Review,0.8
L000126,32.0,0.9990301,0.99976975,0.9996444,0.00022918548,4,0.22448201,3,0.7766448970454799,N/A,Review,0.8
L000126,33.0,0.99855834,0.9997162,0.99966896,6.8320835e-05,4,0.33651316,0,0.7026426989868271,N/A,Review,0.8
L000126,34.0,0.99889106,0.9996983,0.9996754,9.232045e-05,4,0.42307314,0,0.6483747383233605,N/A,Review,0.8
L000126,35.0,0.9988525,0.9996321,0.9996389,0.00022312088,4,0.30107287,0,0.5447674957284412,N/A,Review,0.8
L000126,36.0,0.99890935,0.9996357,0.99965525,0.00014152034,4,0.3748341,0,0.7340838722518098,N/A,Review,0.8
L000126,37.0,0.9989183,0.99966,0.99961275,0.0001494044,4,0.25287586,0,0.5880200887285638,N/A,Review,0.8
L000126,38.0,0.99902403,0.99965143,0.99961936,9.107087e-05,4,0.33596483,0,0.6885972024983957,N/A,Review,0.8
L000126,39.0,0.99907047,0.999655,0.99962187,0.00012808962,4,0.45234287,0,0.6214858386851045,N/A,Review,0.8
L000126,40.0,0.9990889,0.9997019,0.999684,0.00018219072,4,0.28252292,0,0.6070493861817531,N/A,Review,0.8
L000126,41.0,0.99912626,0.99965394,0.9997004,0.00024657726,4,0.3967013,0,0.6204317014723921,N/A,Review,0.8
L000126,,0.9983773,0.9995395,0.9996855,0.00010400227,4,0.33586693,0,0.6093606568015195,N/A,Review,0.8
L000126,43.0,0.99898607,0.9995554,0.9997069,5.9077356e-05,4,0.18500362,0,0.6649276050934214,N/A,Review,0.8
L000126,,0.9987336,0.9994511,0.9997049,3.3962056e-05,4,0.21222064,0,0.6542445173878252,N/A,Review,0.8
L000126,45.0,0.99913955,0.99960583,0.9997172,4.1158983e-05,4,0.20457585,0,0.6633236481597865,N/A,Review,0.8
L000126,46.0,0.99918884,0.99957544,0.99973685,7.28845e-05,4,0.24409693,0,0.637440144424292,N/A,Review,0.8
L000126,47.0,0.99923563,0.9995701,0.99971026,0.00013505791,4,0.28859052,0,0.6360596379867958,N/A,Review,0.8
L000126,,0.9985001,0.99937856,0.9997117,0.00014866628,4,0.18479814,0,0.6657591875379514,N/A,Review,0.8
L000126,49.0,0.9993556,0.999723,0.99973756,7.487657e-05,4,0.16692857,2,0.6206149150803923,N/A,Review,0.8
L000126,50.0,0.99921453,0.9996588,0.9997402,0.000106848835,4,0.14396583,0,0.6692307139240661,N/A,Review,0.8
L000126,51.0,0.9992706,0.9995943,0.99971825,0.00022059752,4,0.079932086,0,0.7011462378381322,N/A,Review,0.8
L000126,52.0,0.9992403,0.9997002,0.99971825,0.00011822589,4,0.18900833,0,0.6241936001102016,N/A,Review,0.8
L000129,0.0,0.029291622,0.03134235,0.013211802,0.18306102,3,0.2603101,1,0.5805315727864203,N/A,Review,0.8
L000129,1.0,0.026100207,0.12786835,0.040005136,0.113998376,3,0.054787196,3,0.6124979294148998,N/A,Review,0.8
L000129,2.0,0.99491876,0.9975126,0.021537097,0.0010096182,0,0.10452678,3,0.6083351125427501,N/A,Review,0.8
L000129,3.0,0.9969734,0.9979772,0.025651513,0.0006923246,0,0.027052687,0,0.5362418705012151,N/A,Review,0.8
L000129,4.0,0.99701536,0.9931425,0.033140894,0.0006407617,0,0.070092425,0,0.6307533724102425,N/A,Review,0.8
L000129,5.0,0.997003,0.9955023,0.024341483,0.0011746517,0,0.13968591,3,0.5591302364293242,N/A,Review,0.8
L000129,6.0,0.9970451,0.9951382,0.03150424,0.0008141339,0,0.27832368,2,0.49340596625930194,N/A,Review,0.8
L000129,7.0,0.997825,0.99736834,0.020676695,0.0009008921,0,0.19732364,1,0.49395191645894576,N/A,Review,0.8
L000129,8.0,0.99805695,0.9959222,0.027456533,0.0007596051,0,0.139884,1,0.5167215787190951,N/A,Review,0.8
L000129,9.0,0.9974637,0.9957386,0.024812393,0.00035792973,0,0.36099792,2,0.45883060929371355,N/A,Review,0.8
L000129,10.0,0.9979892,0.99607,0.030726716,0.0011232963,0,0.19431628,1,0.5231936198749773,N/A,Review,0.8
L000129,11.0,0.99649745,0.9936132,0.98621595,0.00079255836,1,0.17544703,1,0.47041523890000403,N/A,Review,0.8
L000129,12.0,0.9970715,0.9956922,0.9940598,0.0009947944,1,0.09761936,2,0.5564294472389122,N/A,Review,0.8
L000129,13.0,0.99635327,0.994962,0.9959848,0.0004638749,1,0.1431473,1,0.6366499257500919,N/A,Review,0.8
L000129,14.0,0.99650806,0.9948879,0.996837,0.00012229757,1,0.15241645,1,0.45830422844753665,N/A,Review,0.8
L000129,,0.9971513,0.99655837,0.9966182,0.00047713084,1,0.1713006,1,0.49952921516888105,N/A,Review,0.8
L000129,16.0,0.99793696,0.995059,0.99550456,0.0005836767,1,0.18585962,1,0.5003421787578951,N/A,Review,0.8
L000129,17.0,0.99759835,0.99614304,0.9962758,0.00052725873,1,0.32015812,2,0.4515366703898995,N/A,Review,0.8
L000129,18.0,0.9975116,0.9929053,0.99443924,0.00034064587,1,0.3933372,1,0.48717487344678956,N/A,Review,0.8
L000129,19.0,0.9973247,0.99519265,0.99563134,0.0005987712,1,0.1516395,1,0.45451552025390624,N/A,Review,0.8
L000129,20.0,0.9960008,0.99265033,0.99581957,0.0007474312,1,0.19527775,1,0.4497709404510845,N/A,Review,0.8
L000129,21.0,0.9957586,0.9914955,0.9929802,0.00024690566,1,0.1754753,1,0.4851902505224766,N/A,Review,0.8
L000129,22.0,0.9684702,0.947444,0.9892335,0.00141674,5,0.20665358,0,0.6544627734932145,N/A,Review,0.8
L000129,23.0,0.96487534,0.93761384,0.9874328,0.0006906639,5,0.03955553,0,0.7138681885250273,N/A,Review,0.8
L000129,24.0,0.72340316,0.5892649,0.5736748,0.0069351364,5,0.07389438,2,0.655861067121982,N/A,Review,0.8
L000129,25.0,0.9795473,0.9800632,0.9877914,0.00041180215,5,0.012843897,0,0.7597978452811867,N/A,Review,0.8
L000129,26.0,0.9740514,0.9888882,0.9918296,0.0005666988,5,0.029602043,0,0.7964946483389422,N/A,Review,0.8
L000129,27.0,0.9811302,0.9846331,0.9907203,0.00026957656,5,0.048388235,0,0.7437365483180247,N/A,Review,0.8
L000129,28.0,0.9844189,0.99375254,0.99287766,0.0010485197,5,0.12332959,1,0.6027233555961091,N/A,Review,0.8
L000129,29.0,0.9829344,0.9752993,0.9917448,0.0029047013,5,0.15339135,0,0.6458965414950686,N/A,Review,0.8
L000129,30.0,0.9854755,0.9842582,0.99185514,0.0012974611,5,0.0953435,1,0.6823904850445717,N/A,Review,0.8
L000136,0.0,0.09130196,0.06525455,0.25361347,0.32926035,3,0.175456,2,0.5243095325576508,N/A,Review,0.8
L000136,,0.20934549,0.36254808,0.19804959,0.46004048,0,0.18499155,2,0.594668704405035,N/A,Review,0.8
L000136,2.0,0.9974607,0.99720144,0.14318444,0.0016092001,0,0.2759374,3,0.5494975982343986,N/A,Review,0.8
L000136,3.0,0.99358445,0.9919756,0.99468505,0.00055666745,1,0.15921874,3,0.5776123379289992,N/A,Review,0.8
L000136,4.0,0.99558544,0.9918434,0.9904709,0.0005894537,1,0.08055373,2,0.5109158609494353,N/A,Review,0.8
L000136,5.0,0.9982765,0.9966911,0.9960847,0.0015720035,1,0.2046151,2,0.5320907819123273,N/A,Review,0.8
L000136,6.0,0.9980483,0.9938127,0.99840385,0.0004309026,1,0.11494327,2,0.5472432185147487,N/A,Review,0.8
L000136,7.0,0.9984321,0.9965939,0.9987484,0.00058164244,1,0.113115706,2,0.5298959988057017,N/A,Review,0.8
L000136,8.0,0.96992624,0.98739445,0.9906211,0.0038039684,1,0.18144913,2,0.48220149228583364,N/A,Review,0.8
L000136,9.0,0.99682474,0.99746907,0.9975852,0.0003729579,1,0.44734988,2,0.4834736852420177,N/A,Review,0.8
L000136,10.0,0.9974119,0.99814296,0.99933213,0.00046624235,2,0.276754,2,0.48239622609168153,N/A,Review,0.8
L000136,11.0,0.9975345,0.99880016,0.99943084,0.0003544593,2,0.09654136,2,0.5354095685412877,N/A,Review,0.8
L000136,12.0,0.9977532,0.99875927,0.999385,0.0004332883,2,0.10711157,2,0.5171118054270812,N/A,Review,0.8
L000136,13.0,0.9975884,0.9986399,0.9992605,0.00025496437,2,0.13050863,2,0.5200372333335112,N/A,Review,0.8
L000136,14.0,0.99825305,0.99932265,0.999374,0.00012277687,2,0.06808992,2,0.4749778202334418,N/A,Review,0.8
L000136,15.0,0.9983235,0.9996574,0.9995821,0.0004045455,4,0.049037755,2,0.6746107505786834,N/A,Review,0.8
L000136,16.0,0.9985563,0.9996216,0.99954283,0.00040894793,4,0.04211809,2,0.5486906713227584,N/A,Review,0.8
L000136,17.0,0.9988914,0.9996234,0.99961156,0.0003133364,4,0.04747761,2,0.5630395025612194,N/A,Review,0.8
L000136,18.0,0.99894184,0.9990841,0.9996406,0.000846744,4,0.06351467,1,0.5591731059367722,N/A,Review,0.8
L000136,19.0,0.9985245,0.999435,0.9996377,0.0004988463,4,0.11819914,2,0.5194490070933733,N/A,Review,0.8
L000136,20.0,0.9985827,0.99943346,0.9996165,0.0003759744,4,0.13036008,2,0.5637097728205933,N/A,Review,0.8
L000136,21.0,0.9988003,0.9996388,0.99963844,0.00038659025,4,0.22274044,1,0.5224401890248769,N/A,Review,0.8
L000136,22.0,0.99907696,0.9993413,0.9996786,0.00049102114,4,0.33411318,2,0.5128212734601736,N/A,Review,0.8
L000136,23.0,0.99859744,0.99951136,0.99964297,0.00051075255,4,0.17276256,2,0.45866282292295596,N/A,Review,0.8
L000136,24.0,0.9985985,0.99924856,0.9996551,0.00041445615,4,0.21587595,2,0.45177167919650696,N/A,Review,0.8
L000136,25.0,0.99890244,0.99954283,0.999686,0.00025727294,4,0.3158773,2,0.4616985558701937,N/A,Review,0.8
L000136,26.0,0.99849725,0.9994854,0.99965477,0.00069587707,4,0.1929505,2,0.45596636007489666,N/A,Review,0.8
L000136,27.0,0.9986572,0.99940944,0.99965477,0.00063296943,4,0.2625459,2,0.42611604957276294,N/A,Review,0.8
L000136,28.0,0.9989993,0.9996197,0.9996762,0.0005659547,4,0.18403034,2,0.4801752224800193,N/A,Review,0.8
L000136,29.0,0.99877447,0.9995467,0.99964416,0.0005072617,4,0.20338053,2,0.45650374612180405,N/A,Review,0.8
L000136,30.0,0.9988714,0.9995974,0.99966466,0.0002971627,4,0.07851897,2,0.49543786005215573,N/A,Review,0.8
L000136,31.0,0.999064,0.9995641,0.9996462,0.00026110816,4,0.12318345,2,0.4487211083832728,N/A,Review,0.8
L000136,32.0,0.9991196,0.99952745,0.99964595,0.00036613777,4,0.0745798,1,0.4648832942913503,N/A,Review,0.8
L000136,33.0,0.9988551,0.99957997,0.9996277,0.0002919724,4,0.056519244,1,0.48155612169516854,N/A,Review,0.8
L000136,34.0,0.9988613,0.9996942,0.9996277,0.00027200262,4,0.094789095,1,0.4782373737622104,N/A,Review,0.8
L000136,35.0,0.9952473,0.99869555,0.9973189,0.0006680166,4,0.0913238,1,0.515545995066172,N/A,Review,0.8
L000136,36.0,0.9990513,0.99971145,0.99963427,0.00016856594,4,0.09238506,1,0.4338493347578861,N/A,Review,0.8
L000136,,0.9988445,0.99941134,0.99961567,0.00017480266,4,0.15294641,1,0.473240612531722,N/A,Review,0.8
L000136,38.0,0.9991252,0.99962103,0.99961567,0.00019227425,4,0.19331254,0,0.431350550275011,N/A,Review,0.8
L000136,39.0,0.9990189,0.99971527,0.99961936,0.00017408044,4,0.24880175,2,0.5014610449569183,N/A,Review,0.8
L000136,40.0,0.99917394,0.9996146,0.9996159,0.00015499478,4,0.14294529,2,0.5095515346611699,N/A,Review,0.8
L000136,41.0,0.99907255,0.9996884,0.99969983,0.00032544605,4,0.06156001,0,0.42430377533587027,N/A,Review,0.8
L000136,42.0,0.9990916,0.99975497,0.9996424,0.00010074512,4,0.13631406,0,0.4610704292637002,N/A,Review,0.8
L000136,43.0,0.99905044,0.99966955,0.99961793,7.223588e-05,4,0.09837349,2,0.5263029807407222,N/A,Review,0.8
L000136,44.0,0.9992544,0.99957484,0.9996418,0.00010637011,4,0.11228721,2,0.5360519890819307,N/A,Review,0.8
L000136,45.0,0.9987154,0.9996424,0.9996043,0.00010733697,4,0.16305915,2,0.5931382080566213,N/A,Review,0.8
L000136,46.0,0.9991603,0.9997408,0.9996432,7.678728e-05,4,0.11586928,0,0.4956510410969336,N/A,Review,0.8
L000136,47.0,0.999158,0.9996762,0.99964523,0.00015988601,4,0.15818396,2,0.5420633691805135,N/A,Review,0.8
L000136,48.0,0.99901164,0.9997428,0.9996451,0.00017413091,4,0.10256721,0,0.4424391604447284,N/A,Review,0.8
L000136,49.0,0.9965539,0.9992274,0.99749964,0.0002708288,4,0.041326184,0,0.608190666744679,N/A,Review,0.8
L000136,50.0,0.9992238,0.9997545,0.99966335,0.00021364562,4,0.04834943,1,0.5407932091259025,N/A,Review,0.8
L000136,,0.99354327,0.9988518,0.9971335,0.00045595286,4,0.021520715,2,0.6327387046875621,N/A,Review,0.8
L000136,52.0,0.9991037,0.99975747,0.99963987,0.00012641826,4,0.0657129,1,0.5367941410243673,N/A,Review,0.8
L000136,53.0,0.9990822,0.9996556,0.9995995,0.00019614318,4,0.057316385,2,0.5809824415884433,N/A,Review,0.8
L000136,54.0,0.99894994,0.9997353,0.9996055,0.00013909096,4,0.019677978,1,0.5991723334237774,N/A,Review,0.8
L000136,55.0,0.99907315,0.9997398,0.9996307,0.00011870712,4,0.028133726,1,0.5833025534229761,N/A,Review,0.8
L000136,56.0,0.99894994,0.9997359,0.9996055,0.000120865545,4,0.055357464,1,0.6059482098406721,N/A,Review,0.8
L000136,57.0,0.9992186,0.9996562,0.99962413,0.00015061365,4,0.1001515,1,0.5954326850948223,N/A,Review,0.8
L000136,58.0,0.9991037,0.99974376,0.99962807,0.0001098532,4,0.046037722,2,0.5955150826216532,N/A,Review,0.8
L000136,59.0,0.9992186,0.9996815,0.99961996,0.00015061365,4,0.06352057,1,0.6158443059203327,N/A,Review,0.8
L000136,60.0,0.9992551,0.99966323,0.9996197,0.0001739807,4,0.04140122,1,0.5947010975563104,N/A,Review,0.8
L000136,61.0,0.9991013,0.99977165,0.9996525,7.030098e-05,4,0.018799592,1,0.6066184193851372,N/A,Review,0.8
L000136,62.0,0.9991443,0.99978596,0.99961996,8.4771505e-05,4,0.016582055,2,0.618930714202515,N/A,Review,0.8
L000136,63.0,0.9990822,0.99967396,0.9996026,0.00015274809,4,0.028445581,2,0.6568396955235944,N/A,Review,0.8
L000136,64.0,0.9990219,0.9997749,0.99966204,7.702379e-05,4,0.01796928,1,0.6268127581507497,N/A,Review,0.8
L000136,65.0,0.9991722,0.99975425,0.99961996,0.00012480596,4,0.06864362,1,0.6575787233742985,N/A,Review,0.8
L000136,66.0,0.99920386,0.99964476,0.999619,0.00017370952,4,0.09465649,1,0.6104671444011107,N/A,Review,0.8
L000136,67.0,0.99890554,0.9997507,0.99967813,0.00013009644,4,0.069445245,2,0.7643741616738681,N/A,Review,0.8
L000137,0.0,0.05294318,0.06466488,0.04877536,0.40460595,3,0.110184595,2,0.7078403917291063,N/A,Review,0.8
L000137,1.0,0.12382104,0.05882643,0.11256366,0.043399606,3,0.18326268,3,0.7083096635252208,N/A,Review,0.8
L000137,2.0,0.09649403,0.06148665,0.08026544,0.5276582,3,0.22444297,3,0.6509307401016793,N/A,Review,0.8
L000137,3.0,0.16722846,0.13837963,0.032518238,0.52886176,3,0.19674695,2,0.5855029328180319,N/A,Review,0.8
L000137,4.0,0.053238824,0.07654465,0.055307698,0.58810663,3,0.052549027,2,0.5985775951229295,N/A,Review,0.8
L000137,5.0,0.093152225,0.085207045,0.055245597,0.51091486,3,0.3218966,3,0.6245236343791221,N/A,Review,0.8
L000137,6.0,0.09443914,0.066425495,0.054293394,0.28521377,3,0.2882659,2,0.5643187365880891,N/A,Review,0.8
L000137,7.0,0.105892725,0.07101934,0.07042269,0.38677233,3,0.20040786,2,0.6209327581331732,N/A,Review,0.8
L000137,8.0,0.09726841,0.05950999,0.04830522,0.28840405,3,0.49203035,2,0.5966347274171574,N/A,Review,0.8
L000137,9.0,0.099114746,0.08637806,0.037303384,0.3659071,3,0.44898972,2,0.5967940635954398,N/A,Review,0.8
L000137,10.0,0.10409822,0.13109301,0.058188874,0.7110046,3,0.5925843,2,0.4863488056753375,N/A,Review,0.8
L000137,11.0,0.11037647,0.088976495,0.050447077,0.56052756,3,0.13795684,2,0.6360458519442599,N/A,Review,0.8
L000137,12.0,0.09863204,0.10885634,0.059305176,0.35885164,3,0.09105538,2,0.6241523360202309,N/A,Review,0.8
L000137,13.0,0.103402235,0.08908746,0.057793792,0.8093401,3,0.14698082,2,0.63843126095804,N/A,Review,0.8
L000137,14.0,0.27445194,0.2898681,0.13348183,0.6115001,3,0.060912278,2,0.6221032507827757,N/A,Review,0.8
L000137,15.0,0.9976209,0.9984767,0.060994517,0.0022782302,0,0.08373123,2,0.6276034605543184,N/A,Review,0.8
L000137,16.0,0.99463946,0.9954277,0.9901084,0.00043377618,1,0.06988211,2,0.668973270653376,N/A,Review,0.8
L000137,17.0,0.99712104,0.99841213,0.9961971,0.0049702236,1,0.049798228,2,0.7548199481908472,N/A,Review,0.8
L000137,18.0,0.9977683,0.99836713,0.9892786,0.0007192701,2,0.040137112,2,0.6589405375283086,N/A,Review,0.8
L000137,19.0,0.99819046,0.9982863,0.9985581,0.00020805898,2,0.028569741,2,0.7329288437469108,N/A,Review,0.8
L000137,20.0,0.99834204,0.9976376,0.9988932,0.00025295635,2,0.04687322,0,0.7057965580075766,N/A,Review,0.8
L000137,21.0,0.99835914,0.99884605,0.99916744,0.00044288478,2,0.11280538,2,0.6196661626832365,N/A,Review,0.8
L000137,22.0,0.99855894,0.99909925,0.9993187,0.0003666521,2,0.1929731,2,0.6161408433820534,N/A,Review,0.8
L000137,23.0,0.9987294,0.9993631,0.99926263,0.00086398766,2,0.29106563,2,0.6352448393188106,N/A,Review,0.8
L000137,,0.99871373,0.9991309,0.9993018,0.0009537067,2,0.15121593,2,0.6508452610732913,N/A,Review,0.8
L000137,25.0,0.998365,0.9991357,0.9992373,0.00052870234,2,0.34733677,2,0.6271308373305764,N/A,Review,0.8
L000137,26.0,0.99792683,0.9989311,0.9993998,0.00095505605,2,0.22488697,2,0.6613780995182836,N/A,Review,0.8
L000137,27.0,0.99815565,0.9988814,0.9991966,0.00039793513,2,0.2703229,2,0.6355532521174536,N/A,Review,0.8
L000137,28.0,0.99835265,0.99885225,0.9992822,0.0003584648,2,0.28586954,2,0.5648016599693422,N/A,Review,0.8
L000137,29.0,0.9983615,0.9983175,0.99920744,0.00026042122,2,0.13898705,2,0.6606108286270329,N/A,Review,0.8
L000137,30.0,0.9979272,0.99859077,0.9992799,0.00028109745,2,0.25954878,2,0.6693655494078288,N/A,Review,0.8
L000137,31.0,0.99862444,0.9991844,0.9993605,0.0004861291,4,0.101156324,2,0.7068841070830922,N/A,Review,0.8
L000137,,0.99875724,0.9992686,0.9995208,0.00047420745,4,0.27263463,2,0.6985365466008463,N/A,Review,0.8
L000137,33.0,0.99907136,0.9995813,0.99954945,0.00015399202,4,0.150683,2,0.6841461579868051,N/A,Review,0.8
L000137,34.0,0.9988194,0.9993851,0.9995178,0.000120887096,4,0.19787757,2,0.7390780911129804,N/A,Review,0.8
L000137,35.0,0.99876344,0.9996119,0.99965334,0.00025194712,4,0.10030539,0,0.6457650329631719,N/A,Review,0.8
L000137,,0.9986511,0.99942976,0.99969006,0.0006209692,4,0.12845866,2,0.7956587506856296,N/A,Review,0.8
L000137,37.0,0.9989925,0.9994704,0.9995634,0.00023569787,4,0.2306287,0,0.6329613072518145,N/A,Review,0.8
L000137,38.0,0.99929583,0.9994758,0.9995584,0.0003115061,4,0.14708826,0,0.5668985447132591,N/A,Review,0.8
L000137,39.0,0.99885285,0.99956673,0.99964535,0.0006925232,4,0.28689536,2,0.6783187650603364,N/A,Review,0.8
L000137,40.0,0.9991667,0.99956304,0.9995459,0.0001952226,4,0.06605335,2,0.71291573445852,N/A,Review,0.8
L000137,41.0,0.9991381,0.999376,0.9995403,0.00014774039,4,0.09487943,2,0.657194111660889,N/A,Review,0.8
L000137,42.0,0.9992386,0.9994968,0.99954575,0.00041391858,4,0.07211659,0,0.6224436586396788,N/A,Review,0.8
L000137,43.0,0.9993506,0.9994265,0.99957794,0.00029871648,4,0.09211919,2,0.6019001121697556,N/A,Review,0.8
L000137,44.0,0.9990706,0.99937195,0.99966383,0.00021818504,4,0.19601962,2,0.6531300658689645,N/A,Review,0.8
L000137,45.0,0.99930334,0.99936,0.9996045,0.00047207574,4,0.08114854,2,0.6028804199957574,N/A,Review,0.8
L000137,46.0,0.9994073,0.99971133,0.9996313,0.0007233629,4,0.5619106,2,0.5833958096876268,N/A,Review,0.8
L000137,47.0,0.9991159,0.99965286,0.9996507,0.000509173,4,0.11216538,2,0.7726390202505108,N/A,Review,0.8
L000137,48.0,0.9992797,0.99954116,0.9996257,0.00033151117,4,0.16225046,2,0.631069625859703,N/A,Review,0.8
L000137,49.0,0.99933654,0.9993401,0.9995926,0.00060405675,4,0.27603498,2,0.6760951933503125,N/A,Review,0.8
L000137,50.0,0.9993161,0.9995295,0.9996531,0.0005489131,4,0.05604777,2,0.6815516484689152,N/A,Review,0.8
L000137,51.0,0.9991937,0.9994642,0.99971,0.0003742408,4,0.041032206,2,0.6856422705184999,N/A,Review,0.8
L000137,52.0,0.9991042,0.9994764,0.99967253,0.0004644098,4,0.09024851,2,0.6868670584226134,N/A,Review,0.8
L000137,53.0,0.99925405,0.999554,0.9996749,0.00047522533,4,0.15174024,2,0.6639860600596708,N/A,Review,0.8
L000137,,0.9988721,0.9993036,0.9995915,0.00043545724,4,0.07577206,2,0.6742294574933461,N/A,Review,0.8
L000137,55.0,0.9989893,0.9995714,0.99961036,0.00050495355,4,0.23059177,2,0.6566750163912936,N/A,Review,0.8
L000137,56.0,0.99893683,0.999496,0.99959785,0.0003811858,4,0.23637787,2,0.6500968115438341,N/A,Review,0.8
L000137,57.0,0.9987834,0.9996897,0.9996275,0.0001755811,4,0.1288394,2,0.6075590564587717,N/A,Review,0.8
L000137,58.0,0.9989454,0.99957675,0.99959236,0.0001660255,4,0.05357807,2,0.7297819840682702,N/A,Review,0.8
L000137,59.0,0.9971148,0.99859864,0.99590486,0.0007947884,4,0.12852228,2,0.6903515809242189,N/A,Review,0.8
L000137,60.0,0.99674463,0.998456,0.9970811,0.00077698124,4,0.032973457,3,0.8487003812016602,N/A,Review,0.8
L000137,61.0,0.99923956,0.99947566,0.9996289,0.00017181614,4,0.114434235,2,0.7078460325230254,N/A,Review,0.8
L000137,62.0,0.99933076,0.9994861,0.9996151,0.0003550715,4,0.07573072,2,0.7037396193475037,N/A,Review,0.8
L000137,63.0,0.99929464,0.9995204,0.9996151,0.00042466956,4,0.0591267,1,0.6690735597055666,N/A,Review,0.8
L000137,64.0,0.9992606,0.9994235,0.9996599,0.00030991892,4,0.009279439,2,0.7649518956027506,N/A,Review,0.8
L000137,65.0,0.99922466,0.9996952,0.9997129,0.00017814268,4,0.06168354,2,0.6728642364647683,N/A,Review,0.8
L000137,66.0,0.99930215,0.9995753,0.99965906,0.0002008241,4,0.03865812,2,0.7580208679787661,N/A,Review,0.8
L000137,67.0,0.999215,0.99949753,0.999728,0.00029484354,4,0.10234932,1,0.7043080524105553,N/A,Review,0.8
L000137,68.0,0.99919635,0.9994413,0.9996427,0.0004896251,4,0.26394814,1,0.7565684290356278,N/A,Review,0.8
L000137,69.0,0.9992835,0.9994691,0.99955446,0.0003899864,4,0.05441682,2,0.7897386487517324,N/A,Review,0.8
L000140,0.0,0.035554133,0.02931095,0.03106092,0.17067517,3,0.09770579,0,0.5175743687885628,N/A,Review,0.8
L000140,1.0,0.029595131,0.023095056,0.029157065,0.3573023,3,0.56704634,0,0.438879814450494,N/A,Review,0.8
L000140,,0.09837441,0.035115287,0.016893629,0.64675343,3,0.661652,0,0.42639701159513993,N/A,Review,0.8
L000140,3.0,0.027792497,0.029565329,0.017466387,0.74203175,3,0.28475484,0,0.379455533471373,N/A,Review,0.8
L000140,4.0,0.9958549,0.99574727,0.028374497,0.00079348375,0,0.42333576,0,0.46298454617115414,N/A,Review,0.8
L000140,5.0,0.99774534,0.9973591,0.027560186,0.0014983496,0,0.43783292,0,0.4669398404445423,N/A,Review,0.8
L000140,6.0,0.9930736,0.99373794,0.99234056,0.00024020411,1,0.4362965,0,0.460259276028267,N/A,Review,0.8
L000140,7.0,0.99677014,0.9976199,0.9985393,0.00021449859,2,0.23097359,0,0.504913561222949,N/A,Review,0.8
L000140,8.0,0.98750603,0.9914181,0.9935819,0.00034019674,2,0.15729,0,0.5084602828767527,N/A,Review,0.8
L000140,9.0,0.9968725,0.99741435,0.99881244,0.000126402,2,0.2606987,0,0.5512353266923529,N/A,Review,0.8
L000140,10.0,0.99238,0.99687237,0.98638433,0.0076226527,2,0.077904955,2,0.5942120796319255,N/A,Review,0.8
L000140,11.0,0.9981482,0.9991516,0.99934274,0.00032017005,2,0.11644533,0,0.437808153009707,N/A,Review,0.8
L000140,12.0,0.9981159,0.9991208,0.99937314,0.00034656998,2,0.24299152,0,0.46873397374952325,N/A,Review,0.8
L000140,13.0,0.9982437,0.9987834,0.99951303,0.0005667261,2,0.23550497,0,0.42955693648617593,N/A,Review,0.8
L000140,14.0,0.99832386,0.9985959,0.9995229,0.00038363523,2,0.18216123,0,0.46945804961389653,N/A,Review,0.8
L000140,15.0,0.9979646,0.99945766,0.9994698,0.00028507048,2,0.105777204,2,0.41731553753379946,N/A,Review,0.8
L000140,,0.9981091,0.9990658,0.99943095,0.00017908464,2,0.32999468,0,0.44320092309689707,N/A,Review,0.8
L000140,17.0,0.9984658,0.9990061,0.99951494,0.00032009804,2,0.38336882,0,0.4560416472179323,N/A,Review,0.8
L000140,18.0,0.9986338,0.9989347,0.99958986,0.00044251807,2,0.23800191,0,0.47287296177482335,N/A,Review,0.8
L000140,19.0,0.99843794,0.99886984,0.9994597,0.0005185985,2,0.45525086,0,0.41281792500140774,N/A,Review,0.8
L000140,,0.99848866,0.9989693,0.9994486,0.00034630197,2,0.5194445,0,0.41268738992668047,N/A,Review,0.8
L000140,21.0,0.9982803,0.9987876,0.99952304,0.00015797054,2,0.5144942,0,0.44416644790895776,N/A,Review,0.8
L000140,22.0,0.99840975,0.9991448,0.99955624,0.00024277922,2,0.46240443,0,0.48115440553155775,N/A,Review,0.8
L000140,23.0,0.9983467,0.9991691,0.9995235,0.00040676558,4,0.30528465,0,0.5560856723554921,N/A,Review,0.8
L000140,24.0,0.999044,0.9994373,0.99957126,0.00013453708,4,0.21888691,0,0.5044475883923629,N/A,Review,0.8
L000140,25.0,0.99903476,0.9995283,0.99956876,6.5033004e-05,4,0.14389853,0,0.464692930512249,N/A,Review,0.8
L000140,26.0,0.9981263,0.99909806,0.99959606,0.00020981405,4,0.17482202,0,0.48828415698638494,N/A,Review,0.8
L000140,27.0,0.99829954,0.9994134,0.9995659,0.00031833473,4,0.16551732,0,0.6403710904624635,N/A,Review,0.8
L000140,28.0,0.9984503,0.999511,0.99957174,0.00020827551,4,0.281723,0,0.43541157003159403,N/A,Review,0.8
L000140,29.0,0.9986613,0.99931705,0.9995509,0.00057710934,4,0.21052627,0,0.5850831146521496,N/A,Review,0.8
L000140,30.0,0.9989053,0.999411,0.9995846,0.00015750293,4,0.3206786,0,0.41832106727936563,N/A,Review,0.8
L000140,31.0,0.9990048,0.9994443,0.9995901,0.00018831779,4,0.2381411,1,0.4365559748384986,N/A,Review,0.8
L000140,32.0,0.9991254,0.99953115,0.99958307,0.0004916103,4,0.16169518,3,0.464486607855093,N/A,Review,0.8
L000142,0.0,0.05918963,0.023820467,0.032614686,0.52940816,3,0.38740543,3,0.7272978298256626,N/A,Review,0.8
L000142,1.0,0.044848833,0.013228671,0.03565787,0.30418482,3,0.2397841,3,0.5115582682424153,N/A,Review,0.8
L000142,2.0,0.0446048,0.021001173,0.027395654,0.7007012,3,0.16069333,3,0.502941009271672,N/A,Review,0.8
L000142,3.0,0.04477818,0.02573504,0.024690805,0.6420163,3,0.14066169,3,0.5135531377897831,N/A,Review,0.8
L000142,4.0,0.040664494,0.035951182,0.025568837,0.38639957,3,0.14080155,3,0.5274018801955536,N/A,Review,0.8
L000142,5.0,0.04993643,0.044892594,0.031568225,0.1402896,3,0.14358693,3,0.5083329153756113,N/A,Review,0.8
L000142,6.0,0.05421121,0.037059724,0.030536123,0.072255135,3,0.12960498,2,0.46538562396060545,N/A,Review,0.8
L000142,7.0,0.9977658,0.9962788,0.02732479,0.000616412,0,0.15990035,2,0.4861414183955729,N/A,Review,0.8
L000142,8.0,0.99762183,0.99733824,0.021204751,0.00014470734,0,0.09848803,2,0.4974834133093309,N/A,Review,0.8
L000142,,0.9955651,0.99449,0.98849815,0.00014781395,1,0.30038357,2,0.517545016547161,N/A,Review,0.8
L000142,10.0,0.9967309,0.9970637,0.9897685,0.00045099368,1,0.33087173,2,0.527445869756651,N/A,Review,0.8
L000142,11.0,0.9975618,0.99814045,0.9903465,0.0002081592,1,0.09685193,2,0.4706411559846657,N/A,Review,0.8
L000142,12.0,0.997586,0.99827194,0.99385494,0.00015161956,1,0.061239425,2,0.5160874784165842,N/A,Review,0.8
L000142,13.0,0.099787354,0.23061804,0.06769397,0.16995391,3,0.23878439,2,0.5411774078874976,N/A,Review,0.8
L000142,14.0,0.06427918,0.05916163,0.028072707,0.14464927,3,0.014548926,2,0.4103696747123583,N/A,Review,0.8
L000142,15.0,0.038868155,0.07661211,0.019845895,0.42564318,3,0.23742454,2,0.44308903793471327,N/A,Review,0.8
L000142,16.0,0.04984247,0.055980112,0.024113018,0.42990002,3,0.06856448,2,0.5082989321477434,N/A,Review,0.8
L000142,17.0,0.068404965,0.0680618,0.025041068,0.6615278,3,0.059957385,2,0.5045811777236204,N/A,Review,0.8
L000142,18.0,0.0554749,0.03260967,0.026419736,0.3193095,3,0.21286003,3,0.47766330398199824,N/A,Review,0.8
L000142,19.0,0.047211494,0.04337938,0.020812485,0.36963826,3,0.17320582,3,0.48228112858225475,N/A,Review,0.8
L000142,20.0,0.032472573,0.04014646,0.028376948,0.48181272,3,0.54863966,2,0.44363712309094294,N/A,Review,0.8
L000142,21.0,0.99338716,0.9953752,0.04068789,0.00040325106,0,0.04964156,3,0.41905362919441635,N/A,Review,0.8
L000142,22.0,0.99582505,0.9966774,0.027249131,0.00025931397,0,0.4662727,2,0.45992706541419903,N/A,Review,0.8
L000142,23.0,0.034324445,0.026679642,0.031526428,0.083842136,3,0.11343489,2,0.504302243925717,N/A,Review,0.8
L000142,,0.039702766,0.05881103,0.03690017,0.09801032,3,0.20386852,2,0.49717253199030353,N/A,Review,0.8
L000142,25.0,0.04644563,0.03306915,0.038263857,0.041209485,3,0.2222042,2,0.4798834663264541,N/A,Review,0.8
L000142,26.0,0.035749894,0.06147332,0.05857414,0.0816159,3,0.4045461,2,0.5070324836008364,N/A,Review,0.8
L000142,27.0,0.99706227,0.9980258,0.06542721,0.00025332707,0,0.12969938,2,0.5758918055347448,N/A,Review,0.8
L000142,28.0,0.99617505,0.99750936,0.037222065,0.00021695263,0,0.22054817,2,0.49177413723324875,N/A,Review,0.8
L000142,29.0,0.9956346,0.9979949,0.035378814,0.00019782512,0,0.10946864,2,0.5473884445514741,N/A,Review,0.8
L000142,,0.93036294,0.9696707,0.03784815,0.0010550076,0,0.064087436,3,0.4857993479320565,N/A,Review,0.8
L000142,31.0,0.99617505,0.99608237,0.030391887,9.863905e-05,0,0.04656298,2,0.5412798331214066,N/A,Review,0.8
L000142,32.0,0.99647707,0.99731714,0.030427953,0.0001260955,0,0.08291913,1,0.541386193278842,N/A,Review,0.8
L000142,33.0,0.9967892,0.99888915,0.067748584,0.0001491583,0,0.06279661,1,0.5888969658464646,N/A,Review,0.8
L000142,34.0,0.99646544,0.9978861,0.035721198,0.00017712067,0,0.07791335,1,0.528987275147951,N/A,Review,0.8
L000142,35.0,0.9965256,0.99790215,0.03110962,0.0008402894,0,0.36825502,3,0.4975527033492332,N/A,Review,0.8
L000142,36.0,0.99700975,0.9979254,0.034621995,0.00015735732,0,0.29298887,2,0.494288258105252,N/A,Review,0.8
L000142,37.0,0.9968129,0.9977198,0.019043861,0.00040741754,0,0.34536654,2,0.6140295059413657,N/A,Review,0.8
L000142,38.0,0.9970156,0.9979321,0.018329699,0.0004309402,0,0.23228607,2,0.46863450130231943,N/A,Review,0.8
L000142,39.0,0.997083,0.9984493,0.017018702,0.0005927077,0,0.20159136,2,0.49142995338577344,N/A,Review,0.8
L000142,40.0,0.99688256,0.9983559,0.017026696,0.0003958885,0,0.10913236,2,0.5363855057358371,N/A,Review,0.8
L000142,41.0,0.99741095,0.99828583,0.017490707,0.0005275108,0,0.17955658,2,0.5334693550294752,N/A,Review,0.8
L000142,,0.99562967,0.99824286,0.01869374,0.0010124868,0,0.30359647,3,0.6487590841509843,N/A,Review,0.8
L000142,43.0,0.99711156,0.99791986,0.018459246,0.0001865325,0,0.19209345,2,0.5472820255131067,N/A,Review,0.8
L000142,,0.9956899,0.99776995,0.018178184,0.00069170666,0,0.20295902,2,0.4978458761712194,N/A,Review,0.8
L000142,45.0,0.9968405,0.99813,0.021010172,0.00027618711,0,0.0912068,2,0.5966841086877214,N/A,Review,0.8
L000142,46.0,0.9968405,0.99793553,0.02233215,0.00022490667,0,0.077483736,2,0.567355617202428,N/A,Review,0.8
L000142,47.0,0.9957088,0.99616015,0.9817551,0.00071698497,1,0.16176793,0,0.5419687302228646,N/A,Review,0.8
L000142,48.0,0.9973442,0.99805236,0.99547195,0.00028544225,1,0.06313604,0,0.578296248288495,N/A,Review,0.8
L000142,49.0,0.997681,0.9981914,0.998566,0.0003266453,2,0.07358728,0,0.5484347264037647,N/A,Review,0.8
L000142,50.0,0.9977642,0.9983546,0.99891305,8.662446e-05,2,0.19917683,0,0.5907570378636566,N/A,Review,0.8
L000142,51.0,0.9982481,0.9992773,0.9990613,8.910795e-05,2,0.05633542,2,0.6400477708916509,N/A,Review,0.8
L000142,52.0,0.99730825,0.99889696,0.99877733,7.3550436e-05,2,0.05107504,2,0.5690141955465626,N/A,Review,0.8
L000142,53.0,0.99707615,0.9988141,0.99624205,8.623881e-05,2,0.14320399,0,0.4809501380798875,N/A,Review,0.8
L000142,54.0,0.99795026,0.99932754,0.99933416,4.4030527e-05,2,0.22183214,3,0.7384142164850898,N/A,Review,0.8
L000142,55.0,0.9980926,0.999175,0.9992694,6.246579e-05,2,0.23463456,0,0.6451470832407254,N/A,Review,0.8
L000142,56.0,0.9984665,0.9989587,0.99930084,4.4904566e-05,2,0.23487882,2,0.5589283140612245,N/A,Review,0.8
L000142,57.0,0.99836046,0.9990095,0.99932325,0.000104173385,2,0.16014196,3,0.6138335628674818,N/A,Review,0.8
L000142,58.0,0.9984925,0.9991008,0.99941206,0.00011410976,2,0.14109518,3,0.6685378452449529,N/A,Review,0.8
L000142,,0.9966338,0.99833137,0.9967974,0.00014288524,2,0.05260013,3,0.6004083602986011,N/A,Review,0.8
L000142,60.0,0.06764761,0.17747362,0.17424151,0.024948042,3,0.08776904,0,0.618712799235406,N/A,Review,0.8
L000142,61.0,0.03118159,0.026540471,0.029780919,0.012910978,3,0.081356294,0,0.7061772551723999,N/A,Review,0.8
L000142,62.0,0.055751886,0.026739327,0.024971936,0.12511739,3,0.045933347,0,0.7277991778028414,N/A,Review,0.8
L000142,63.0,0.034992374,0.03196012,0.052657466,0.09768097,3,0.015027644,0,0.7447031545702584,N/A,Review,0.8
L000142,64.0,0.031871226,0.028195282,0.05139505,0.10762265,3,0.009017736,0,0.753161486108042,N/A,Review,0.8
L000142,65.0,0.044879496,0.042830873,0.028965894,0.2051504,3,0.111781955,2,0.6202131419811358,N/A,Review,0.8
L000142,66.0,0.09342291,0.10320987,0.03979097,0.04943236,3,0.13807866,2,0.580329048278554,N/A,Review,0.8
L000142,,0.030408392,0.033092156,0.03288994,0.33379874,3,0.009804098,2,0.643159416050511,N/A,Review,0.8
L000142,68.0,0.041679777,0.030595433,0.043986507,0.39114186,3,0.025105108,2,0.6833202421490403,N/A,Review,0.8
L000142,69.0,0.032952692,0.029115854,0.057749372,0.12141639,3,0.13145404,2,0.7328358901385961,N/A,Review,0.8
L000142,70.0,0.026643718,0.06809671,0.08297584,0.24839203,3,0.0693261,2,0.6970998105822115,N/A,Review,0.8
L000142,71.0,0.027158005,0.11292006,0.072544016,0.013301671,3,0.017476637,0,0.6081268919187366,N/A,Review,0.8
L000142,72.0,0.026853396,0.08902987,0.09113945,0.016309842,3,0.022115456,0,0.6666172281737849,N/A,Review,0.8
L000142,73.0,0.030845383,0.044463806,0.04674206,0.07714901,3,0.08003665,2,0.8479431842939549,N/A,Review,0.8
L000142,74.0,0.021810254,0.05438037,0.052307107,0.04269473,3,0.0805078,2,0.7643585399420249,N/A,Review,0.8
L000142,75.0,0.028643494,0.04895782,0.04561886,0.17543998,3,0.07094519,0,0.7554804578920914,N/A,Review,0.8
L000142,,0.059746727,0.15163852,0.04273983,0.16256341,3,0.0106552355,0,0.6857220852062682,N/A,Review,0.8
L000142,77.0,0.02294415,0.05728008,0.04752918,0.065061904,3,0.027565325,0,0.7759885200590233,N/A,Review,0.8
L000142,78.0,0.034076877,0.054852687,0.0408423,0.10977628,3,0.01250722,0,0.7809072386855316,N/A,Review,0.8
L000142,79.0,0.9956382,0.9984315,0.04615262,0.00017240249,0,0.028475609,0,0.6952976609029536,N/A,Review,0.8
L000142,80.0,0.9958162,0.99810696,0.034684956,0.00025401276,0,0.015055769,0,0.7545103890762326,N/A,Review,0.8
L000142,81.0,0.9963278,0.9977375,0.04892077,0.00090900226,0,0.064353324,0,0.794184372387554,N/A,Review,0.8
L000142,82.0,0.99648523,0.99805236,0.05109709,0.0012954712,0,0.063448384,0,0.8471409825536445,N/A,Review,0.8
L000142,83.0,0.9966377,0.99751854,0.035379365,0.00064608443,0,0.018312335,0,0.8418058404908462,N/A,Review,0.8
L000142,84.0,0.9968196,0.9987317,0.035450093,0.00014566285,0,0.02098466,0,0.7085574368514738,N/A,Review,0.8
L000142,85.0,0.9973463,0.99733174,0.040622965,0.00035030697,0,0.020074327,0,0.7766868131290954,N/A,Review,0.8
L000142,86.0,0.99770665,0.9963109,0.058198456,0.0011032316,0,0.119089,0,0.8553388321256842,N/A,Review,0.8
L000142,,0.9959473,0.99616337,0.04116432,0.0016469377,0,0.022904761,0,0.811403772672439,N/A,Review,0.8
L000142,88.0,0.99687344,0.9975684,0.054688986,0.0010288449,0,0.025390407,0,0.8340930591420649,N/A,Review,0.8
L000142,89.0,0.9974515,0.9987734,0.09406263,0.00085110194,0,0.030838678,0,0.8743651235287117,N/A,Review,0.8
L000142,90.0,0.997433,0.9973111,0.044916667,0.0006776904,0,0.05525901,0,0.8698454455743693,N/A,Review,0.8
L000142,,0.99635327,0.99753165,0.046677515,0.000660472,0,0.025752405,0,0.8551118185611235,N/A,Review,0.8
L000142,92.0,0.9972162,0.9979134,0.0496658,0.0007270402,0,0.03576947,0,0.8842478745301479,N/A,Review,0.8
L000142,93.0,0.9966102,0.99762565,0.030974478,0.0012062697,0,0.028883135,0,0.9749557760259138,N/A,Review,0.8
L000143,0.0,0.107974954,0.14881942,0.12032684,0.23511128,3,0.03271569,2,0.5954325300619012,N/A,Review,0.8
L000143,1.0,0.06967469,0.18238837,0.07112606,0.41305485,3,0.041532088,2,0.5864542784630256,N/A,Review,0.8
L000143,2.0,0.065100275,0.19660215,0.04967536,0.30258805,3,0.049482115,2,0.5281034544182168,N/A,Review,0.8
L000143,3.0,0.99605197,0.9974953,0.038233407,0.0004481385,0,0.044530436,2,0.6049641664594423,N/A,Review,0.8
L000143,4.0,0.99253255,0.99472296,0.98962456,0.0005260587,1,0.0789334,2,0.5892600962259128,N/A,Review,0.8
L000143,5.0,0.08098557,0.2689767,0.024490349,0.048622735,3,0.3152869,2,0.5304855777459431,N/A,Review,0.8
L000143,6.0,0.16163382,0.106787205,0.055634834,0.11364543,3,0.10106652,2,0.5718597358478814,N/A,Review,0.8
L000143,7.0,0.9963123,0.9917835,0.09525129,0.00015159282,0,0.20538318,2,0.6631848438091315,N/A,Review,0.8
L000143,8.0,0.9984132,0.9982243,0.041569687,0.00039582982,0,0.10790145,2,0.6089382665348247,N/A,Review,0.8
L000143,9.0,0.99817336,0.99755174,0.04571357,0.0004512386,0,0.09199553,2,0.5952313507676064,N/A,Review,0.8
L000143,10.0,0.9982481,0.9990183,0.04855779,0.00019472121,0,0.10549586,2,0.5464030768477125,N/A,Review,0.8
L000143,11.0,0.99809176,0.99760497,0.040327433,0.00021429785,0,0.124367535,2,0.5485144253503964,N/A,Review,0.8
L000143,12.0,0.9983188,0.9978011,0.038479015,0.00029467102,0,0.26645857,2,0.5370614227252755,N/A,Review,0.8
L000143,13.0,0.9963504,0.9983719,0.99218565,0.00038910762,1,0.19316228,2,0.4467291319054669,N/A,Review,0.8
L000143,14.0,0.99771357,0.9986577,0.9976025,8.545367e-05,1,0.19581442,2,0.5149495556839558,N/A,Review,0.8
L000143,15.0,0.9977743,0.9991404,0.9981129,0.000104823186,1,0.18017595,2,0.5476504300348974,N/A,Review,0.8
L000143,16.0,0.998657,0.9989944,0.99940574,0.00010451099,2,0.14156564,2,0.5379118885446289,N/A,Review,0.8
L000143,17.0,0.998195,0.9987282,0.9990397,8.580389e-05,4,0.057088897,2,0.7415692116318847,N/A,Review,0.8
L000143,18.0,0.99868697,0.9980915,0.9990125,0.0002468273,4,0.14064421,2,0.6564285520858268,N/A,Review,0.8
L000143,19.0,0.99596584,0.99804497,0.9970331,0.0010645007,4,0.19953436,2,0.826129700334726,N/A,Review,0.8
L000143,20.0,0.9988028,0.9979085,0.9993913,0.00021155993,4,0.13709894,2,0.6773585839823615,N/A,Review,0.8
L000143,21.0,0.998966,0.9992048,0.9995846,0.00016040656,4,0.21149327,2,0.6035547865495983,N/A,Review,0.8
L000143,22.0,0.9991585,0.99942577,0.999617,0.00019500754,4,0.3554287,2,0.6010248937726451,N/A,Review,0.8
L000143,23.0,0.9991122,0.99952054,0.99965,0.00014610493,4,0.37733516,2,0.5635851987353452,N/A,Review,0.8
L000143,24.0,0.9990771,0.99937916,0.99963975,0.000120645156,4,0.56710666,2,0.5117859652506768,N/A,Review,0.8
L000143,25.0,0.99928963,0.99955815,0.9996506,9.903423e-05,4,0.3163835,2,0.5038201574755109,N/A,Review,0.8
L000143,26.0,0.9990614,0.9995436,0.9996537,0.00024045777,4,0.31046164,2,0.5365042974077333,N/A,Review,0.8
L000143,27.0,0.9921462,0.99822146,0.9975573,0.0035865393,4,0.6323575,3,0.4302946414550969,N/A,Review,0.8
L000143,28.0,0.9989864,0.99966705,0.99963367,0.0007173014,4,0.3868616,2,0.4441517670517058,N/A,Review,0.8
L000143,29.0,0.99901474,0.9996086,0.99962986,0.000204365,4,0.46233755,2,0.5028675396589877,N/A,Review,0.8
L000143,30.0,0.99901986,0.99963045,0.99972934,0.00019340061,4,0.4804814,2,0.4127298657835633,N/A,Review,0.8
L000146,0.0,0.21706507,0.3018986,0.08084177,0.88447636,3,0.09778243,1,0.5022910127752052,N/A,Review,0.8
L000146,1.0,0.10028245,0.34295595,0.078087606,0.113193534,3,0.043984823,0,0.5279945988465296,N/A,Review,0.8
L000146,2.0,0.11360158,0.33045736,0.10508691,0.36742648,3,0.07430955,3,0.5280709027880748,N/A,Review,0.8
L000146,3.0,0.10327739,0.25701812,0.056549165,0.35429874,3,0.08169897,0,0.4842027067386475,N/A,Review,0.8
L000146,4.0,0.066315465,0.31241003,0.045525983,0.47751167,3,0.11067027,0,0.5181635283640089,N/A,Review,0.8
L000146,5.0,0.09294961,0.33012772,0.04991216,0.54762334,3,0.27593586,1,0.4553107771538373,N/A,Review,0.8
L000146,6.0,0.9971527,0.9982791,0.062130988,0.00088696706,0,0.2802351,2,0.5393528936743284,N/A,Review,0.8
L000146,7.0,0.99766326,0.99883217,0.09567677,0.0009202106,0,0.14740469,2,0.5461738662052642,N/A,Review,0.8
L000146,8.0,0.9932805,0.997546,0.9908654,0.0010483544,1,0.13801666,0,0.47478940581024476,N/A,Review,0.8
L000146,,0.13851121,0.28245795,0.07354386,0.29964927,3,0.11573656,2,0.4894215354414169,N/A,Review,0.8
L000146,,0.12751731,0.38221595,0.07818357,0.35192493,3,0.0973767,2,0.5347869853993268,N/A,Review,0.8
L000146,11.0,0.084140085,0.45283467,0.080930024,0.6003892,3,0.09154252,2,0.5053627183788229,N/A,Review,0.8
L000146,12.0,0.08798218,0.4147074,0.07039083,0.7343893,3,0.17240724,2,0.4508489283693769,N/A,Review,0.8
L000146,13.0,0.073860385,0.56038636,0.19842882,0.3714738,3,0.054533016,3,0.6482832292656932,N/A,Review,0.8
L000146,14.0,0.085273996,0.4761698,0.14928868,0.07867276,3,0.15802053,2,0.49712343216467464,N/A,Review,0.8
L000146,15.0,0.07613505,0.5938573,0.14221832,0.34544757,3,0.1018852,2,0.4956233529957158,N/A,Review,0.8
L000146,16.0,0.081914715,0.58287656,0.131474,0.1577778,3,0.07414942,2,0.437649621922214,N/A,Review,0.8
L000146,17.0,0.08420814,0.40968418,0.119094126,0.16981229,3,0.07037778,2,0.44771830276991686,N/A,Review,0.8
L000146,18.0,0.12601359,0.3688624,0.13982452,0.5973565,3,0.14232066,0,0.4514971442271746,N/A,Review,0.8
L000146,19.0,0.9981206,0.9990658,0.1746577,0.0009829439,0,0.034335125,2,0.5123612684521102,N/A,Review,0.8
L000146,20.0,0.102972485,0.44532192,0.10685347,0.13419004,3,0.05872199,2,0.4065327989449279,N/A,Review,0.8
L000146,21.0,0.9965837,0.9991605,0.074166596,0.00011990506,0,0.062168945,2,0.4646804108222053,N/A,Review,0.8
L000146,22.0,0.9264603,0.9462092,0.61036885,0.005235386,1,0.094573304,0,0.3984010120783753,N/A,Review,0.8
L000146,23.0,0.99668604,0.9987754,0.99255216,0.00047098444,1,0.10464068,0,0.5019423961638396,N/A,Review,0.8
L000146,24.0,0.99805695,0.998779,0.9951385,0.0007182751,1,0.07448082,3,0.5219002865326032,N/A,Review,0.8
L000146,25.0,0.9984635,0.9979755,0.997398,0.00040418952,1,0.08643552,0,0.5239449901373199,N/A,Review,0.8
L000146,26.0,0.99739456,0.9985846,0.9972277,0.0009276386,1,0.07356248,3,0.6415368871878773,N/A,Review,0.8
L000146,27.0,0.9979923,0.9991258,0.9992483,0.00074692065,2,0.14517389,0,0.4651881532373465,N/A,Review,0.8
L000146,28.0,0.99764794,0.9987425,0.9991479,0.0008483479,2,0.08535752,0,0.4976113248914248,N/A,Review,0.8
L000146,29.0,0.9978702,0.999032,0.9991209,0.00084592105,2,0.14131358,3,0.6523571217500024,N/A,Review,0.8
L000146,30.0,0.9974058,0.9985538,0.999059,0.0005791923,2,0.34594738,0,0.505354399243854,N/A,Review,0.8
L000146,31.0,0.99778384,0.9993025,0.9992848,0.0013897007,4,0.20683429,0,0.6372868896545527,N/A,Review,0.8
L000151,,0.050052054,0.14752305,0.039179236,0.60180676,3,0.36442387,2,0.5690091488697406,N/A,Review,0.8
L000151,1.0,0.05396969,0.19933343,0.04237583,0.5401154,3,0.14066565,3,0.4791113692427994,N/A,Review,0.8
L000151,2.0,0.022685649,0.04907998,0.027302913,0.7962436,3,0.35669,2,0.4884817984935475,N/A,Review,0.8
L000151,3.0,0.023391824,0.052830778,0.0335091,0.6806582,3,0.13576381,3,0.44307605941109857,N/A,Review,0.8
L000151,4.0,0.018275186,0.052512337,0.030413974,0.7013899,3,0.046723224,3,0.3952597690513941,N/A,Review,0.8
L000151,5.0,0.024139985,0.05186632,0.04115306,0.68488044,3,0.26147297,3,0.4574606213115391,N/A,Review,0.8
L000151,6.0,0.025109882,0.027963243,0.026967064,0.5409148,3,0.19470386,3,0.435865769192728,N/A,Review,0.8
L000151,7.0,0.047659975,0.041903313,0.031732116,0.68847597,3,0.23440546,1,0.39782287445415476,N/A,Review,0.8
L000151,8.0,0.029517394,0.049407776,0.040500693,0.62479323,3,0.14897238,2,0.44004243436899254,N/A,Review,0.8
L000151,9.0,0.04494159,0.052594688,0.026503433,0.5172971,3,0.3957669,2,0.36906805121115804,N/A,Review,0.8
L000151,10.0,0.024504814,0.03312984,0.026305133,0.3783336,3,0.5346934,2,0.40050529018647674,N/A,Review,0.8
L000151,11.0,0.031238824,0.02760916,0.029903632,0.7526056,3,0.26757643,2,0.4032093183123714,N/A,Review,0.8
L000151,12.0,0.029712629,0.033207934,0.02817526,0.6451294,3,0.18182108,2,0.3916507423937311,N/A,Review,0.8
L000151,13.0,0.028547524,0.026854953,0.033566095,0.65190643,3,0.24309076,2,0.4044942261723536,N/A,Review,0.8
L000151,,0.9956862,0.99439645,0.047597997,0.0008680595,0,0.3398378,2,0.47518306162668944,N/A,Review,0.8
L000151,15.0,0.99647444,0.99753416,0.054107506,0.00091305724,0,0.25072545,2,0.45539082410118603,N/A,Review,0.8
L000151,16.0,0.99681515,0.9980123,0.06560979,0.0006305297,0,0.36499414,2,0.4349477204273055,N/A,Review,0.8
L000151,17.0,0.045857687,0.0535043,0.07044944,0.63483983,3,0.22066697,2,0.4052042225843641,N/A,Review,0.8
L000151,18.0,0.043907862,0.05033941,0.0726818,0.7994015,3,0.27416578,2,0.40639226366352665,N/A,Review,0.8
L000151,19.0,0.025666162,0.029226817,0.051214926,0.8892255,3,0.22140059,2,0.3792566859554711,N/A,Review,0.8
L000151,20.0,0.046629902,0.051577147,0.056159027,0.75320184,3,0.2607672,2,0.4179470727353818,N/A,Review,0.8
L000151,21.0,0.026887683,0.03378381,0.048351426,0.4650387,3,0.2685863,2,0.40876301318718633,N/A,Review,0.8
L000151,22.0,0.029660765,0.050574306,0.027818782,0.38939336,3,0.27815947,2,0.4107565114539328,N/A,Review,0.8
L000151,23.0,0.9952217,0.99726284,0.034788754,0.00063813105,0,0.35881308,2,0.4416460650429387,N/A,Review,0.8
L000151,24.0,0.99598974,0.99801743,0.033672113,0.00037373631,0,0.29606286,2,0.4273533487766661,N/A,Review,0.8
L000151,,0.9968176,0.99713874,0.046388257,0.00071556855,0,0.2974997,2,0.411119523784815,N/A,Review,0.8
L000151,26.0,0.9947072,0.99519265,0.091213435,0.0021590814,0,0.37003642,2,0.3774641661077068,N/A,Review,0.8
L000151,27.0,0.99393785,0.99668616,0.98900616,0.0015739901,1,0.24261524,2,0.42800099244546164,N/A,Review,0.8
L000151,28.0,0.99698275,0.99659556,0.9926684,0.0009861843,1,0.27786866,2,0.43749430107280374,N/A,Review,0.8
L000151,29.0,0.99682826,0.9957825,0.9958307,0.0016450587,1,0.11730278,2,0.4149639803076864,N/A,Review,0.8
L000151,30.0,0.99652714,0.9973641,0.9990639,0.0011385243,2,0.08548195,2,0.47356121028161663,N/A,Review,0.8
L000151,31.0,0.99787676,0.99663794,0.9988458,0.0008058279,2,0.13080968,2,0.4517970393900045,N/A,Review,0.8
L000151,32.0,0.9970366,0.9985594,0.9990938,0.00097059313,2,0.19261284,0,0.4661352830005566,N/A,Review,0.8
L000151,33.0,0.997866,0.99867946,0.99920386,0.001052928,2,0.32280493,0,0.4856128095069232,N/A,Review,0.8
L000151,34.0,0.99714524,0.99866295,0.9993082,0.00041776037,2,0.32776025,0,0.49771600258557114,N/A,Review,0.8
L000151,35.0,0.99766016,0.99907863,0.9994993,0.00039878997,2,0.22134988,0,0.5345972145861685,N/A,Review,0.8
L000151,36.0,0.99816054,0.9989956,0.9994696,0.00054124085,2,0.22084029,0,0.4775843539287038,N/A,Review,0.8
L000151,37.0,0.9980363,0.9991341,0.99940693,0.00054281764,2,0.24122736,0,0.48245502254761674,N/A,Review,0.8
L000151,38.0,0.9981856,0.9987821,0.9993882,0.0007273181,2,0.2649655,0,0.5130112659633588,N/A,Review,0.8
L000151,39.0,0.9984207,0.9994604,0.9994529,0.0008662133,4,0.2263716,0,0.4924259144789287,N/A,Review,0.8
L000151,40.0,0.9991316,0.99948287,0.99959975,0.00031969056,4,0.082900986,0,0.4896331682449253,N/A,Review,0.8
L000151,41.0,0.99912995,0.9995378,0.9996062,0.00040016242,4,0.07226992,0,0.48909018118053055,N/A,Review,0.8
L000151,42.0,0.99882215,0.9995566,0.9996549,0.0002791798,4,0.17650269,3,0.6645435661526026,N/A,Review,0.8
L000151,,0.9983707,0.9991646,0.99961996,7.9094134e-05,4,0.18771163,3,0.5308567208948223,N/A,Review,0.8
L000151,44.0,0.9992643,0.9995435,0.99962664,0.00019006632,4,0.1926141,0,0.42428148847005154,N/A,Review,0.8
L000151,,0.99895513,0.9992822,0.99960977,0.0002764142,4,0.17861606,2,0.42318889701584544,N/A,Review,0.8
L000151,46.0,0.9992494,0.9994435,0.999655,0.00020671063,4,0.30341172,3,0.44205883824946524,N/A,Review,0.8
L000151,47.0,0.99935025,0.99949193,0.9996215,0.00021201286,4,0.25146547,0,0.3642556051304044,N/A,Review,0.8
L000151,48.0,0.99920565,0.9995177,0.99961865,0.00015089611,4,0.22003908,0,0.4167774768487312,N/A,Review,0.8
L000151,49.0,0.999273,0.9997149,0.9996557,0.00012543233,4,0.16895738,0,0.4330143004964625,N/A,Review,0.8
L000151,50.0,0.9990908,0.9996382,0.99965835,0.00011932871,4,0.09690493,2,0.4197379023365112,N/A,Review,0.8
L000151,51.0,0.99910635,0.99963677,0.9996581,0.00013903937,4,0.113670744,2,0.4190817117250301,N/A,Review,0.8
L000151,52.0,0.9992442,0.9995919,0.9996331,0.00025053072,4,0.16979049,2,0.38289282293136195,N/A,Review,0.8
L000151,53.0,0.998985,0.99956757,0.99963725,0.00013799989,4,0.30004162,2,0.5076115688813617,N/A,Review,0.8
L000151,54.0,0.9991831,0.999711,0.99966526,0.00021918777,4,0.17571533,2,0.4020473010850846,N/A,Review,0.8
L000151,55.0,0.9993787,0.999655,0.9996649,0.000110875924,4,0.33312628,2,0.4696045964042725,N/A,Review,0.8
L000151,56.0,0.99937123,0.99970526,0.999691,5.1634186e-05,4,0.3734446,2,0.45772659237924573,N/A,Review,0.8
L000151,57.0,0.9992723,0.9997311,0.99967957,4.2627056e-05,4,0.29076615,2,0.4443554045033559,N/A,Review,0.8
L000151,58.0,0.999201,0.9996624,0.9996598,6.304418e-05,4,0.27214116,2,0.43120624195197477,N/A,Review,0.8
L000151,59.0,0.99936515,0.99969983,0.9996612,4.976771e-05,4,0.24732538,2,0.42966357333303995,N/A,Review,0.8
L000151,60.0,0.99762124,0.99906224,0.9966354,0.00012609683,4,0.2828541,2,0.48787409025970996,N/A,Review,0.8
L000151,61.0,0.9992095,0.9997522,0.99970394,5.1265033e-05,4,0.16130665,2,0.42884323881010755,N/A,Review,0.8
L000151,62.0,0.99923,0.99960643,0.99965084,5.2344833e-05,4,0.17041753,2,0.5790629875800284,N/A,Review,0.8
L000151,63.0,0.9993192,0.999663,0.9996166,0.000112746835,4,0.19443746,0,0.476544132823147,N/A,Review,0.8
L000151,64.0,0.9992962,0.99971634,0.9996258,5.4870743e-05,4,0.1616215,3,0.4708957538116694,N/A,Review,0.8
L000151,65.0,0.99927217,0.99955505,0.9995981,0.00016566778,4,0.1605527,2,0.4276582531861117,N/A,Review,0.8
L000151,66.0,0.99928904,0.9996618,0.9995963,0.00010592011,4,0.115291096,2,0.6351208601171672,N/A,Review,0.8
L000151,67.0,0.99887985,0.99949694,0.9995962,7.965842e-05,4,0.0578259,1,0.5268595471178985,N/A,Review,0.8
L000151,68.0,0.99927205,0.99957424,0.9995757,7.133407e-05,4,0.18873274,2,0.5258133079431405,N/A,Review,0.8
L000151,69.0,0.999348,0.9995665,0.9996012,0.00011489173,4,0.1651893,1,0.5195255199478974,N/A,Review,0.8
L000151,70.0,0.999348,0.99960965,0.99960965,7.4801064e-05,4,0.110878184,2,0.5171642448619055,N/A,Review,0.8
L000151,71.0,0.9993284,0.99951136,0.99958295,6.709992e-05,4,0.29209685,1,0.5325194844273808,N/A,Review,0.8
L000151,72.0,0.9992053,0.9995795,0.9996213,8.5625295e-05,4,0.08826477,0,0.5713005288711053,N/A,Review,0.8
L000151,73.0,0.99929273,0.999602,0.99954647,8.514393e-05,4,0.15200171,2,0.5894371782194683,N/A,Review,0.8
L000151,74.0,0.99927324,0.99959236,0.99955124,0.00010186084,4,0.19997372,2,0.5848702311276799,N/A,Review,0.8
L000151,75.0,0.9991697,0.9996704,0.9995989,9.899515e-05,4,0.029846488,0,0.635535170645651,N/A,Review,0.8
L000151,,0.9989466,0.9992429,0.9995142,0.00012493075,4,0.040735107,0,0.6119098448891966,N/A,Review,0.8
L000151,77.0,0.99882644,0.9993795,0.9994823,0.00015248993,4,0.2064992,0,0.5052185646396017,N/A,Review,0.8
L000151,78.0,0.99940765,0.99952376,0.9995503,0.0001245917,4,0.12578161,0,0.6292215569906088,N/A,Review,0.8
L000151,79.0,0.9993876,0.9996462,0.99966407,8.7749664e-05,4,0.10766938,0,0.6943591108359516,N/A,Review,0.8
L000151,80.0,0.9992786,0.99972767,0.9996418,4.748915e-05,4,0.057492618,0,0.6995893585770725,N/A,Review,0.8
L000151,81.0,0.999395,0.9996407,0.99962103,6.665007e-05,4,0.24483564,0,0.6640291083575207,N/A,Review,0.8
L000151,82.0,0.9991473,0.9997267,0.99968624,6.7906236e-05,4,0.28155968,0,0.6463370715949589,N/A,Review,0.8
L000151,83.0,0.99925166,0.9997123,0.99967074,7.264898e-05,4,0.08104416,0,0.671433513459105,N/A,Review,0.8
L000151,84.0,0.99911803,0.99975926,0.99965477,3.9755945e-05,4,0.18415216,0,0.6839452987009198,N/A,Review,0.8
L000151,85.0,0.999283,0.9997688,0.9996451,4.904638e-05,4,0.19798973,0,0.665336199018844,N/A,Review,0.8
L000151,86.0,0.9992095,0.99976176,0.9996923,4.839223e-05,4,0.039116412,0,0.6900889727151887,N/A,Review,0.8
L000151,87.0,0.9990754,0.9996346,0.99960536,7.847919e-05,4,0.009802363,0,0.8761287114236553,N/A,Review,0.8
L000154,0.0,0.03315888,0.080564916,0.03369551,0.2817545,3,0.46596617,2,0.5569741030774935,N/A,Review,0.8
L000154,1.0,0.058159526,0.09590389,0.09724668,0.021398209,3,0.16147847,3,0.5363209023579429,N/A,Review,0.8
L000154,2.0,0.058438636,0.08322599,0.07197608,0.05805556,3,0.5295688,3,0.4891640112150394,N/A,Review,0.8
L000154,3.0,0.040837597,0.042142916,0.054148495,0.065682,3,0.5629393,3,0.5175341576354157,N/A,Review,0.8
L000154,4.0,0.04522638,0.081438586,0.064022586,0.07499611,3,0.43946886,3,0.4878256839359223,N/A,Review,0.8
L000154,5.0,0.08709831,0.09642714,0.07154305,0.0606684,3,0.61885864,3,0.41363284127607547,N/A,Review,0.8
L000154,6.0,0.1946129,0.13526133,0.15698089,0.11085426,3,0.5099969,3,0.4599795341704932,N/A,Review,0.8
L000154,7.0,0.056612022,0.08349421,0.06595134,0.20386283,3,0.24765916,3,0.47253197442196904,N/A,Review,0.8
L000154,8.0,0.09410579,0.07092555,0.07312511,0.047168266,3,0.16908781,3,0.6523748837182461,N/A,Review,0.8
L000154,9.0,0.04520852,0.06103823,0.052779764,0.07668893,3,0.5480682,3,0.4448977734298019,N/A,Review,0.8
L000154,10.0,0.06405431,0.06464673,0.075710125,0.18972318,3,0.5421837,3,0.4464731955822142,N/A,Review,0.8
L000154,11.0,0.08798644,0.06575797,0.066605955,0.27029,3,0.4245234,3,0.48124736798825246,N/A,Review,0.8
L000154,12.0,0.14389695,0.09651714,0.084070735,0.21033451,3,0.18029583,3,0.4769892870219012,N/A,Review,0.8
L000154,13.0,0.07662568,0.0631614,0.07467221,0.28927833,3,0.31308952,3,0.4706224128947458,N/A,Review,0.8
L000154,14.0,0.05320755,0.044051055,0.056415856,0.0501278,3,0.22582275,3,0.4433833769460638,N/A,Review,0.8
L000154,15.0,0.064684175,0.07230435,0.049092207,0.62380046,3,0.36515912,2,0.3674162978594584,N/A,Review,0.8
L000154,16.0,0.048982494,0.042690404,0.051083975,0.32105044,3,0.0986136,3,0.39757673297596285,N/A,Review,0.8
L000154,17.0,0.085123345,0.034234792,0.06963852,0.34143132,3,0.17158762,3,0.4545032214572143,N/A,Review,0.8
L000154,18.0,0.09143612,0.028096922,0.10803027,0.113791555,3,0.2067888,0,0.44072046135943194,N/A,Review,0.8
L000154,19.0,0.068135746,0.042170346,0.07560793,0.2682709,3,0.15861401,3,0.4525019990214265,N/A,Review,0.8
L000154,20.0,0.06719629,0.04463281,0.06970228,0.2772372,3,0.15637618,3,0.45621984486300676,N/A,Review,0.8
L000154,21.0,0.053993456,0.05795979,0.0843503,0.09860405,3,0.21345678,3,0.4056935299463445,N/A,Review,0.8
L000154,22.0,0.059558053,0.08277357,0.089059696,0.13040172,3,0.23233753,3,0.4140446962489984,N/A,Review,0.8
L000154,23.0,0.047775652,0.08067839,0.09077495,0.22903425,3,0.3000354,3,0.4664615501893409,N/A,Review,0.8
L000154,24.0,0.070122756,0.07915091,0.08774627,0.096410125,3,0.2543048,3,0.4725123368189622,N/A,Review,0.8
L000154,25.0,0.082315594,0.03645415,0.08664923,0.069713116,3,0.27404454,0,0.4833872505936176,N/A,Review,0.8
L000154,26.0,0.060771853,0.09852922,0.11049782,0.14002043,3,0.36347854,3,0.44701551868938133,N/A,Review,0.8
L000154,27.0,0.058178544,0.086747535,0.10672759,0.19289023,3,0.23383886,3,0.5084509254623595,N/A,Review,0.8
L000154,28.0,0.06677679,0.14202626,0.11721701,0.10312578,3,0.20710112,3,0.5184863132115073,N/A,Review,0.8
L000154,29.0,0.070582226,0.16902399,0.10425429,0.18934293,3,0.23623967,3,0.4855311858020448,N/A,Review,0.8
L000154,30.0,0.0680615,0.040774524,0.07039953,0.041953392,3,0.19892846,0,0.508871619393021,N/A,Review,0.8
L000154,31.0,0.05780834,0.08807131,0.11176706,0.04098017,3,0.11467708,3,0.5307814948306017,N/A,Review,0.8
L000154,32.0,0.055014607,0.02853706,0.05670183,0.03387429,3,0.08680552,0,0.5077223657291212,N/A,Review,0.8
L000154,33.0,0.06221545,0.05621952,0.084846616,0.022605272,3,0.14276075,0,0.5300025909402449,N/A,Review,0.8
L000154,34.0,0.091581784,0.037517924,0.07828198,0.026023652,3,0.12440501,0,0.5533054767647172,N/A,Review,0.8
L000154,35.0,0.03832944,0.07720068,0.13872302,0.034165986,3,0.07419536,0,0.5661659399341721,N/A,Review,0.8
L000154,36.0,0.047948297,0.1025106,0.13907336,0.025718564,3,0.043317407,0,0.5288689067979806,N/A,Review,0.8
L000154,37.0,0.9971969,0.9970667,0.11008879,0.00010762538,0,0.019698635,0,0.5889630767500953,N/A,Review,0.8
L000154,38.0,0.9973924,0.9981982,0.12095051,8.68414e-05,0,0.036381412,0,0.5927822363999138,N/A,Review,0.8
L000154,39.0,0.9962727,0.99860436,0.12171235,0.00034616663,0,0.06811965,0,0.5768906608521085,N/A,Review,0.8
L000154,40.0,0.9976877,0.9986871,0.19674769,0.00021571439,0,0.019778742,0,0.5566179359581522,N/A,Review,0.8
L000154,41.0,0.9477579,0.9736849,0.7247162,0.0005938007,1,0.009802913,0,0.5314345579407777,N/A,Review,0.8
L000154,42.0,0.99787533,0.99843925,0.10464317,6.970034e-05,0,0.019745803,0,0.619357448894523,N/A,Review,0.8
L000154,43.0,0.9979031,0.9987011,0.13340893,5.226702e-05,0,0.02332498,0,0.5812563861491398,N/A,Review,0.8
L000154,44.0,0.99002784,0.9963934,0.2626632,0.00033675256,0,0.013059773,1,0.5652860114974243,N/A,Review,0.8
L000154,45.0,0.9980635,0.99814963,0.14285883,0.00017910787,0,0.065611735,1,0.5894360530204119,N/A,Review,0.8
L000154,,0.9936195,0.9918249,0.9917681,0.00071086275,1,0.13562678,0,0.6594242651442159,N/A,Review,0.8
L000154,47.0,0.99724364,0.9962502,0.99743915,0.00018840148,1,0.121489175,0,0.5472306691711559,N/A,Review,0.8
L000154,48.0,0.9969066,0.99678385,0.997532,0.00082492887,1,0.20119923,0,0.6720200329590702,N/A,Review,0.8
L000154,49.0,0.03982663,0.09510913,0.107203126,0.19946985,3,0.2781543,1,0.4908724786131068,N/A,Review,0.8
L000154,50.0,0.038392536,0.058355313,0.07760598,0.15255655,3,0.12254103,0,0.6047275230956437,N/A,Review,0.8
L000154,51.0,0.25818595,0.2588734,0.21878463,0.043386456,3,0.0453754,0,0.5640990743130352,N/A,Review,0.8
L000154,52.0,0.9972579,0.9969512,0.08120299,0.00071901816,0,0.03632189,0,0.7122438249467543,N/A,Review,0.8
L000154,53.0,0.9964245,0.99607337,0.08038917,0.00060263404,0,0.06226515,0,0.641001156376137,N/A,Review,0.8
L000154,54.0,0.99759656,0.9975012,0.077846296,0.00028831797,0,0.12511382,0,0.7330777669533737,N/A,Review,0.8
L000154,55.0,0.99763346,0.99815553,0.09127087,0.00026391985,0,0.12006887,0,0.6117199909695251,N/A,Review,0.8
L000154,56.0,0.9970642,0.9976858,0.081848934,0.00022491785,0,0.1526159,0,0.6261634025947391,N/A,Review,0.8
L000154,57.0,0.9977156,0.997888,0.09544326,0.0004928434,0,0.105569795,0,0.6149746244724068,N/A,Review,0.8
L000154,58.0,0.998315,0.9977568,0.12568402,0.00041539755,0,0.093928926,2,0.6127790151540159,N/A,Review,0.8
L000154,59.0,0.9977786,0.997821,0.11430177,0.00040486225,0,0.12889552,0,0.6397883959770332,N/A,Review,0.8
L000154,60.0,0.09180366,0.18222992,0.1095816,0.051360272,3,0.093293525,0,0.5633739695228717,N/A,Review,0.8
L000154,,0.049653564,0.15050271,0.094673924,0.40437964,3,0.120522626,1,0.5380595424399726,N/A,Review,0.8
L000154,62.0,0.039568514,0.11551525,0.09737862,0.08772802,3,0.027487352,2,0.5817142765811193,N/A,Review,0.8
L000162,0.0,0.081119336,0.115701795,0.072166994,0.86651134,3,0.22924227,2,0.5894777670217215,N/A,Review,0.8
L000162,1.0,0.060191147,0.074123845,0.034465868,0.78205156,3,0.19937308,2,0.5016357588997216,N/A,Review,0.8
L000162,2.0,0.9975364,0.99605644,0.049598496,0.0039599976,0,0.35977852,2,0.5701121584873103,N/A,Review,0.8
L000162,3.0,0.99806005,0.99758375,0.054497097,0.00054052396,0,0.10061808,2,0.564764949127895,N/A,Review,0.8
L000162,4.0,0.059110284,0.12905072,0.0448342,0.2966745,3,0.09509625,2,0.5288338390540271,N/A,Review,0.8
L000162,5.0,0.9981111,0.99817014,0.06018975,0.0013551228,0,0.2585502,2,0.5591865241918603,N/A,Review,0.8
L000162,6.0,0.9610126,0.95336854,0.06066711,0.022453923,0,0.26508293,2,0.4700747292340817,N/A,Review,0.8
L000162,7.0,0.9944013,0.9958962,0.98982763,0.00068165036,1,0.3435359,2,0.5420774358798249,N/A,Review,0.8
L000162,8.0,0.9983575,0.9976255,0.99480927,0.0007666339,1,0.19336596,2,0.5066341057179161,N/A,Review,0.8
L000162,9.0,0.9981634,0.99891174,0.9954151,0.00027555143,1,0.32145718,2,0.4714943253692646,N/A,Review,0.8
L000162,10.0,0.99837154,0.99774975,0.9962773,0.0006587232,1,0.3122725,2,0.44082143591044615,N/A,Review,0.8
L000162,11.0,0.9981248,0.9981773,0.9969227,0.0008992386,1,0.18964149,2,0.4820890423263884,N/A,Review,0.8
L000162,12.0,0.9985946,0.99850756,0.9971334,0.001108227,1,0.3002234,2,0.48015420322301683,N/A,Review,0.8
L000162,13.0,0.99728036,0.9989011,0.9975267,0.0017140849,1,0.6327587,2,0.4843374489176193,N/A,Review,0.8
L000162,14.0,0.9972019,0.9984816,0.99761677,0.0009829145,1,0.67341226,2,0.46423452818788036,N/A,Review,0.8
L000162,15.0,0.9631677,0.9960944,0.98354167,0.018178482,1,0.6007591,2,0.454361516577928,N/A,Review,0.8
L000162,16.0,0.9975534,0.9978357,0.9973763,0.0006641403,1,0.61933136,2,0.4693450858855321,N/A,Review,0.8
L000162,17.0,0.9967765,0.99810827,0.9980732,0.0039626746,1,0.53752893,2,0.4700074632638085,N/A,Review,0.8
L000162,18.0,0.99670756,0.9978452,0.9981675,0.001980462,1,0.5380319,2,0.4735662998625362,N/A,Review,0.8
L000162,,0.99612266,0.99873275,0.9975337,0.0012092688,1,0.6033412,2,0.5162548734672336,N/A,Review,0.8
L000162,20.0,0.9463705,0.9922466,0.98893845,0.023461876,1,0.66683614,2,0.42262882994545736,N/A,Review,0.8
L000162,21.0,0.9951356,0.998181,0.9980422,0.00062152935,1,0.43006372,2,0.48177131088107117,N/A,Review,0.8
L000162,22.0,0.9948902,0.99780184,0.99761707,0.00074605667,1,0.40653905,2,0.5714775734397675,N/A,Review,0.8
L000162,23.0,0.99325514,0.9971317,0.99652195,0.0011277922,1,0.3405633,2,0.41293623645850874,N/A,Review,0.8
L000162,24.0,0.99457777,0.99872476,0.9975406,0.000817095,1,0.19057831,2,0.6459226261864532,N/A,Review,0.8
L000162,25.0,0.9951492,0.99850535,0.99757534,0.0004991505,1,0.30879444,2,0.49401751787397746,N/A,Review,0.8
L000162,26.0,0.99605787,0.9982023,0.9990312,0.0010386038,2,0.21614012,2,0.44489539653487464,N/A,Review,0.8
L000162,27.0,0.9967618,0.9989274,0.99872285,0.00066335493,4,0.25415453,2,0.5573789735104993,N/A,Review,0.8
L000162,28.0,0.9976362,0.99939823,0.99929416,0.00030836277,4,0.31890202,1,0.5662010245293425,N/A,Review,0.8
L000162,29.0,0.999164,0.9994593,0.99942386,0.0003162484,4,0.17240562,2,0.6424343696605294,N/A,Review,0.8
L000162,30.0,0.99900025,0.9995433,0.9995096,0.00016211103,4,0.25297856,1,0.6710471706578232,N/A,Review,0.8
L000162,31.0,0.999268,0.99948776,0.99952674,0.00018537027,4,0.1495423,2,0.5859927139350805,N/A,Review,0.8
L000162,32.0,0.99894625,0.9996829,0.9995987,0.00024191341,4,0.25939608,2,0.4920192758828432,N/A,Review,0.8
L000162,33.0,0.99917454,0.9996674,0.9996093,0.00023379007,4,0.5010987,0,0.48923963293435646,N/A,Review,0.8
L000162,34.0,0.99892247,0.9996451,0.9995883,7.96487e-05,4,0.27503282,0,0.4747748408081729,N/A,Review,0.8
L000162,35.0,0.99911994,0.9996581,0.9996038,0.00010511746,4,0.23555341,0,0.5340910189047385,N/A,Review,0.8
L000162,36.0,0.99915385,0.99964356,0.99960905,7.108391e-05,4,0.3311201,0,0.47008727046438525,N/A,Review,0.8
L000162,37.0,0.9992994,0.9997013,0.999579,0.0001397056,4,0.36589497,0,0.3675822242456287,N/A,Review,0.8
L000162,38.0,0.99907935,0.99976474,0.99957687,0.0001363839,4,0.13385233,0,0.49937254848846907,N/A,Review,0.8
L000162,39.0,0.9991062,0.9996828,0.999597,0.00016129568,4,0.08408491,0,0.42221093566385337,N/A,Review,0.8
L000162,40.0,0.99907625,0.99967515,0.99958986,0.00014830496,4,0.14206591,0,0.5364914684617658,N/A,Review,0.8
L000162,41.0,0.9993856,0.9996929,0.9996014,0.00011181727,4,0.113411255,2,0.4117110788143977,N/A,Review,0.8
L000162,42.0,0.99924326,0.9998072,0.999554,0.000120561206,4,0.07201016,3,0.42753848079173523,N/A,Review,0.8
L000162,43.0,0.99733764,0.99913067,0.99732494,0.00021150892,4,0.09819821,2,0.5190959339242714,N/A,Review,0.8
L000162,44.0,0.99932325,0.9997887,0.99959606,5.545592e-05,4,0.16908185,2,0.47376539066628265,N/A,Review,0.8
L000162,45.0,0.99940705,0.9997392,0.99959093,0.00017267444,4,0.30963007,2,0.4987957870345048,N/A,Review,0.8
L000162,46.0,0.9994216,0.9996753,0.9995994,0.00012839584,4,0.38328242,0,0.434919989799255,N/A,Review,0.8
L000162,47.0,0.99807584,0.99947053,0.9977976,0.00031407393,4,0.14145708,0,0.5392013284473732,N/A,Review,0.8
L000162,48.0,0.9991836,0.99979955,0.9996201,0.000113523914,4,0.096189335,0,0.47102319056227804,N/A,Review,0.8
L000162,49.0,0.999255,0.9998024,0.9995907,0.00010654249,4,0.10893193,0,0.5065650331591909,N/A,Review,0.8
L000162,50.0,0.999172,0.9998259,0.99959654,8.653817e-05,4,0.11666353,2,0.5056851062522989,N/A,Review,0.8
L000162,51.0,0.99943787,0.99978286,0.99961084,0.00012524206,4,0.26842842,2,0.4862280988007003,N/A,Review,0.8
L000162,52.0,0.99942845,0.99978846,0.99961084,9.7101794e-05,4,0.19218661,2,0.5396843662561801,N/A,Review,0.8
L000162,,0.9990079,0.9997607,0.9995459,8.063962e-05,4,0.22381017,1,0.5142879701786163,N/A,Review,0.8
L000162,54.0,0.9993888,0.9997702,0.9995857,6.749698e-05,4,0.18643698,1,0.5045112310577762,N/A,Review,0.8
L000162,55.0,0.99928856,0.9997937,0.99955887,6.1238155e-05,4,0.045725044,2,0.5390021922887644,N/A,Review,0.8
L000162,56.0,0.99946076,0.999729,0.99959177,0.000103582024,4,0.07655446,1,0.5167768740294578,N/A,Review,0.8
L000162,57.0,0.9993888,0.9997795,0.9995857,7.724563e-05,4,0.06628297,1,0.5267108761642152,N/A,Review,0.8
L000162,58.0,0.99928856,0.9997968,0.9995677,6.85701e-05,4,0.051205344,1,0.5361675748342738,N/A,Review,0.8
L000162,59.0,0.9991928,0.99967873,0.9995472,0.00012340587,4,0.188245,1,0.6558829005420976,N/A,Review,0.8
L000162,60.0,0.99937195,0.9996581,0.9995442,0.000132143,4,0.13896571,2,0.5160181967863751,N/A,Review,0.8
L000162,61.0,0.99919313,0.99969053,0.99952734,8.4228726e-05,4,0.061334193,2,0.5803341990409313,N/A,Review,0.8
L000162,62.0,0.9993469,0.9996612,0.9995365,0.00011516046,4,0.13666897,1,0.5033885646278053,N/A,Review,0.8
L000162,63.0,0.999199,0.9996785,0.9995572,0.00013249995,4,0.256201,1,0.48381662568060935,N/A,Review,0.8
L000162,64.0,0.9991592,0.9997055,0.9995072,0.00017443884,4,0.033707216,2,0.7115206920157119,N/A,Review,0.8
L000162,65.0,0.9987186,0.99962306,0.9995571,9.493563e-05,4,0.06979904,2,0.6623700932321093,N/A,Review,0.8
L000162,66.0,0.9992873,0.9996594,0.9995592,0.00011843453,4,0.12815148,1,0.5281696670926974,N/A,Review,0.8
L000162,67.0,0.9991743,0.9995981,0.9995598,0.00015253676,4,0.030577712,2,0.5714034303228552,N/A,Review,0.8
L000162,68.0,0.9993098,0.9996364,0.9995671,0.00013191148,4,0.13478768,2,0.5737194484091535,N/A,Review,0.8
L000162,69.0,0.9993098,0.9996437,0.99957603,0.00014822805,4,0.09855408,2,0.5956533937079616,N/A,Review,0.8
L000162,70.0,0.9993332,0.9996295,0.99961674,0.00015168391,4,0.03470868,2,0.5975844876447518,N/A,Review,0.8
L000162,71.0,0.99935645,0.99962556,0.9996018,0.0002352172,4,0.059953567,2,0.6175272424100019,N/A,Review,0.8
L000162,72.0,0.9993498,0.9996506,0.99962425,0.0002705986,4,0.06547469,1,0.6093939072378687,N/A,Review,0.8
L000162,73.0,0.9989405,0.9996488,0.9996258,0.00018950425,4,0.053436942,2,0.5117627298817384,N/A,Review,0.8
L000162,74.0,0.9992131,0.9996917,0.99959224,0.0002170598,4,0.037626795,2,0.5943225851045201,N/A,Review,0.8
L000162,75.0,0.99936,0.99965477,0.99967885,0.00019118014,4,0.059868913,0,0.6388798900319197,N/A,Review,0.8
L000162,,0.99910295,0.9996593,0.99958175,0.0002259457,4,0.020140106,0,0.6563851170109567,N/A,Review,0.8
L000162,77.0,0.99679476,0.9991817,0.9973876,0.00014176061,4,0.08408094,0,0.6172425781420801,N/A,Review,0.8
L000162,78.0,0.99675673,0.99933904,0.99735993,0.00028243448,4,0.0099896565,0,0.7498132473056144,N/A,Review,0.8
L000172,,0.26581523,0.11352712,0.15162846,0.39138478,3,0.16737601,1,0.4346143477851454,N/A,Review,0.8
L000172,1.0,0.13678479,0.12673293,0.039094705,0.10370204,3,0.08161347,3,0.4723897159745646,N/A,Review,0.8
L000172,2.0,0.9976228,0.99630237,0.14200701,0.000110200795,0,0.42111984,3,0.6316363544180323,N/A,Review,0.8
L000172,3.0,0.99641377,0.99437684,0.9908846,0.000112383175,1,0.17357126,3,0.46419525982802856,N/A,Review,0.8
L000172,4.0,0.9972343,0.9940673,0.99146736,0.0005379764,1,0.27219746,2,0.5487491756868293,N/A,Review,0.8
L000172,5.0,0.99850744,0.9979196,0.99327517,0.0005637661,1,0.196673,2,0.5303095755115382,N/A,Review,0.8
L000172,6.0,0.99837697,0.99699616,0.99749833,0.00065393804,1,0.075871974,2,0.5170830248237945,N/A,Review,0.8
L000172,7.0,0.99846673,0.9976948,0.99726415,0.00036838572,1,0.1668352,2,0.5067742083721668,N/A,Review,0.8
L000172,8.0,0.9983474,0.9980799,0.99568933,0.0008373923,1,0.3371625,2,0.4633935610596558,N/A,Review,0.8
L000172,9.0,0.99795616,0.99887246,0.9960878,0.0008651262,2,0.35632148,2,0.3752448528593386,N/A,Review,0.8
L000172,10.0,0.99790645,0.9986848,0.9986451,0.0007832193,4,0.3152875,2,0.4093561577417445,N/A,Review,0.8
L000172,11.0,0.9981177,0.997981,0.9991478,0.00072769314,2,0.1809151,2,0.4367363952553507,N/A,Review,0.8
L000172,12.0,0.9965677,0.9989667,0.99921274,0.0005724042,2,0.1442796,2,0.5823891078803203,N/A,Review,0.8
L000172,13.0,0.99800164,0.99911076,0.9992545,0.00017384673,2,0.24155155,2,0.451983804174249,N/A,Review,0.8
L000172,14.0,0.9982753,0.99942374,0.99953973,0.00013381778,4,0.081234336,2,0.5883032487779447,N/A,Review,0.8
L000172,15.0,0.99899703,0.9996511,0.9994931,0.00022861369,4,0.13872981,2,0.5937339913422932,N/A,Review,0.8
L000172,16.0,0.9989807,0.9995876,0.99952435,0.0001739288,4,0.06659133,2,0.5933743652002544,N/A,Review,0.8
L000172,17.0,0.99908864,0.99929965,0.9996668,0.00035744722,4,0.07669383,2,0.5866810217859574,N/A,Review,0.8
L000172,18.0,0.99917966,0.9994954,0.99964726,0.00028478826,4,0.099394575,1,0.5942405679736305,N/A,Review,0.8
L000172,19.0,0.9989446,0.9996325,0.9995834,0.0001569867,4,0.093304105,2,0.5236470774121817,N/A,Review,0.8
L000172,20.0,0.99892235,0.99968016,0.99958915,9.015075e-05,4,0.11358636,2,0.5041159624628795,N/A,Review,0.8
L000172,21.0,0.9988613,0.9995753,0.99957925,7.888007e-05,4,0.057624787,3,0.4697769526874783,N/A,Review,0.8
L000172,22.0,0.99880874,0.99944955,0.9995747,8.6203785e-05,4,0.021387348,1,0.46509970529004874,N/A,Review,0.8
L000172,23.0,0.9986998,0.99937373,0.99963,8.226165e-05,4,0.053139,2,0.47022647844891585,N/A,Review,0.8
L000172,24.0,0.9988921,0.9994129,0.9996793,6.4356966e-05,4,0.06909897,2,0.49270918882323,N/A,Review,0.8
L000172,25.0,0.99906677,0.99916756,0.99970776,0.00010909116,4,0.06532555,2,0.48091575547831866,N/A,Review,0.8
L000172,26.0,0.99855715,0.99951017,0.99970704,0.0002049221,4,0.047560953,2,0.4809123507278852,N/A,Review,0.8
L000172,27.0,0.998713,0.9995639,0.9996543,0.00019311704,4,0.04230268,2,0.4255055992699802,N/A,Review,0.8
L000172,28.0,0.9990816,0.99952185,0.9996805,0.0003507439,4,0.046911657,2,0.44280375789190807,N/A,Review,0.8
L000172,29.0,0.9990362,0.99910444,0.9996637,0.0003414568,4,0.0142092155,2,0.41500021045665786,N/A,Review,0.8
L000172,30.0,0.9987336,0.9993449,0.9996693,0.00019315441,4,0.021198984,2,0.44337006349635977,N/A,Review,0.8
L000174,0.0,0.040744603,0.045557518,0.05509008,0.43556982,3,0.26048955,2,0.7128602916029093,N/A,Review,0.8
L000174,1.0,0.030766306,0.029691685,0.038411383,0.50195456,3,0.20546517,3,0.435471955220718,N/A,Review,0.8
L000174,2.0,0.031696673,0.01571195,0.02352956,0.56707066,3,0.35395575,3,0.570914846380087,N/A,Review,0.8
L000174,3.0,0.031071842,0.02452534,0.037475564,0.5973112,3,0.36154088,3,0.6101555090107857,N/A,Review,0.8
L000174,,0.049191136,0.031573515,0.02615806,0.3608218,3,0.3876191,2,0.5756745780498318,N/A,Review,0.8
L000174,5.0,0.033793632,0.019561248,0.03320928,0.6928538,3,0.32503927,3,0.5258174159311828,N/A,Review,0.8
L000174,6.0,0.02833783,0.03819325,0.029419854,0.22075038,3,0.6578292,3,0.527169061181627,N/A,Review,0.8
L000174,7.0,0.030650955,0.020200409,0.034880366,0.3058567,3,0.26105946,2,0.5284264500354864,N/A,Review,0.8
L000174,8.0,0.07235888,0.12567846,0.028299948,0.024714233,3,0.5174648,2,0.5257830246999533,N/A,Review,0.8
L000174,9.0,0.036979496,0.047433306,0.026651641,0.29028994,3,0.66102475,2,0.5366718134053974,N/A,Review,0.8
L000174,10.0,0.021927642,0.031822797,0.018363228,0.3030356,3,0.4177327,2,0.5466023381606708,N/A,Review,0.8
L000174,11.0,0.028749568,0.043025576,0.028556952,0.5647448,3,0.29210246,2,0.5563889455862648,N/A,Review,0.8
L000174,12.0,0.024317611,0.026726624,0.026523124,0.4566023,3,0.34775296,2,0.5284736646157425,N/A,Review,0.8
L000174,13.0,0.02123732,0.042405482,0.04508186,0.45319074,3,0.32132608,3,0.6822747880047624,N/A,Review,0.8
L000174,14.0,0.9961278,0.99737036,0.033336233,0.00029456566,0,0.4428238,2,0.6157572065434704,N/A,Review,0.8
L000174,15.0,0.9921619,0.99659306,0.9863288,0.00067145826,1,0.2628297,2,0.5587235962274909,N/A,Review,0.8
L000174,16.0,0.997698,0.99769634,0.99260384,0.0001489363,1,0.2246539,2,0.554020136573449,N/A,Review,0.8
L000174,17.0,0.9986928,0.9977307,0.9916074,0.000627609,1,0.03368158,2,0.561498736356302,N/A,Review,0.8
L000174,18.0,0.99897003,0.99850464,0.99889475,0.0003905415,2,0.13410643,1,0.5593478039774082,N/A,Review,0.8
L000174,19.0,0.99879956,0.9981207,0.9987435,0.00024329571,2,0.052352168,0,0.5989022022096644,N/A,Review,0.8
L000174,20.0,0.99882525,0.9990489,0.99923825,0.00012118464,2,0.1379947,1,0.6367703066037863,N/A,Review,0.8
L000174,21.0,0.06744248,0.20746793,0.14072293,0.14180352,3,0.13713756,2,0.5843354272692279,N/A,Review,0.8
L000174,22.0,0.99673295,0.9960478,0.03574607,0.00036324223,0,0.0569077,2,0.6056212876132085,N/A,Review,0.8
L000174,23.0,0.9959537,0.9952271,0.026368976,0.0005819008,0,0.24330169,2,0.6179314776773766,N/A,Review,0.8
L000174,24.0,0.9952624,0.9960945,0.033266157,0.00071778725,0,0.14928153,2,0.5824686116782084,N/A,Review,0.8
L000174,25.0,0.9957228,0.9932848,0.021346448,0.0004767894,0,0.34307188,2,0.57538515267551,N/A,Review,0.8
L000174,26.0,0.9972415,0.99763024,0.023549441,0.0008687075,0,0.15240252,2,0.6215871602180438,N/A,Review,0.8
L000174,27.0,0.9953673,0.99746656,0.05662365,0.00063861476,0,0.5103612,2,0.5375280694939921,N/A,Review,0.8
L000174,28.0,0.99772376,0.9985019,0.03227275,0.0005007364,0,0.3178306,2,0.5642434501115317,N/A,Review,0.8
L000174,29.0,0.9947365,0.99801743,0.05634542,0.0010304202,0,0.6287723,2,0.46426851462314767,N/A,Review,0.8
L000180,0.0,0.019226242,0.062235482,0.022637153,0.62335676,3,0.64164495,2,0.5239962770243167,N/A,Review,0.8
L000180,1.0,0.026642432,0.070321776,0.06588184,0.11781434,3,0.2182157,1,0.6471751422265954,N/A,Review,0.8
L000180,2.0,0.16797791,0.12975743,0.093780786,0.04406634,3,0.19676591,3,0.4755403980858019,N/A,Review,0.8
L000180,3.0,0.047223177,0.071326725,0.056452952,0.2585326,3,0.321303,2,0.4401294735009596,N/A,Review,0.8
L000180,4.0,0.037723202,0.04222611,0.044919837,0.53075665,3,0.349848,3,0.4441218788321533,N/A,Review,0.8
L000180,5.0,0.05710081,0.07949411,0.076116964,0.5858108,3,0.35829654,3,0.4304630441572057,N/A,Review,0.8
L000180,6.0,0.034732826,0.05153053,0.08018622,0.33279687,3,0.3192237,3,0.5684146451745226,N/A,Review,0.8
L000180,7.0,0.039672025,0.054430272,0.064368695,0.18644601,3,0.12920791,3,0.3837558539617907,N/A,Review,0.8
L000180,8.0,0.05793278,0.053760298,0.055929344,0.23878397,3,0.21191964,1,0.3700288915963432,N/A,Review,0.8
L000180,9.0,0.05657993,0.11193158,0.054989006,0.21332166,3,0.48028743,1,0.3990916763002236,N/A,Review,0.8
L000180,10.0,0.046831448,0.07940604,0.064243674,0.26351008,3,0.39783248,2,0.39185747418980954,N/A,Review,0.8
L000180,11.0,0.055041846,0.072336815,0.063287064,0.24185234,3,0.3603356,2,0.36704900088695624,N/A,Review,0.8
L000180,12.0,0.048667055,0.060468316,0.06973591,0.38423115,3,0.28188324,2,0.36880076780903526,N/A,Review,0.8
L000180,13.0,0.043120645,0.06662272,0.065743454,0.38223043,3,0.42350978,2,0.36825063309799344,N/A,Review,0.8
L000180,14.0,0.04138189,0.07352939,0.06365149,0.25143906,3,0.3129973,2,0.2833771383816043,N/A,Review,0.8
L000180,15.0,0.037572175,0.062213473,0.045640286,0.221472,3,0.45674708,2,0.3862306791235526,N/A,Review,0.8
L000180,16.0,0.049868256,0.058916245,0.08087051,0.20524864,3,0.26384395,3,0.3631584989621035,N/A,Review,0.8
L000180,17.0,0.04031069,0.05586294,0.05968686,0.27095717,3,0.24203624,2,0.37089927345552526,N/A,Review,0.8
L000180,18.0,0.9969585,0.99664176,0.06013873,0.00037117326,0,0.23590203,2,0.4000302481313806,N/A,Review,0.8
L000180,19.0,0.99793434,0.9988187,0.09721918,0.00022610904,0,0.19847322,2,0.4149927083425273,N/A,Review,0.8
L000180,20.0,0.961234,0.9626742,0.09428016,0.00392902,0,0.15487412,2,0.3449153086850412,N/A,Review,0.8
L000180,21.0,0.99769187,0.99884003,0.113002285,0.00029859974,0,0.18898548,2,0.4124560388587737,N/A,Review,0.8
L000180,22.0,0.9957703,0.99856645,0.037014004,0.0016940588,0,0.17750695,2,0.3981347646572463,N/A,Review,0.8
L000180,23.0,0.97826004,0.989131,0.06347763,0.004082843,0,0.16842732,2,0.32809807439433664,N/A,Review,0.8
L000180,24.0,0.14961307,0.12667727,0.057874694,0.07768818,3,0.31189048,0,0.4010918678657419,N/A,Review,0.8
L000180,25.0,0.08007212,0.09268966,0.06969712,0.23199862,3,0.25802478,0,0.399396492351084,N/A,Review,0.8
L000180,26.0,0.0402781,0.040427767,0.057067074,0.17309186,3,0.24835378,0,0.38394893228909,N/A,Review,0.8
L000180,27.0,0.05089949,0.123774886,0.107518874,0.19987178,3,0.29800895,0,0.40890100941820606,N/A,Review,0.8
L000180,28.0,0.038064893,0.12159391,0.11727902,0.12710021,3,0.18520556,0,0.336327248435584,N/A,Review,0.8
L000180,29.0,0.040168576,0.053632975,0.109457806,0.11731202,3,0.0936079,0,0.4729092555357284,N/A,Review,0.8
L000180,30.0,0.04595572,0.05644462,0.07791374,0.20754963,3,0.15113759,0,0.42111822640751234,N/A,Review,0.8
L000180,31.0,0.0472631,0.100901805,0.08801086,0.13771868,3,0.15705256,0,0.4584410999098134,N/A,Review,0.8
L000180,32.0,0.055613443,0.07241887,0.07195772,0.09832924,3,0.1621587,0,0.43001090995087765,N/A,Review,0.8
L000180,33.0,0.050639737,0.067841314,0.064543694,0.08550725,3,0.11418625,0,0.46540567271969624,N/A,Review,0.8
L000180,34.0,0.9954939,0.9987381,0.06932634,0.00037703072,0,0.08138164,0,0.5110865875486568,N/A,Review,0.8
L000180,35.0,0.99589396,0.9990146,0.11181081,0.0003507344,0,0.05293117,0,0.5075842446851715,N/A,Review,0.8
L000180,36.0,0.99668795,0.9980525,0.07478761,0.00058287004,0,0.056935675,0,0.4377305245626927,N/A,Review,0.8
L000180,37.0,0.9930577,0.9976291,0.9951905,0.00028018453,1,0.05504806,1,0.5401594896614889,N/A,Review,0.8
L000180,38.0,0.9964935,0.997177,0.9968573,0.00010692834,1,0.045591276,0,0.5327721201486221,N/A,Review,0.8
L000180,39.0,0.9961437,0.99731356,0.99741757,0.00030177677,1,0.13907695,1,0.4962452276223578,N/A,Review,0.8
L000180,40.0,0.9500143,0.986777,0.98830044,0.0012796109,1,0.10921336,1,0.537192339406821,N/A,Review,0.8
L000180,41.0,0.99599695,0.99724764,0.99716175,0.00036596155,1,0.07413856,1,0.5056264283594888,N/A,Review,0.8
L000180,42.0,0.997477,0.9987143,0.9991954,0.00028385656,2,0.15675656,1,0.5090902782982094,N/A,Review,0.8
L000180,43.0,0.99787354,0.9987998,0.9990871,0.00015195172,2,0.13182402,1,0.5164752307487247,N/A,Review,0.8
L000180,44.0,0.9976065,0.9989355,0.9991652,0.00023396332,4,0.3269583,1,0.6140900649543004,N/A,Review,0.8
L000180,45.0,0.998906,0.9990409,0.9995421,0.00013301682,4,0.6573447,1,0.5944393835580706,N/A,Review,0.8
L000180,46.0,0.9988599,0.9993111,0.9996593,6.533349e-05,4,0.35573977,0,0.6042089786362477,N/A,Review,0.8
L000180,47.0,0.998771,0.9992884,0.999652,8.1938466e-05,4,0.436013,0,0.5462659821381785,N/A,Review,0.8
L000180,48.0,0.9989907,0.9993949,0.99969447,0.0001113713,4,0.20102818,0,0.5611012508569524,N/A,Review,0.8
L000180,49.0,0.9988759,0.99932456,0.9996197,0.00018060069,4,0.4372726,0,0.6615792634838098,N/A,Review,0.8
L000180,50.0,0.9987185,0.9993369,0.99960464,0.00013765556,4,0.19460239,0,0.4661966381859991,N/A,Review,0.8
L000180,51.0,0.9989146,0.99912363,0.99965036,0.0003305669,4,0.10152666,0,0.4480390433690422,N/A,Review,0.8
L000180,52.0,0.99868864,0.99931395,0.99960464,0.00027706195,4,0.12103765,0,0.4718800802045853,N/A,Review,0.8
L000180,53.0,0.99890447,0.99933845,0.99964345,0.00014713657,4,0.17850918,1,0.4380057513950055,N/A,Review,0.8
L000180,54.0,0.99905187,0.9993236,0.99963427,0.00011190741,4,0.20621438,1,0.47965793811257185,N/A,Review,0.8
L000180,55.0,0.9990232,0.9993599,0.99956626,0.00018108074,4,0.32074022,0,0.4068346019847033,N/A,Review,0.8
L000180,56.0,0.9986419,0.9991375,0.99954104,0.00018792388,4,0.1832838,0,0.425079446688936,N/A,Review,0.8
L000180,57.0,0.99862444,0.99925643,0.9995553,0.0001316776,4,0.37211937,0,0.4947573172631156,N/A,Review,0.8
L000180,58.0,0.9989594,0.9992207,0.9996013,0.00017085258,4,0.53720504,3,0.47823561379465496,N/A,Review,0.8
L000180,59.0,0.99887973,0.9994337,0.99961984,6.336876e-05,4,0.26701334,0,0.4162483626561613,N/A,Review,0.8
L000180,60.0,0.9991635,0.99921834,0.99959284,0.00012509811,4,0.26267317,3,0.4942299158970477,N/A,Review,0.8
L000180,61.0,0.99900144,0.99938214,0.9995701,0.00018502593,4,0.27190116,3,0.6583861989291254,N/A,Review,0.8
L000180,62.0,0.9938467,0.9980483,0.99662006,0.00023306851,4,0.10799385,3,0.5085337202681168,N/A,Review,0.8
L000180,63.0,0.9951551,0.99841976,0.9968605,0.00032742068,4,0.1982991,1,0.5415644421769912,N/A,Review,0.8
L000180,64.0,0.9989222,0.9992962,0.99955744,0.00031619507,4,0.15777315,3,0.5116213978872128,N/A,Review,0.8
L000180,65.0,0.99862444,0.9993067,0.99957055,0.00013847745,4,0.17356709,3,0.4867208120667269,N/A,Review,0.8
L000180,66.0,0.9989384,0.99945766,0.9995814,0.0001429155,4,0.41166747,0,0.5628428057186075,N/A,Review,0.8
L000180,67.0,0.9988423,0.9994272,0.9996171,0.000192687,4,0.11009421,3,0.6814614664913887,N/A,Review,0.8
L000180,68.0,0.9988508,0.9994141,0.99962544,9.650722e-05,4,0.12276435,1,0.5230544786877858,N/A,Review,0.8
L000180,69.0,0.9989681,0.99916255,0.9995421,0.00012284174,4,0.07668834,1,0.5698080475174736,N/A,Review,0.8
L000180,70.0,0.9988508,0.9993907,0.99962544,0.00017211356,4,0.06134887,1,0.5336985562659655,N/A,Review,0.8
L000180,71.0,0.99890435,0.99942917,0.9995726,0.00012747661,4,0.23288476,0,0.5128562409699494,N/A,Review,0.8
L000180,72.0,0.9988325,0.999411,0.9996842,6.627373e-05,4,0.11100009,0,0.44891410151934785,N/A,Review,0.8
L000180,73.0,0.99865866,0.99931955,0.9995609,0.00012531779,4,0.19844685,0,0.5418858142804137,N/A,Review,0.8
L000180,74.0,0.9990054,0.9992717,0.99965,8.775494e-05,4,0.14067593,0,0.5981545134237682,N/A,Review,0.8
L000180,75.0,0.9988224,0.99927,0.99960953,0.000107444095,4,0.22093897,0,0.5987621145957096,N/A,Review,0.8
L000180,76.0,0.9985629,0.9992494,0.99956256,0.00014294262,4,0.5407903,0,0.6776720560270996,N/A,Review,0.8
L000180,77.0,0.9988697,0.9992343,0.9996339,0.00012287466,4,0.330399,0,0.6068073549129266,N/A,Review,0.8
L000180,78.0,0.998938,0.9991937,0.9995788,8.155354e-05,4,0.14240609,0,0.6295708054759522,N/A,Review,0.8
L000180,,0.9984413,0.9991111,0.99958533,0.000118374,4,0.040855583,0,0.682524208877657,N/A,Review,0.8
L000180,80.0,0.99913436,0.99948895,0.99965763,7.908991e-05,4,0.24965112,0,0.6334108978578241,N/A,Review,0.8
L000180,81.0,0.99880815,0.99962306,0.99968445,6.537829e-05,4,0.35450852,0,0.6578706847189675,N/A,Review,0.8
L000180,82.0,0.9988747,0.99958616,0.99967396,0.000109738874,4,0.14379808,0,0.6837706074735103,N/A,Review,0.8
L000180,83.0,0.9990081,0.99959046,0.99965763,9.3238436e-05,4,0.14499386,0,0.7254429647646033,N/A,Review,0.8
L000180,84.0,0.9988971,0.9995239,0.9996698,7.72838e-05,4,0.41251305,0,0.6423324170381369,N/A,Review,0.8
L000180,85.0,0.9989793,0.9992994,0.9996319,9.98227e-05,4,0.16711509,1,0.7101240676579663,N/A,Review,0.8
L000180,86.0,0.9990054,0.99936503,0.9996357,9.6827636e-05,4,0.16263194,0,0.6900023173557099,N/A,Review,0.8
L000180,87.0,0.9991635,0.99948573,0.99964666,0.00014444183,4,0.23593302,0,0.704113366936219,N/A,Review,0.8
L000180,88.0,0.99911517,0.9994722,0.99960095,0.00010411152,4,0.17164125,1,0.7132394489152467,N/A,Review,0.8
L000180,89.0,0.9990081,0.99960905,0.9996582,8.5543026e-05,4,0.4611867,0,0.7250202904880303,N/A,Review,0.8
L000180,90.0,0.9991635,0.99949193,0.99964726,0.00012873762,4,0.33680826,0,0.7048096394581264,N/A,Review,0.8
L000180,91.0,0.99875474,0.999584,0.9996567,8.1364466e-05,4,0.2216683,0,0.7588571143873335,N/A,Review,0.8
L000180,92.0,0.9989512,0.9995092,0.99967027,9.994709e-05,4,0.11485404,0,0.7749354315090544,N/A,Review,0.8
L000180,93.0,0.9990103,0.99950147,0.99967253,7.766695e-05,4,0.18191104,0,0.7521704577689585,N/A,Review,0.8
L000180,,0.9980415,0.9992822,0.99958843,0.00010305504,4,0.012331541,0,0.5883994700691568,N/A,Review,0.8
L000181,0.0,0.022075638,0.11307733,0.06341951,0.6366623,3,0.17412151,0,0.4470504837393382,N/A,Review,0.8
L000181,1.0,0.029829558,0.027418591,0.06991976,0.79118574,3,0.17259265,0,0.40085730159329913,N/A,Review,0.8
L000181,2.0,0.024506189,0.025573174,0.055194475,0.8196912,3,0.46587187,0,0.37284202311231246,N/A,Review,0.8
L000181,3.0,0.9953216,0.99468803,0.038665053,0.0018986859,0,0.4201029,0,0.4437269409513478,N/A,Review,0.8
L000181,4.0,0.996033,0.99793315,0.032432597,0.001633033,0,0.49828872,0,0.47859584855348536,N/A,Review,0.8
L000181,5.0,0.027494293,0.07425474,0.03723201,0.8249586,3,0.5001357,0,0.44208621364115763,N/A,Review,0.8
L000181,6.0,0.023658996,0.06773595,0.06578217,0.28349647,3,0.40301275,0,0.4389938221764235,N/A,Review,0.8
L000181,7.0,0.025855502,0.04626416,0.050807405,0.47208008,3,0.34250998,0,0.3842052923068433,N/A,Review,0.8
L000181,8.0,0.023670847,0.06105492,0.06230103,0.357557,3,0.5438198,0,0.37750563027830303,N/A,Review,0.8
L000181,9.0,0.9798773,0.9908228,0.038344078,0.0009418543,0,0.8111191,0,0.406770583548844,N/A,Review,0.8
L000181,10.0,0.9955983,0.9979539,0.0357533,0.0008085631,0,0.7751547,0,0.4613038897937617,N/A,Review,0.8
L000181,11.0,0.9144468,0.9799284,0.034956966,0.018593645,0,0.28700882,0,0.3944839714342268,N/A,Review,0.8
L000181,12.0,0.99651057,0.9985057,0.0289902,0.0012870511,0,0.22787897,0,0.4019469058183405,N/A,Review,0.8
L000181,13.0,0.9971783,0.9989023,0.05474985,0.0014237224,0,0.2602841,0,0.36946314846925227,N/A,Review,0.8
L000181,14.0,0.9949373,0.997332,0.021066764,0.0013711439,0,0.26912028,0,0.32216414192342435,N/A,Review,0.8
L000181,15.0,0.9973781,0.9979346,0.029915843,0.0011594959,0,0.26766762,0,0.3775853459008564,N/A,Review,0.8
L000181,16.0,0.99692327,0.9987827,0.026488163,0.00024409454,0,0.38168296,0,0.3599994378123347,N/A,Review,0.8
L000181,17.0,0.99734586,0.9986475,0.08080894,0.0028554043,0,0.28894264,2,0.3496713888684436,N/A,Review,0.8
L000181,18.0,0.99756503,0.99752253,0.03487271,0.0011989155,0,0.29479244,0,0.36133731779980505,N/A,Review,0.8
L000181,19.0,0.9969266,0.99757725,0.029033855,0.001179547,0,0.19603558,0,0.37214548990069785,N/A,Review,0.8
L000181,20.0,0.9962903,0.99772984,0.02848624,0.0018995589,0,0.4003914,0,0.34048744616057036,N/A,Review,0.8
L000181,,0.99639255,0.99828005,0.030780574,0.0009016564,0,0.35190693,0,0.38862269413722783,N/A,Review,0.8
L000181,22.0,0.028040862,0.045989413,0.026802503,0.7315878,3,0.2639292,0,0.3796270195952547,N/A,Review,0.8
L000181,23.0,0.027885862,0.046979785,0.018865949,0.90516776,3,0.29471296,0,0.3532510451930778,N/A,Review,0.8
L000181,24.0,0.018183086,0.050794575,0.02356218,0.49257672,3,0.40881258,0,0.5279189427352506,N/A,Review,0.8
L000181,25.0,0.02337132,0.021398114,0.029669741,0.40168324,3,0.2795191,0,0.34311062765192174,N/A,Review,0.8
L000181,26.0,0.018781152,0.021259265,0.036429588,0.60476583,3,0.32065117,0,0.3666393906306073,N/A,Review,0.8
L000181,27.0,0.020634698,0.023469428,0.030436108,0.7643679,3,0.18093036,0,0.32843924263644486,N/A,Review,0.8
L000181,28.0,0.9960983,0.993814,0.036386404,0.0023808912,0,0.2064135,0,0.40163740178476687,N/A,Review,0.8
L000181,29.0,0.99487984,0.99478036,0.034319855,0.00090023095,0,0.09809356,0,0.44720654136540994,N/A,Review,0.8
L000181,30.0,0.99505275,0.9939255,0.021148391,0.00094906107,0,0.16142458,0,0.38209468222857357,N/A,Review,0.8
L000181,31.0,0.99398583,0.99202734,0.988054,0.0010499911,1,0.17704692,0,0.39994431670716296,N/A,Review,0.8
L000181,32.0,0.9941801,0.9933391,0.9931166,0.0005442654,1,0.2969991,0,0.33942948860417976,N/A,Review,0.8
L000181,33.0,0.9944776,0.9969181,0.9938877,0.00039243756,1,0.40984175,0,0.3030349814679246,N/A,Review,0.8
L000181,34.0,0.91865337,0.9831382,0.9724148,0.0094148265,1,0.29942226,0,0.40304794081197404,N/A,Review,0.8
L000181,35.0,0.99550456,0.99721056,0.99541724,0.0007904149,1,0.1615376,0,0.44741167608478205,N/A,Review,0.8
L000181,36.0,0.9868917,0.996473,0.99784315,0.00070807035,2,0.23207775,0,0.43060660365344483,N/A,Review,0.8
L000181,37.0,0.99740964,0.9986273,0.9988317,0.00035087115,2,0.22001697,1,0.3955485591808443,N/A,Review,0.8
L000181,38.0,0.99797493,0.99857175,0.9989004,0.0007692666,2,0.3732035,0,0.47631886952856783,N/A,Review,0.8
L000181,39.0,0.9959235,0.9990375,0.99709845,0.0009047562,2,0.2506764,0,0.3672650593884055,N/A,Review,0.8
L000181,40.0,0.9966702,0.9989864,0.99667895,0.00068144087,2,0.19764103,0,0.38002571656056094,N/A,Review,0.8
L000181,41.0,0.99798536,0.99883896,0.99748886,0.0011130393,2,0.13381329,1,0.4754685148490131,N/A,Review,0.8
L000181,42.0,0.9958474,0.9993291,0.9992237,0.0004407096,2,0.09450373,0,0.4115108607410546,N/A,Review,0.8
L000181,43.0,0.9985083,0.99961424,0.99949265,0.0001516855,4,0.12468101,1,0.516170484253407,N/A,Review,0.8
L000181,44.0,0.99880016,0.999332,0.9995758,0.000103737024,4,0.38041097,0,0.4808896281383317,N/A,Review,0.8
L000181,45.0,0.9992446,0.9994517,0.99955434,0.00014317274,4,0.5090503,1,0.5106184865218634,N/A,Review,0.8
L000181,46.0,0.9991216,0.99957186,0.99951947,0.00011058038,4,0.15647851,0,0.48247083128234114,N/A,Review,0.8
L000181,,0.99822754,0.9993549,0.9995426,0.00017433609,4,0.18703425,0,0.5277400819869025,N/A,Review,0.8
L000181,48.0,0.9988613,0.9996131,0.9995689,0.00023090397,4,0.21392119,0,0.5032824128768301,N/A,Review,0.8
L000181,49.0,0.9988287,0.99962294,0.99957055,0.0003064347,4,0.16392924,0,0.3848330320993343,N/A,Review,0.8
L000181,50.0,0.9992229,0.9997714,0.99955624,0.00017687597,4,0.16701835,0,0.43268231960565257,N/A,Review,0.8
L000181,51.0,0.99929786,0.99969375,0.99953413,0.0002406408,4,0.15053973,0,0.43176213276210945,N/A,Review,0.8
L000181,52.0,0.9991227,0.9997589,0.9996094,9.667919e-05,4,0.061079368,1,0.4181958575044835,N/A,Review,0.8
L000181,53.0,0.9990902,0.99980336,0.99956745,8.2246035e-05,4,0.05425522,0,0.41512669244453637,N/A,Review,0.8
L000181,54.0,0.99924445,0.9997569,0.99953926,0.00021552751,4,0.22658186,0,0.42094705557027073,N/A,Review,0.8
L000181,55.0,0.9991172,0.99969554,0.99950194,0.000111952984,4,0.10985718,1,0.47617801627711515,N/A,Review,0.8
L000181,56.0,0.9991303,0.99972016,0.99952805,0.00020483418,4,0.29119894,1,0.4706881061551157,N/A,Review,0.8
L000181,57.0,0.99916744,0.9997354,0.99952495,0.00012181072,4,0.2980477,1,0.48193502199140137,N/A,Review,0.8
L000181,58.0,0.999311,0.9998165,0.99955946,0.00017274293,4,0.27321845,1,0.4171362017812072,N/A,Review,0.8
L000181,59.0,0.9992268,0.9997491,0.9995486,0.00010871606,4,0.17375834,1,0.4735952657057226,N/A,Review,0.8
L000181,60.0,0.9992268,0.9997491,0.9995486,0.000118584154,4,0.110143766,2,0.5077177603119647,N/A,Review,0.8
L000181,61.0,0.9990206,0.9997594,0.9995664,7.435912e-05,4,0.07202189,1,0.4911942282006775,N/A,Review,0.8
L000181,62.0,0.99449414,0.99897385,0.99556535,8.918887e-05,4,0.037999816,1,0.5747654502524826,N/A,Review,0.8
L000181,63.0,0.9990625,0.9997193,0.99953127,8.136415e-05,4,0.08052817,2,0.5168306897604225,N/A,Review,0.8
L000181,64.0,0.99918824,0.9997397,0.9995598,7.3222574e-05,4,0.032666307,2,0.5691031007251546,N/A,Review,0.8
L000184,0.0,0.059511814,0.12492096,0.059165116,0.17656933,3,0.22493975,1,0.5035130494661854,N/A,Review,0.8
L000184,,0.05884183,0.07699746,0.04630558,0.17704262,3,0.5449207,0,0.49182900410044017,N/A,Review,0.8
L000184,2.0,0.028438784,0.076858774,0.04946044,0.68656933,3,0.45087582,0,0.4661443505034923,N/A,Review,0.8
L000184,3.0,0.028016556,0.058871157,0.037407152,0.55399394,3,0.19390999,3,0.4485751321415211,N/A,Review,0.8
L000184,4.0,0.035169877,0.057347387,0.03100179,0.587861,3,0.23651484,3,0.4204546854887538,N/A,Review,0.8
L000184,5.0,0.039845306,0.04221328,0.063349396,0.50033534,3,0.25349492,3,0.5616902289481126,N/A,Review,0.8
L000184,6.0,0.04311136,0.0310516,0.05489942,0.21047688,3,0.22514205,3,0.39764065506034174,N/A,Review,0.8
L000184,7.0,0.9967348,0.99605054,0.037972767,0.0005840094,0,0.27675536,3,0.6095666580246306,N/A,Review,0.8
L000184,8.0,0.9976388,0.99792296,0.043899883,0.00017268381,0,0.30654106,0,0.4292109683707512,N/A,Review,0.8
L000184,9.0,0.99719113,0.99875367,0.033400062,0.0005204458,0,0.27670807,0,0.44965662112004506,N/A,Review,0.8
L000184,10.0,0.99695516,0.9988856,0.037103016,0.00040939593,0,0.19052517,0,0.4935097066008893,N/A,Review,0.8
L000184,11.0,0.9977889,0.9990189,0.04018459,0.0005124591,0,0.15446194,2,0.4494262973904314,N/A,Review,0.8
L000184,12.0,0.9975333,0.9988856,0.034507085,0.00062777684,0,0.12362108,0,0.4412122637045408,N/A,Review,0.8
L000184,13.0,0.99708813,0.997491,0.026442897,0.0016562555,0,0.14876887,2,0.3018949036254766,N/A,Review,0.8
L000184,14.0,0.9964819,0.99779236,0.085757405,0.00036284857,0,0.17746542,0,0.40811401014280335,N/A,Review,0.8
L000184,15.0,0.99789846,0.99882036,0.036610767,0.00038047676,0,0.22138871,0,0.39507870854575766,N/A,Review,0.8
L000184,16.0,0.9984586,0.9984933,0.058405325,0.0002447881,0,0.32538164,0,0.3858139562664559,N/A,Review,0.8
L000184,17.0,0.99869007,0.9982653,0.077093504,0.00051557005,0,0.16396414,0,0.43339318884474914,N/A,Review,0.8
L000184,18.0,0.99802893,0.9986671,0.037637647,0.0009360523,0,0.4529091,2,0.40158838955907505,N/A,Review,0.8
L000184,19.0,0.9977436,0.99780244,0.1027785,0.00048023634,0,0.28050542,0,0.4270341925896853,N/A,Review,0.8
L000184,20.0,0.9960187,0.99763906,0.0647357,0.0005874618,0,0.17281091,2,0.35764080174807217,N/A,Review,0.8
L000184,21.0,0.9961216,0.9986412,0.99400157,0.00054558465,1,0.34456962,0,0.328667235265433,N/A,Review,0.8
L000184,,0.9968694,0.99864775,0.99747187,0.00033469728,1,0.24924263,0,0.4268533021065608,N/A,Review,0.8
L000184,23.0,0.99757534,0.9987018,0.9982287,0.0003900905,1,0.280676,0,0.41562014154433163,N/A,Review,0.8
L000184,24.0,0.9969681,0.998579,0.99764913,0.0004945226,1,0.36289468,0,0.4035768766645816,N/A,Review,0.8
L000184,25.0,0.9973941,0.9980095,0.99756336,0.00043587747,1,0.43648836,1,0.43517381610134415,N/A,Review,0.8
L000184,,0.9960224,0.99862826,0.997721,0.00051873,1,0.26116517,0,0.4235544171953487,N/A,Review,0.8
L000184,27.0,0.9951916,0.9969988,0.99634165,0.00047488348,1,0.41730863,1,0.36113449016158183,N/A,Review,0.8
L000184,28.0,0.99442863,0.9975063,0.9966073,0.0005218685,1,0.3536002,0,0.4156111846024445,N/A,Review,0.8
L000184,29.0,0.9946483,0.9955929,0.9964785,0.0005118147,1,0.25279918,1,0.39825137642152464,N/A,Review,0.8
L000184,30.0,0.9931629,0.99652594,0.99654704,0.00024193164,1,0.21605027,1,0.43745787852640905,N/A,Review,0.8
L000184,31.0,0.9952278,0.997038,0.99691963,0.00028873744,1,0.1699258,1,0.5084420999483563,N/A,Review,0.8
L000184,32.0,0.9953499,0.9976927,0.99719363,0.00032073035,1,0.23731466,1,0.46624410303986963,N/A,Review,0.8
L000184,33.0,0.99603987,0.9974841,0.9972452,0.00025909278,1,0.19256331,0,0.5123979900648521,N/A,Review,0.8
L000184,34.0,0.99490225,0.99804807,0.99744797,0.0003026045,1,0.09427389,1,0.5043635560774982,N/A,Review,0.8
L000184,35.0,0.99595463,0.9973149,0.9972256,0.00064799236,1,0.12080625,1,0.5302824961620819,N/A,Review,0.8
L000184,36.0,0.051340446,0.040943727,0.041362725,0.13281079,3,0.09083151,1,0.5119146369047938,N/A,Review,0.8
L000184,37.0,0.04480969,0.015288262,0.022948394,0.189222,3,0.07394012,1,0.48912704248040473,N/A,Review,0.8
L000184,38.0,0.077134006,0.023808273,0.017411686,0.094329335,3,0.2868186,1,0.6079106216809473,N/A,Review,0.8
L000184,39.0,0.050215077,0.054844096,0.020419296,0.06959437,3,0.06750283,1,0.648932009165377,N/A,Review,0.8
L000184,40.0,0.043667845,0.049376745,0.017108725,0.15664606,3,0.07386593,1,0.5125669367945223,N/A,Review,0.8
L000184,41.0,0.044599153,0.04178817,0.021853948,0.07961206,3,0.05411312,1,0.5449638982255439,N/A,Review,0.8
L000184,42.0,0.03648896,0.074297935,0.028673446,0.05927759,3,0.04964996,1,0.5899052834874292,N/A,Review,0.8
L000184,43.0,0.058915872,0.047019042,0.025679648,0.12187124,3,0.12096733,1,0.5083131275894546,N/A,Review,0.8
L000184,44.0,0.044146705,0.08549386,0.05213249,0.027021708,3,0.043609127,1,0.4546777425450862,N/A,Review,0.8
L000184,45.0,0.9959621,0.99859756,0.057318423,0.00010824116,0,0.038470663,1,0.5840267347438524,N/A,Review,0.8
L000184,46.0,0.9961965,0.9987558,0.052368008,9.3156676e-05,0,0.024065852,0,0.5142586292324911,N/A,Review,0.8
L000184,47.0,0.996894,0.99900705,0.05843784,0.00013178312,0,0.034524653,0,0.5415657510026771,N/A,Review,0.8
L000184,48.0,0.99621886,0.9967552,0.99378794,0.00033288597,1,0.029217042,1,0.5796165093116449,N/A,Review,0.8
L000184,49.0,0.99762374,0.99561584,0.9946143,0.00031586934,1,0.03850035,0,0.6625455473377477,N/A,Review,0.8
L000184,50.0,0.99642545,0.99615794,0.99599385,0.00016611512,1,0.052249555,0,0.5688374994265011,N/A,Review,0.8
L000184,51.0,0.99613464,0.9978934,0.99689686,0.00024354218,1,0.03533553,0,0.5641086598770646,N/A,Review,0.8
L000184,52.0,0.99763596,0.9982351,0.99675673,0.00032925408,1,0.03559429,0,0.657462986419847,N/A,Review,0.8
L000184,53.0,0.9976254,0.9980666,0.9944317,0.00042163738,1,0.030411316,1,0.6097697615440609,N/A,Review,0.8
L000184,54.0,0.087536015,0.056734275,0.030076165,0.09901648,3,0.017751332,0,0.6512910363664393,N/A,Review,0.8
L000184,55.0,0.1299633,0.030979939,0.01920153,0.20747168,3,0.04371034,0,0.7273426999780416,N/A,Review,0.8
L000184,56.0,0.07328502,0.14597203,0.03986546,0.0075073475,3,0.007897826,0,0.6261707975687988,N/A,Review,0.8
L000184,57.0,0.9979054,0.99743074,0.02089987,0.00064957683,0,0.013079184,0,0.8049359573005217,N/A,Review,0.8
L000185,0.0,0.079528905,0.15086316,0.14564385,0.66401166,3,0.06915923,3,0.6594362384807688,N/A,Review,0.8
L000185,1.0,0.1654119,0.19810526,0.10894158,0.33382875,3,0.14854532,3,0.5724226040201221,N/A,Review,0.8
L000185,2.0,0.9964246,0.9987429,0.061749227,0.000502094,0,0.27621105,3,0.5681542268261153,N/A,Review,0.8
L000185,3.0,0.99691135,0.99822885,0.11578762,0.00015929238,0,0.19685231,3,0.6493802024909767,N/A,Review,0.8
L000185,4.0,0.99455416,0.9964084,0.9952043,0.0013238298,1,0.14321218,3,0.5774559716673303,N/A,Review,0.8
L000185,5.0,0.99667215,0.99606776,0.9947187,0.00077903044,1,0.13387442,2,0.5331320286039853,N/A,Review,0.8
L000185,6.0,0.99688655,0.9957612,0.9960963,0.00030953652,1,0.14462541,1,0.6015948482979672,N/A,Review,0.8
L000185,7.0,0.99726,0.99732,0.9978879,0.00040753136,1,0.116723225,2,0.6044128840914245,N/A,Review,0.8
L000185,8.0,0.9983895,0.9989599,0.9994325,0.0004861335,2,0.10897188,0,0.5107020945213049,N/A,Review,0.8
L000185,9.0,0.99793196,0.99854434,0.9987942,0.00060388056,4,0.2718994,2,0.6703639034401947,N/A,Review,0.8
L000185,10.0,0.99683976,0.99877626,0.9992798,0.0006952361,4,0.17969637,2,0.6645815063105146,N/A,Review,0.8
L000185,,0.9987834,0.9993586,0.9995253,0.00044048595,4,0.27800047,2,0.7463022635805585,N/A,Review,0.8
L000185,12.0,0.9985696,0.9993061,0.99956626,0.0003099615,4,0.06985837,2,0.7201977693250777,N/A,Review,0.8
L000185,13.0,0.99864084,0.9994387,0.9996239,0.00021833446,4,0.06327207,2,0.6848922678717517,N/A,Review,0.8
L000185,14.0,0.99868304,0.99933606,0.9995907,0.00030364253,4,0.09806292,2,0.6450875168538498,N/A,Review,0.8
L000185,15.0,0.99905723,0.99947745,0.9995579,0.0003697288,4,0.052872017,2,0.643718574763181,N/A,Review,0.8
L000185,16.0,0.99885976,0.9995129,0.99959546,0.00024443408,4,0.20476073,0,0.5455057924428749,N/A,Review,0.8
L000185,17.0,0.99914026,0.9995043,0.99963796,0.00061472703,4,0.15934272,0,0.6110382513902852,N/A,Review,0.8
L000185,18.0,0.99895144,0.9994388,0.999608,0.00042439174,4,0.14481156,0,0.5448791447382816,N/A,Review,0.8
L000185,19.0,0.999054,0.9995116,0.99964786,0.0006713034,4,0.16010092,0,0.5386563373849503,N/A,Review,0.8
L000185,20.0,0.9987348,0.99933285,0.9995191,0.00058169593,4,0.07271398,0,0.5339376938746396,N/A,Review,0.8
L000185,21.0,0.9991425,0.9994036,0.99953556,0.0004813429,4,0.13130164,0,0.4848193982035156,N/A,Review,0.8
L000185,22.0,0.999059,0.999398,0.9995229,0.00037482617,4,0.1369821,0,0.44400806521561986,N/A,Review,0.8
L000185,23.0,0.9988764,0.99943787,0.99960834,0.00026198692,4,0.10507825,0,0.5413386949892783,N/A,Review,0.8
L000185,24.0,0.9991787,0.99952376,0.99964297,0.00023331933,4,0.068246715,0,0.5868759547964938,N/A,Review,0.8
L000185,,0.9990495,0.9994342,0.99969816,0.00018458416,4,0.26464316,0,0.4901225825654817,N/A,Review,0.8
L000185,26.0,0.9986345,0.9992642,0.99957913,0.0003046383,4,0.15327717,0,0.5049058781305807,N/A,Review,0.8
L000185,27.0,0.9991586,0.99952674,0.9996401,0.00013982435,4,0.32107958,0,0.5142386992622698,N/A,Review,0.8
L000185,28.0,0.9963529,0.9986072,0.99777836,0.0005009522,4,0.14477986,0,0.5761499803681194,N/A,Review,0.8
L000185,29.0,0.9992256,0.99940836,0.9996215,0.00012279922,4,0.3625094,0,0.4907160423225697,N/A,Review,0.8
L000185,30.0,0.99917513,0.9994956,0.99962294,0.00013357888,4,0.13188548,0,0.5208839594162784,N/A,Review,0.8
L000185,31.0,0.9992112,0.99947053,0.9996037,0.00013100343,4,0.23212655,0,0.5210348759208768,N/A,Review,0.8
L000185,32.0,0.999263,0.99952877,0.99961734,0.00016020235,4,0.24369337,1,0.5080444161346398,N/A,Review,0.8
L000185,33.0,0.99928516,0.99956447,0.99961734,8.1153696e-05,4,0.36798963,0,0.5014922950929357,N/A,Review,0.8
L000188,0.0,0.012647074,0.028918153,0.043904506,0.13871321,3,0.1046908,2,0.5528828468511339,N/A,Review,0.8
L000188,1.0,0.021684943,0.058968984,0.043389674,0.1484392,3,0.04101837,2,0.5029691707595657,N/A,Review,0.8
L000188,2.0,0.015877122,0.0615641,0.048477415,0.099038176,3,0.073204845,2,0.6685519131868791,N/A,Review,0.8
L000188,3.0,0.016967056,0.03745616,0.037154686,0.17310122,3,0.06474314,2,0.4813803586649129,N/A,Review,0.8
L000188,4.0,0.015076578,0.04504675,0.034721278,0.23938097,3,0.079297416,2,0.505609240197233,N/A,Review,0.8
L000188,5.0,0.026767075,0.0321743,0.05208822,0.62084645,3,0.19416672,2,0.4536804916722891,N/A,Review,0.8
L000188,6.0,0.055140853,0.07071652,0.061551046,0.15076151,3,0.11915501,2,0.47366914952847583,N/A,Review,0.8
L000188,7.0,0.02433067,0.042643443,0.039646752,0.30628672,3,0.098545834,2,0.4732567996111997,N/A,Review,0.8
L000188,8.0,0.032213703,0.045882378,0.058344163,0.47101852,3,0.3201175,2,0.4895761016479998,N/A,Review,0.8
L000188,9.0,0.04067841,0.047069233,0.034961365,0.20078158,3,0.39514026,2,0.43537080334167366,N/A,Review,0.8
L000188,10.0,0.996911,0.9977921,0.043674827,0.001963439,0,0.43445146,2,0.42950929357240597,N/A,Review,0.8
L000188,11.0,0.9974166,0.9985833,0.06149139,0.0011732386,0,0.30569404,2,0.4739861138086957,N/A,Review,0.8
L000188,12.0,0.034971874,0.04282579,0.050127856,0.25104153,3,0.28718683,2,0.4646132252030563,N/A,Review,0.8
L000188,13.0,0.9975184,0.99842584,0.05024731,0.0006192827,0,0.28809178,2,0.4666733944361251,N/A,Review,0.8
L000188,14.0,0.9975419,0.9980075,0.047733586,0.00043118838,0,0.28747448,2,0.4608762814244972,N/A,Review,0.8
L000188,15.0,0.99795216,0.9985078,0.030668592,0.0003142366,0,0.28792715,2,0.44782023163199514,N/A,Review,0.8
L000188,16.0,0.98694557,0.98153645,0.046522025,0.0019190257,0,0.28824994,2,0.45114520305898764,N/A,Review,0.8
L000188,17.0,0.9986533,0.99739325,0.04169718,0.0004958232,0,0.21907422,2,0.4809417073375624,N/A,Review,0.8
L000188,18.0,0.9977658,0.9971097,0.100068495,0.0005698821,0,0.33277404,2,0.37377538435087476,N/A,Review,0.8
L000188,19.0,0.9967064,0.9988802,0.02911034,0.0010235909,0,0.29708612,2,0.3595103424876644,N/A,Review,0.8
L000188,20.0,0.036455557,0.04203739,0.0447699,0.34824076,3,0.3289637,2,0.4943070796676665,N/A,Review,0.8
L000188,21.0,0.028812354,0.08409708,0.045642138,0.1702833,3,0.27787185,2,0.4446517372999603,N/A,Review,0.8
L000188,22.0,0.020140449,0.079979785,0.036708876,0.24918033,3,0.30859604,2,0.45554586809397385,N/A,Review,0.8
L000188,23.0,0.022194603,0.05320848,0.04455909,0.21767847,3,0.33831614,2,0.49458174077833117,N/A,Review,0.8
L000188,24.0,0.023585405,0.04738015,0.05343255,0.10065082,3,0.32277212,2,0.49847243853860723,N/A,Review,0.8
L000188,25.0,0.05578263,0.17001936,0.12995607,0.085086666,3,0.36022323,2,0.5153549156820602,N/A,Review,0.8
L000188,26.0,0.026688067,0.040791824,0.050465263,0.23637417,3,0.30833328,2,0.5317719914168629,N/A,Review,0.8
L000188,27.0,0.03588891,0.13017143,0.06804222,0.49082825,3,0.2771201,2,0.42634064854711917,N/A,Review,0.8
L000188,28.0,0.9958556,0.998461,0.06139562,0.0007045983,0,0.20569424,2,0.529698562323936,N/A,Review,0.8
L000188,29.0,0.9964104,0.99715304,0.049354624,0.00032589067,0,0.19390249,2,0.5414624255551526,N/A,Review,0.8
L000188,30.0,0.9943117,0.9960186,0.122907475,0.001178695,0,0.13439961,2,0.47985742111047314,N/A,Review,0.8
L000188,31.0,0.99597,0.9977621,0.07666269,0.0003786242,0,0.11206752,2,0.6225374776572923,N/A,Review,0.8
L000188,32.0,0.99534625,0.9975261,0.073671065,0.00034454462,0,0.15501781,2,0.518283456197108,N/A,Review,0.8
L000188,33.0,0.93918735,0.94268674,0.6636732,0.006508668,1,0.35998482,2,0.42192942903862574,N/A,Review,0.8
L000188,34.0,0.9958681,0.99501675,0.050712433,0.0010005163,0,0.2757654,2,0.49204992428723887,N/A,Review,0.8
L000188,,0.99503905,0.9915786,0.062579185,0.0007303401,0,0.30209297,2,0.5286041692357596,N/A,Review,0.8
L000188,36.0,0.9973454,0.99330926,0.07045911,0.0008492274,0,0.19702104,2,0.4852995889889713,N/A,Review,0.8
L000188,37.0,0.9978383,0.99436694,0.045587208,0.00058173086,0,0.15240191,2,0.4755871172540876,N/A,Review,0.8
L000188,38.0,0.9965295,0.9952916,0.049680628,0.00034345026,0,0.29550582,2,0.5534589122787845,N/A,Review,0.8
L000188,39.0,0.99665207,0.99847,0.041798357,0.00032163734,0,0.22311823,2,0.4493808209196605,N/A,Review,0.8
L000188,40.0,0.99644667,0.9961498,0.033989668,0.00029676576,0,0.19417486,2,0.5928460452744451,N/A,Review,0.8
L000188,,0.9944165,0.9851716,0.03462739,0.0007723715,0,0.1259541,2,0.5065438034191803,N/A,Review,0.8
L000188,42.0,0.9977076,0.9966252,0.03640138,0.00024250206,0,0.2085069,2,0.5358431528054071,N/A,Review,0.8
L000191,0.0,0.10861891,0.13803315,0.09590575,0.76483923,3,0.2522481,1,0.5112316441864521,N/A,Review,0.8
L000191,1.0,0.10796386,0.15331237,0.18903953,0.37999353,3,0.376407,0,0.4972282131724016,N/A,Review,0.8
L000191,2.0,0.104504965,0.10530779,0.09919337,0.739545,3,0.2559427,0,0.48309124071154674,N/A,Review,0.8
L000191,3.0,0.063209526,0.09841888,0.0659934,0.5067762,3,0.19250976,0,0.43197566048344255,N/A,Review,0.8
L000191,4.0,0.9973355,0.9958098,0.12520452,0.0010490048,0,0.13707988,3,0.6392809087857454,N/A,Review,0.8
L000191,5.0,0.9316829,0.9387398,0.14331615,0.024271011,0,0.18072493,0,0.5056440610438813,N/A,Review,0.8
L000191,6.0,0.9973143,0.9977635,0.13703811,0.0002907931,0,0.10469339,0,0.5365068017960155,N/A,Review,0.8
L000191,7.0,0.9980806,0.99785846,0.08414194,0.00030564514,0,0.1519216,0,0.4077574297446216,N/A,Review,0.8
L000191,8.0,0.99755293,0.9972632,0.08156879,0.00026945345,0,0.16546187,0,0.41615810000049136,N/A,Review,0.8
L000191,9.0,0.998197,0.9988896,0.10986809,0.00029477017,0,0.16393551,1,0.4427794473199575,N/A,Review,0.8
L000191,10.0,0.99825615,0.9988984,0.091405444,0.0005809291,0,0.25903517,0,0.4424534753379558,N/A,Review,0.8
L000191,11.0,0.9841006,0.99517787,0.07143367,0.006775637,0,0.23984233,0,0.3868815209644111,N/A,Review,0.8
L000191,12.0,0.9961649,0.9979609,0.9943545,0.001232743,1,0.11826918,0,0.43287819988829696,N/A,Review,0.8
L000191,13.0,0.9960926,0.998511,0.9962775,0.0009131695,1,0.12933448,0,0.3964600283122622,N/A,Review,0.8
L000191,14.0,0.93990356,0.99042773,0.9715043,0.0057689454,1,0.2523934,2,0.33738579009351144,N/A,Review,0.8
L000191,15.0,0.99756795,0.9988213,0.99748117,0.0005609976,1,0.07798211,1,0.3689069739601551,N/A,Review,0.8
L000191,,0.9976647,0.9979096,0.9971392,0.0005621752,1,0.05187167,0,0.4203108666331588,N/A,Review,0.8
L000191,17.0,0.99808323,0.9990375,0.99927586,0.000540139,2,0.12595819,0,0.4068632377533383,N/A,Review,0.8
L000191,18.0,0.9984775,0.99884975,0.9991037,0.0007910486,2,0.17178492,0,0.4286484494750263,N/A,Review,0.8
L000191,19.0,0.99665135,0.99862194,0.9989518,0.0023661554,4,0.1272418,0,0.5420374370124182,N/A,Review,0.8
L000191,,0.99869967,0.9991923,0.99928075,0.0007792146,4,0.1753107,0,0.5414176465561256,N/A,Review,0.8
L000191,21.0,0.99888295,0.99923444,0.99942976,0.0007078592,4,0.28881672,0,0.5450019858319289,N/A,Review,0.8
L000191,22.0,0.99873596,0.99910945,0.9994168,0.0005721925,4,0.2800867,0,0.5437451456291469,N/A,Review,0.8
L000191,23.0,0.9983693,0.9992092,0.99944955,0.0006345233,4,0.13304222,0,0.5468470162931025,N/A,Review,0.8
L000191,24.0,0.9986725,0.99921167,0.99951935,0.000415108,4,0.20511653,0,0.5364452058051411,N/A,Review,0.8
L000191,25.0,0.99895823,0.99927634,0.9995092,0.0004936191,4,0.33297628,0,0.45074776641913417,N/A,Review,0.8
L000191,26.0,0.99848855,0.9992854,0.99949455,0.0007900316,4,0.1316401,0,0.5441938723227426,N/A,Review,0.8
L000191,27.0,0.99264115,0.9979215,0.99639755,0.0018530621,4,0.14591935,0,0.5147485977511319,N/A,Review,0.8
L000191,28.0,0.9989372,0.9992612,0.999481,0.0005775831,4,0.18505068,0,0.4660236291519221,N/A,Review,0.8
L000191,29.0,0.9989587,0.9991302,0.9994704,0.00060406537,4,0.30250996,0,0.4514364169001237,N/A,Review,0.8
L000191,30.0,0.9990675,0.99922717,0.99945325,0.0004207196,4,0.20557545,0,0.46994751855616845,N/A,Review,0.8
L000191,31.0,0.9989924,0.9992724,0.99948514,0.00056665856,4,0.283912,0,0.42276051810124526,N/A,Review,0.8
L000191,32.0,0.9985617,0.9994019,0.9995223,0.0005057807,4,0.23133917,2,0.49691117860529593,N/A,Review,0.8
L000191,33.0,0.9989998,0.99946374,0.999506,0.0002528599,4,0.16997904,0,0.4643720810372439,N/A,Review,0.8
L000191,34.0,0.99861515,0.9994253,0.9994436,0.00020355116,4,0.20061514,0,0.48354227288383167,N/A,Review,0.8
L000191,35.0,0.9985164,0.99951625,0.99948007,0.00025140552,4,0.21292372,1,0.46808964469159875,N/A,Review,0.8
L000191,36.0,0.9988538,0.9994624,0.9994991,0.00025571833,4,0.062350467,1,0.48436749098534704,N/A,Review,0.8
L000191,37.0,0.99909234,0.99938977,0.99939466,0.00016401365,4,0.0830515,1,0.49200669305553457,N/A,Review,0.8
L000191,38.0,0.99917173,0.9994305,0.9994661,0.00026400795,4,0.13190313,1,0.47777107383191,N/A,Review,0.8
L000191,39.0,0.9991866,0.99955326,0.9993424,0.00034826048,4,0.17573573,3,0.6098708175743761,N/A,Review,0.8
L000191,40.0,0.9990246,0.9994165,0.999342,0.00021423389,4,0.1517904,1,0.445439339769465,N/A,Review,0.8
L000191,41.0,0.9986412,0.9993315,0.9993968,0.00019424576,4,0.2709424,0,0.4831973760179591,N/A,Review,0.8
L000191,42.0,0.9992993,0.99957114,0.99942684,0.0002742671,4,0.23712173,0,0.447550120269838,N/A,Review,0.8
L000191,43.0,0.99919826,0.9994649,0.999424,0.00010918035,4,0.11614721,1,0.5237694598825205,N/A,Review,0.8
L000191,44.0,0.999191,0.99950933,0.9994824,0.00012745449,4,0.290911,0,0.4980124920406067,N/A,Review,0.8
L000191,45.0,0.9991092,0.9994893,0.9994923,0.0003214902,4,0.21025889,0,0.43894309366857975,N/A,Review,0.8
L000191,46.0,0.9993734,0.9993948,0.9995241,0.0005262114,4,0.32496145,3,0.4460600263235027,N/A,Review,0.8
L000191,47.0,0.99908924,0.9994981,0.9994815,0.00021564736,4,0.22819282,3,0.609912712883062,N/A,Review,0.8
L000191,48.0,0.9989172,0.99938226,0.9994186,0.00012797426,4,0.18825984,0,0.47320066229385793,N/A,Review,0.8
L000191,49.0,0.99901724,0.9994498,0.9994578,0.0001628657,4,0.13063739,0,0.4354261891058572,N/A,Review,0.8
L000191,50.0,0.9990865,0.9995425,0.99947995,0.0003334997,4,0.17406967,0,0.4748985149592373,N/A,Review,0.8
L000191,51.0,0.9989497,0.99939656,0.99937063,0.00014120506,4,0.16141066,0,0.527958945711501,N/A,Review,0.8
L000191,52.0,0.99904484,0.9994998,0.99947494,0.00029298879,4,0.11435128,0,0.6151674778550467,N/A,Review,0.8
L000191,53.0,0.99926084,0.9995964,0.99949753,0.0002970123,4,0.25809428,1,0.47314811943913165,N/A,Review,0.8
L000191,54.0,0.9988932,0.99934095,0.999423,0.00025121315,4,0.10572289,0,0.45430827806530394,N/A,Review,0.8
L000191,55.0,0.99908864,0.99961627,0.99945515,0.00018896784,4,0.24580209,0,0.47042069202250697,N/A,Review,0.8
L000191,56.0,0.99514717,0.9983606,0.99315083,0.0003364086,4,0.15595435,0,0.5074052800734703,N/A,Review,0.8
L000191,57.0,0.9991253,0.9993411,0.999363,0.00021606476,4,0.17953941,0,0.5208944290169547,N/A,Review,0.8
L000194,0.0,0.023932293,0.032706592,0.035178583,0.2523093,3,0.32926822,2,0.7037186696548963,N/A,Review,0.8
L000194,1.0,0.031120278,0.04545025,0.0509916,0.08088205,3,0.024834896,3,0.5008274004770819,N/A,Review,0.8
L000194,2.0,0.035318743,0.043019287,0.041815884,0.45132422,3,0.06390528,3,0.5059062270087411,N/A,Review,0.8
L000194,3.0,0.99737144,0.9933015,0.027971845,0.001241438,0,0.099138506,3,0.4845844281115066,N/A,Review,0.8
L000194,4.0,0.9973104,0.9968297,0.03904384,0.0003915665,0,0.09079699,3,0.4976633333627937,N/A,Review,0.8
L000194,5.0,0.9977865,0.9977629,0.037142377,0.0008536286,0,0.5680631,3,0.5672990366865553,N/A,Review,0.8
L000194,6.0,0.99789834,0.99696654,0.04477397,0.00043830808,0,0.29337624,3,0.49968420856809737,N/A,Review,0.8
L000194,7.0,0.9970798,0.9971119,0.028794434,0.0004295273,0,0.127154,2,0.5248193222562012,N/A,Review,0.8
L000194,8.0,0.9981316,0.99643034,0.03343067,0.000345205,0,0.19924119,2,0.45594537820658676,N/A,Review,0.8
L000194,9.0,0.9980197,0.99756986,0.028020158,0.00066330656,0,0.3846745,2,0.4776751458561115,N/A,Review,0.8
L000194,10.0,0.9982851,0.99673355,0.03298514,0.0007377203,0,0.6119349,2,0.36122608615554247,N/A,Review,0.8
L000194,11.0,0.049168717,0.06399342,0.031362686,0.69053435,3,0.3401342,2,0.41805145631702656,N/A,Review,0.8
L000194,12.0,0.039023224,0.02008604,0.022871567,0.7194047,3,0.3437617,2,0.3740090437111076,N/A,Review,0.8
L000194,13.0,0.023363538,0.07232508,0.041040696,0.719676,3,0.39457813,2,0.359700591879989,N/A,Review,0.8
L000194,14.0,0.02401881,0.09345493,0.03741257,0.37874016,3,0.30958012,3,0.43927410657301347,N/A,Review,0.8
L000194,15.0,0.025086029,0.070318826,0.044148427,0.4003229,3,0.39051944,2,0.3958086196002176,N/A,Review,0.8
L000194,16.0,0.032383263,0.08442078,0.03396119,0.18156762,3,0.33287013,2,0.3830615919152462,N/A,Review,0.8
L000194,17.0,0.037741017,0.06890108,0.032383434,0.5059064,3,0.17547612,2,0.35451061906877573,N/A,Review,0.8
L000194,18.0,0.030735316,0.06455443,0.05258001,0.39533168,3,0.28256518,3,0.43715457378260564,N/A,Review,0.8
L000194,19.0,0.027423302,0.065822825,0.048956882,0.46765852,3,0.26184368,3,0.4436108950811388,N/A,Review,0.8
L000194,20.0,0.022784548,0.067463,0.05773527,0.47606444,3,0.23314644,0,0.44468011693221765,N/A,Review,0.8
L000194,21.0,0.022923192,0.05939172,0.04779634,0.26164174,3,0.22653072,0,0.41220002688335233,N/A,Review,0.8
L000194,22.0,0.02307277,0.06798333,0.054350212,0.33099276,3,0.2023109,0,0.44308313235136165,N/A,Review,0.8
L000194,23.0,0.024350109,0.058533125,0.052085645,0.29893696,3,0.30677298,0,0.4189994355758898,N/A,Review,0.8
L000194,24.0,0.039818387,0.055217754,0.04974004,0.21384232,3,0.36353934,2,0.44315995007006026,N/A,Review,0.8
L000194,25.0,0.03954882,0.08416644,0.077210754,0.31505755,3,0.41659248,3,0.4759570644665486,N/A,Review,0.8
L000194,26.0,0.033262614,0.032293934,0.04728001,0.34452724,3,0.3934115,3,0.3912790752221238,N/A,Review,0.8
L000194,27.0,0.037530437,0.061680026,0.07084309,0.34580585,3,0.5392162,3,0.4295374424758786,N/A,Review,0.8
L000194,28.0,0.03759383,0.055510674,0.047461353,0.40900415,3,0.33372888,0,0.4475137996417363,N/A,Review,0.8
L000194,29.0,0.04764299,0.05377262,0.049269065,0.43851244,3,0.43130115,3,0.39655449540638465,N/A,Review,0.8
L000194,30.0,0.036305495,0.037631422,0.036838043,0.16347283,3,0.24002695,0,0.4547459112337481,N/A,Review,0.8
L000194,31.0,0.030543543,0.044137854,0.030692602,0.18789351,3,0.13984841,0,0.41408807898999284,N/A,Review,0.8
L000194,32.0,0.028255852,0.044987407,0.035081454,0.32841963,3,0.15966068,0,0.46961456115712796,N/A,Review,0.8
L000194,33.0,0.053576693,0.118421905,0.045605987,0.28556874,3,0.23478363,3,0.47270961672534506,N/A,Review,0.8
L000194,34.0,0.029566955,0.051816035,0.04548781,0.18868184,3,0.1601969,3,0.48958489032765085,N/A,Review,0.8
L000194,35.0,0.034605335,0.0363039,0.041261263,0.7623314,3,0.24753743,3,0.5174368823350366,N/A,Review,0.8
L000194,36.0,0.017913654,0.0327131,0.045436885,0.16976586,3,0.29808602,3,0.46919089076157783,N/A,Review,0.8
L000194,37.0,0.9950755,0.9963899,0.021308439,0.00027208458,0,0.0719293,3,0.475259889762277,N/A,Review,0.8
L000194,38.0,0.99499005,0.99796677,0.026111135,0.0003545132,0,0.09516505,3,0.42787340417884695,N/A,Review,0.8
L000194,39.0,0.9958191,0.9968917,0.041567866,0.001466573,0,0.09211855,3,0.5006756475727878,N/A,Review,0.8
L000194,40.0,0.9966738,0.996956,0.028629327,0.00044210174,0,0.050475463,3,0.457223912252577,N/A,Review,0.8
L000194,,0.99321944,0.99663997,0.021595975,0.00025626848,0,0.04891315,3,0.4016437037251085,N/A,Review,0.8
L000194,42.0,0.9973634,0.9959941,0.022271063,0.00039546867,0,0.11114395,0,0.48333806134234175,N/A,Review,0.8
L000194,43.0,0.9531916,0.9529357,0.58470213,0.002486991,1,0.15731499,0,0.5062315562181056,N/A,Review,0.8
L000194,44.0,0.99651295,0.98899263,0.9930375,0.0005545021,1,0.20328091,0,0.4800989216544469,N/A,Review,0.8
L000194,45.0,0.99613994,0.99704033,0.9962345,0.00035346588,1,0.14203858,0,0.48582852907514995,N/A,Review,0.8
L000194,46.0,0.99724305,0.99538225,0.99631053,0.00021756599,1,0.21402717,0,0.5193762844308886,N/A,Review,0.8
L000194,47.0,0.9969023,0.99708647,0.9974579,0.00014677616,1,0.17357959,0,0.40191892701835746,N/A,Review,0.8
L000194,48.0,0.99687636,0.9945016,0.99644816,0.0001927868,1,0.25536492,0,0.5171237721433569,N/A,Review,0.8
L000194,49.0,0.99734986,0.9942677,0.9962831,0.0004974949,1,0.3186166,2,0.5581325457021273,N/A,Review,0.8
L000194,50.0,0.99748,0.9952604,0.99641514,0.00045168743,1,0.23724204,2,0.5636215546820955,N/A,Review,0.8
L000194,51.0,0.95939386,0.9825502,0.9869762,0.002120431,1,0.24368045,2,0.5610555235248789,N/A,Review,0.8
L000194,52.0,0.996102,0.9947077,0.99721164,0.00032387156,1,0.23465851,2,0.5428926772946114,N/A,Review,0.8
L000194,53.0,0.9957606,0.9949523,0.99669003,0.00046648015,1,0.15885973,2,0.6390522362387927,N/A,Review,0.8
L000194,54.0,0.9945862,0.99321014,0.99669194,0.00036647354,1,0.083304994,2,0.5283856862943108,N/A,Review,0.8
L000194,55.0,0.9955954,0.99411905,0.9955693,0.00075794704,1,0.06312012,0,0.5009781103166295,N/A,Review,0.8
L000194,,0.99427694,0.9929288,0.9991602,0.00039138756,2,0.06344253,3,0.5371380393644138,N/A,Review,0.8
L000194,57.0,0.99722016,0.99604744,0.99918395,0.00012153645,2,0.0988823,3,0.5936321358638692,N/A,Review,0.8
L000194,58.0,0.9843374,0.99501723,0.9931252,0.0005238773,4,0.18567033,3,0.6659924836840738,N/A,Review,0.8
L000194,59.0,0.9969374,0.9984909,0.9993038,8.055246e-05,4,0.22449969,3,0.6511761358407624,N/A,Review,0.8
L000194,60.0,0.9989386,0.99911374,0.99961936,6.6367145e-05,4,0.18137127,3,0.6757171523006769,N/A,Review,0.8
L000194,61.0,0.99886703,0.9990633,0.9996344,0.000112161135,4,0.0838796,3,0.6652146299029261,N/A,Review,0.8
L000194,62.0,0.9988206,0.9991787,0.99967945,6.506365e-05,4,0.11765181,3,0.7072404225247579,N/A,Review,0.8
L000194,63.0,0.9990846,0.9992099,0.99965477,6.492475e-05,4,0.12618287,2,0.6373822873645254,N/A,Review,0.8
L000194,64.0,0.999225,0.9992066,0.9996544,3.9667328e-05,4,0.13583113,3,0.5776674835880211,N/A,Review,0.8
L000194,65.0,0.998976,0.9991454,0.9996939,8.4747815e-05,4,0.09034541,3,0.589201367846834,N/A,Review,0.8
L000194,66.0,0.99897754,0.99931717,0.9997063,4.6472713e-05,4,0.28027698,3,0.5108917463938485,N/A,Review,0.8
L000194,67.0,0.99917334,0.9993549,0.99972385,6.95353e-05,4,0.2336933,3,0.5890713133869443,N/A,Review,0.8
L000194,68.0,0.9992101,0.99936265,0.9997203,5.299133e-05,4,0.2503337,2,0.6237087514976184,N/A,Review,0.8
L000194,69.0,0.99902403,0.999268,0.99967575,9.381243e-05,4,0.34839717,2,0.5415145327838014,N/A,Review,0.8
L000194,70.0,0.9992101,0.99939406,0.9997203,6.955254e-05,4,0.14709914,2,0.6491529739004533,N/A,Review,0.8
L000194,71.0,0.99896276,0.9994253,0.9997173,5.7673922e-05,4,0.2976909,2,0.6109650293171232,N/A,Review,0.8
L000194,72.0,0.99917585,0.9993425,0.99975735,0.00013637636,4,0.07326069,2,0.6536159724162713,N/A,Review,0.8
L000194,73.0,0.9991314,0.999509,0.99969757,6.18884e-05,4,0.5341481,2,0.56975751099304,N/A,Review,0.8
L000194,74.0,0.99896276,0.99944,0.9997173,5.1600175e-05,4,0.22626026,2,0.6760386510645486,N/A,Review,0.8
L000194,75.0,0.99912685,0.9994665,0.9996836,5.119654e-05,4,0.74228483,0,0.6629087829736997,N/A,Review,0.8
L000194,76.0,0.9991454,0.999577,0.9997378,0.000101440644,4,0.0937726,0,0.7043550264212006,N/A,Review,0.8
L000194,77.0,0.99917334,0.9994729,0.99972385,6.170612e-05,4,0.18566024,0,0.7052580283258932,N/A,Review,0.8
L000194,78.0,0.9990876,0.9994072,0.99969435,5.3585525e-05,4,0.19772811,0,0.6590277047000379,N/A,Review,0.8
L000194,79.0,0.9990876,0.9994072,0.99969435,5.0540602e-05,4,0.12616862,0,0.7397412348455326,N/A,Review,0.8
L000194,80.0,0.99904734,0.99949276,0.9997348,4.6059613e-05,4,0.16720654,0,0.7125277197540749,N/A,Review,0.8
L000208,,0.038671732,0.04536498,0.05729137,0.5236777,3,0.23396063,2,0.4243105439250374,N/A,Review,0.8
L000208,1.0,0.02240296,0.05258131,0.027860822,0.031334214,3,0.12003501,2,0.5716064041051684,N/A,Review,0.8
L000208,2.0,0.012443148,0.06449265,0.028859103,0.047326393,3,0.43831062,2,0.4533202139808252,N/A,Review,0.8
L000208,3.0,0.010117572,0.060329225,0.02903278,0.18963863,3,0.31400624,2,0.4672874285710801,N/A,Review,0.8
L000208,4.0,0.008607833,0.10523287,0.02654997,0.098974414,3,0.3339688,2,0.4819435234542849,N/A,Review,0.8
L000208,5.0,0.010957706,0.07513774,0.028982844,0.3699947,3,0.15770228,2,0.6007354917392037,N/A,Review,0.8
L000208,6.0,0.015651984,0.027127765,0.027375588,0.30446061,3,0.105687946,2,0.40305557321514784,N/A,Review,0.8
L000208,7.0,0.013981325,0.046332337,0.020957626,0.5268562,3,0.10163981,2,0.44280902278274803,N/A,Review,0.8
L000208,8.0,0.018249309,0.045452897,0.025521755,0.39325887,3,0.16809611,2,0.44298637249070427,N/A,Review,0.8
L000208,9.0,0.017067574,0.112781234,0.027671373,0.43378595,3,0.2682897,2,0.4642926139304506,N/A,Review,0.8
L000208,10.0,0.016065566,0.0799459,0.023144094,0.57789105,3,0.22297566,2,0.42307976692930166,N/A,Review,0.8
L000208,11.0,0.01755442,0.075762615,0.026621364,0.70008713,3,0.26964313,2,0.44716971274757655,N/A,Review,0.8
L000208,12.0,0.06827945,0.09218355,0.052383754,0.7118343,3,0.18613996,2,0.46790249981475257,N/A,Review,0.8
L000208,13.0,0.01259272,0.05435256,0.024183353,0.58847934,3,0.3237132,2,0.4134921684793157,N/A,Review,0.8
L000208,14.0,0.013715958,0.028036749,0.023771461,0.25066668,3,0.36016336,2,0.44182697400492776,N/A,Review,0.8
L000213,0.0,0.06287194,0.03208185,0.028030014,0.014409927,3,0.19830924,2,0.808587199379363,N/A,Review,0.8
L000213,1.0,0.025361717,0.078808695,0.049993567,0.08902233,3,0.009640934,2,0.5516136572449937,N/A,Review,0.8
L000213,2.0,0.04663613,0.03278593,0.020677188,0.46612626,3,0.07197896,2,0.6241363909618178,N/A,Review,0.8
L000213,3.0,0.061057765,0.11473315,0.040967356,0.19836694,3,0.020178577,2,0.6667451120552061,N/A,Review,0.8
L000213,4.0,0.99655294,0.99601233,0.033226397,0.0006662564,0,0.046225335,2,0.5761672423666877,N/A,Review,0.8
L000213,5.0,0.9970804,0.9961659,0.022637302,0.00062577956,0,0.23753795,2,0.6891384495465449,N/A,Review,0.8
L000213,6.0,0.9978016,0.9967693,0.023466663,0.00028460042,0,0.25958684,2,0.6471190083691762,N/A,Review,0.8
L000213,7.0,0.99790335,0.99595284,0.015389645,0.00013297662,0,0.18311754,2,0.6191426130221334,N/A,Review,0.8
L000213,8.0,0.9981504,0.9979692,0.013596589,0.0003101397,0,0.16672732,2,0.5683789326266095,N/A,Review,0.8
L000213,9.0,0.99813145,0.99757236,0.011572207,0.00012742617,0,0.23930074,2,0.606656619165165,N/A,Review,0.8
L000213,10.0,0.9988801,0.9971591,0.016488547,0.00018678985,0,0.23784709,2,0.5969316969295011,N/A,Review,0.8
L000213,11.0,0.9977276,0.99881613,0.02730946,0.00014926045,0,0.09740123,2,0.6038985584823074,N/A,Review,0.8
L000213,12.0,0.9986603,0.99643123,0.019840108,0.00013707699,0,0.19339676,2,0.5790448714793676,N/A,Review,0.8
L000213,13.0,0.9980933,0.99813616,0.027050862,0.00012841249,0,0.215622,2,0.5867632487834413,N/A,Review,0.8
L000213,14.0,0.9981844,0.9984346,0.03242865,3.635671e-05,0,0.21546419,2,0.5933473857313117,N/A,Review,0.8
L000213,15.0,0.9981231,0.99888545,0.032434538,7.350599e-05,0,0.23616189,2,0.5705519212817189,N/A,Review,0.8
L000213,16.0,0.99711335,0.99849105,0.030684877,0.00021197648,0,0.3078273,2,0.5363694233095093,N/A,Review,0.8
L000213,17.0,0.9979048,0.9968453,0.032660726,9.693785e-05,0,0.2608708,2,0.5972470598780315,N/A,Review,0.8
L000213,18.0,0.057946246,0.10882618,0.030472202,0.01936091,3,0.21562554,2,0.5870008720601269,N/A,Review,0.8
L000225,0.0,0.032941367,0.051393364,0.044062395,0.35729703,3,0.13431941,2,0.5299708289895206,N/A,Review,0.8
L000225,1.0,0.039205685,0.03544164,0.04473104,0.3037566,3,0.269158,2,0.4371125269029978,N/A,Review,0.8
L000225,2.0,0.027061624,0.04234609,0.05419174,0.25200653,3,0.25878498,3,0.5215756813069111,N/A,Review,0.8
L000225,3.0,0.094187096,0.088199615,0.051165003,0.12933975,3,0.056145865,3,0.5294563797781423,N/A,Review,0.8
L000225,4.0,0.36443034,0.3166377,0.22400166,0.03530037,3,0.09411434,3,0.43084227494572847,N/A,Review,0.8
L000225,5.0,0.034055315,0.045891188,0.040162012,0.47807816,3,0.22290696,3,0.46716173587033405,N/A,Review,0.8
L000225,6.0,0.05060236,0.040790036,0.06456298,0.22920065,3,0.11604003,3,0.5076944951924978,N/A,Review,0.8
L000225,7.0,0.027009945,0.03370304,0.040923726,0.2645832,3,0.24567367,3,0.4280051041352968,N/A,Review,0.8
L000225,8.0,0.037678458,0.022324687,0.042295985,0.21284632,3,0.23299573,2,0.38524495181274515,N/A,Review,0.8
L000225,9.0,0.027219728,0.026917493,0.024234448,0.24665044,3,0.48527718,0,0.4350777821426563,N/A,Review,0.8
L000230,0.0,0.044324137,0.08216317,0.15490025,0.4292159,3,0.10017039,2,0.7239013107692139,N/A,Review,0.8
L000230,1.0,0.09560132,0.07402071,0.18726327,0.31984293,3,0.009800081,2,0.5565475901498222,N/A,Review,0.8
L000230,2.0,0.10618861,0.10977197,0.1337724,0.8156648,3,0.068190515,2,0.5149384205734474,N/A,Review,0.8
L000230,3.0,0.096859,0.11110579,0.08400644,0.49313748,3,0.07405334,2,0.6765778962484058,N/A,Review,0.8
L000230,4.0,0.08447964,0.19600749,0.09688366,0.36350885,3,0.0820185,2,0.4908175826911669,N/A,Review,0.8
L000230,5.0,0.109275945,0.073021896,0.11641771,0.61337334,3,0.3761987,2,0.48861824531438713,N/A,Review,0.8
L000230,6.0,0.17724922,0.097038426,0.17613985,0.56832904,3,0.1479462,1,0.4717903348203173,N/A,Review,0.8
L000230,7.0,0.053176597,0.05277936,0.08467875,0.52735406,3,0.06327673,2,0.45984766619443185,N/A,Review,0.8
L000230,8.0,0.14673872,0.06863658,0.12060978,0.5064494,3,0.13345361,2,0.4719060199197775,N/A,Review,0.8
L000230,9.0,0.113295,0.21197164,0.109761834,0.3205834,3,0.21726577,2,0.5101308745913486,N/A,Review,0.8
L000230,10.0,0.077293634,0.120424405,0.10147172,0.6824101,3,0.23466715,0,0.45969447775243855,N/A,Review,0.8
L000230,11.0,0.049752895,0.12642567,0.07683884,0.82574123,3,0.26641566,2,0.4566455570292792,N/A,Review,0.8
L000230,12.0,0.07501071,0.1693127,0.060966216,0.77329063,3,0.18464036,2,0.46299716046020684,N/A,Review,0.8
L000230,13.0,0.12677456,0.24154721,0.14957017,0.31907532,3,0.2625883,2,0.4607438629594584,N/A,Review,0.8
L000230,14.0,0.07905341,0.20694765,0.08444759,0.34433547,3,0.16248421,2,0.4598813096267509,N/A,Review,0.8
L000230,15.0,0.99696416,0.998852,0.10342357,0.0010326117,0,0.27960497,2,0.5535803452213746,N/A,Review,0.8
L000230,16.0,0.9977781,0.9992441,0.078369,0.00033139205,0,0.09415563,2,0.49674692802766574,N/A,Review,0.8
L000230,17.0,0.9974728,0.99867517,0.058835424,0.0009052986,0,0.058014076,2,0.5215970627985621,N/A,Review,0.8
L000230,18.0,0.997421,0.99869967,0.071194954,0.0011052619,0,0.073147684,2,0.5178868466141371,N/A,Review,0.8
L000230,19.0,0.9978835,0.9988856,0.06631518,0.0015120951,0,0.0651749,2,0.5424075355125195,N/A,Review,0.8
L000230,20.0,0.99829084,0.999032,0.0715445,0.0020096104,0,0.07763954,2,0.5874560391199093,N/A,Review,0.8
L000230,21.0,0.99787235,0.9990972,0.07263005,0.0004002082,0,0.26247647,2,0.4044352038656815,N/A,Review,0.8
L000230,22.0,0.99597317,0.9961112,0.12237639,0.00079187023,0,0.181463,2,0.468369278655564,N/A,Review,0.8
L000230,23.0,0.996828,0.9979942,0.9953133,0.0023872433,1,0.15166119,2,0.43740175971309736,N/A,Review,0.8
L000230,24.0,0.997707,0.9990896,0.9984401,0.0010938294,1,0.15354662,2,0.3503716566828659,N/A,Review,0.8
L000230,25.0,0.9977124,0.9984249,0.9984541,0.0019678476,1,0.13289241,2,0.46798038330362346,N/A,Review,0.8
L000230,26.0,0.9967194,0.9984257,0.9982437,0.0032945494,1,0.1007487,2,0.4590364688409322,N/A,Review,0.8
L000230,27.0,0.99610496,0.9982254,0.9981566,0.0016891661,1,0.07839575,2,0.470839463724996,N/A,Review,0.8
L000230,28.0,0.9972263,0.9983393,0.99933165,0.0014686832,2,0.153647,2,0.488521007446643,N/A,Review,0.8
L000230,29.0,0.9970727,0.99687517,0.9989215,0.0016672084,2,0.14408796,0,0.44143931372517764,N/A,Review,0.8
L000230,30.0,0.99778026,0.9984493,0.99921346,0.0009998746,2,0.14589733,2,0.5275725261227848,N/A,Review,0.8
L000230,31.0,0.9973232,0.9979469,0.9992342,0.00096658303,2,0.17263575,2,0.47695515852461184,N/A,Review,0.8
L000230,32.0,0.99756336,0.9983853,0.9993767,0.0006703214,2,0.11749387,2,0.5090282649111835,N/A,Review,0.8
L000230,33.0,0.9980153,0.9980907,0.99956673,0.0003230328,2,0.14199057,2,0.5373053590557693,N/A,Review,0.8
L000230,34.0,0.99791306,0.9988856,0.9996057,0.0015085895,2,0.34183034,2,0.6393588002776251,N/A,Review,0.8
L000230,35.0,0.9836907,0.9946031,0.99687755,0.003739605,4,0.22304718,1,0.4570165439569707,N/A,Review,0.8
L000230,36.0,0.99286544,0.99797684,0.99716467,0.005344797,4,0.20232488,0,0.4659707957608932,N/A,Review,0.8
L000230,37.0,0.9983127,0.9992225,0.99955684,0.0006690392,4,0.12685435,1,0.6076301818868035,N/A,Review,0.8
L000230,38.0,0.99883896,0.9994943,0.999678,0.00032842957,4,0.1006142,1,0.618108485967314,N/A,Review,0.8
L000230,39.0,0.9988368,0.99947196,0.99971825,0.0001318256,4,0.13764665,1,0.5742365686320374,N/A,Review,0.8
L000230,40.0,0.99858606,0.9994485,0.9996805,0.00013922325,4,0.17329803,1,0.5925348746295028,N/A,Review,0.8
L000230,41.0,0.99901783,0.9995277,0.9996971,0.0002627048,4,0.14630893,2,0.5023335129110306,N/A,Review,0.8
L000230,42.0,0.99423176,0.9983759,0.9975816,0.0007531741,4,0.28130332,1,0.5339354782858612,N/A,Review,0.8
L000230,43.0,0.9989692,0.99940395,0.9996983,0.00016340004,4,0.24082759,1,0.4675382909088355,N/A,Review,0.8
L000230,44.0,0.99913377,0.999288,0.9996679,0.00018629129,4,0.07002717,2,0.5548097096392146,N/A,Review,0.8
L000230,45.0,0.9990797,0.99929595,0.9996948,0.0003298966,4,0.15111278,2,0.49379871688598337,N/A,Review,0.8
L000230,46.0,0.9990734,0.999376,0.9997156,0.00025401008,4,0.20092833,2,0.5044017022732076,N/A,Review,0.8
L000230,47.0,0.9988864,0.9992655,0.9996699,0.00029156235,4,0.29737443,2,0.6031055999695175,N/A,Review,0.8
L000230,48.0,0.99869055,0.99911314,0.9997286,0.00043240614,4,0.15360217,2,0.5610657728684129,N/A,Review,0.8
L000230,49.0,0.99912435,0.9994319,0.99967253,0.00039016528,4,0.2524732,2,0.5509820044667579,N/A,Review,0.8
L000230,50.0,0.9989778,0.99961543,0.9997278,0.00018565063,4,0.24953245,2,0.5426272619310968,N/A,Review,0.8
L000233,0.0,0.037956372,0.034575664,0.026582833,0.39604408,3,0.1712159,2,0.5729393535053048,N/A,Review,0.8
L000233,,0.0640141,0.048158295,0.026368521,0.23157096,3,0.15354097,2,0.4681572048224837,N/A,Review,0.8
L000233,2.0,0.024024924,0.06731706,0.028232222,0.72850466,3,0.21169737,3,0.522790282198891,N/A,Review,0.8
L000233,3.0,0.033668272,0.035342533,0.02221081,0.69989055,3,0.0789372,3,0.49293382182743817,N/A,Review,0.8
L000233,4.0,0.03483148,0.04924538,0.031691354,0.46108916,3,0.07803994,2,0.4420834515559385,N/A,Review,0.8
L000233,5.0,0.04227484,0.03809754,0.025055487,0.6365658,3,0.14349021,3,0.46705693719273095,N/A,Review,0.8
L000233,6.0,0.026001526,0.05220399,0.031404514,0.46806696,3,0.05116345,2,0.46600611587245233,N/A,Review,0.8
L000233,7.0,0.06618464,0.032657765,0.025715852,0.5239178,3,0.2290851,2,0.47710939963011545,N/A,Review,0.8
L000233,8.0,0.047810394,0.024601053,0.023903394,0.58383816,3,0.14564143,2,0.4522779992839349,N/A,Review,0.8
L000233,9.0,0.05362439,0.059356753,0.024870977,0.39642978,3,0.5514732,1,0.5186160071475057,N/A,Review,0.8
L000233,10.0,0.035801545,0.030094506,0.024251554,0.59868115,3,0.40470558,2,0.43830641778418356,N/A,Review,0.8
L000233,11.0,0.9972977,0.9957826,0.021697218,0.0014506612,0,0.42097175,2,0.513031777886268,N/A,Review,0.8
L000233,12.0,0.99757993,0.9966671,0.020532193,0.0018444695,0,0.36495158,2,0.48863568467533,N/A,Review,0.8
L000233,13.0,0.9971711,0.9977247,0.03917657,0.000799544,0,0.5714777,2,0.4438713336989758,N/A,Review,0.8
L000233,14.0,0.99746597,0.9975914,0.06131885,0.0007445098,0,0.6548422,2,0.511794912017009,N/A,Review,0.8
L000233,15.0,0.9975694,0.9986986,0.032342557,0.00075071305,0,0.6420389,2,0.4429326347276309,N/A,Review,0.8
L000233,,0.99717087,0.99805367,0.9760199,0.00042616884,1,0.35035175,2,0.433723534735583,N/A,Review,0.8
L000233,17.0,0.9982704,0.99726784,0.9925849,0.0025937287,1,0.44863153,2,0.4674816988547458,N/A,Review,0.8
L000233,18.0,0.99743587,0.99764735,0.99286026,0.00082540617,1,0.33829758,2,0.42186131386418946,N/A,Review,0.8
L000233,19.0,0.997384,0.99745804,0.99568164,0.0012485887,1,0.32797873,2,0.46446046467767743,N/A,Review,0.8
L000233,,0.99751294,0.99775225,0.99551386,0.00046325335,1,0.4118143,2,0.48311973197474695,N/A,Review,0.8
L000233,21.0,0.99754375,0.9981559,0.9943796,0.0005109332,1,0.3140416,2,0.4579462462674778,N/A,Review,0.8
L000233,22.0,0.9973611,0.9980033,0.99442613,0.00066170504,1,0.45332012,2,0.4559509705340992,N/A,Review,0.8
L000233,23.0,0.99700135,0.9979845,0.9942789,0.00045268552,1,0.40896457,2,0.40295073399554093,N/A,Review,0.8
L000233,24.0,0.99461126,0.9978721,0.9931896,0.0008266777,1,0.14576478,2,0.36964853001228387,N/A,Review,0.8
L000233,25.0,0.995194,0.9959847,0.99422306,0.0009308561,1,0.1470409,2,0.41584949390914044,N/A,Review,0.8
L000233,26.0,0.9938804,0.9982834,0.9949818,0.00088521,1,0.45556277,2,0.5092665647131268,N/A,Review,0.8
L000236,0.0,0.08910682,0.15058531,0.08000065,0.39613795,3,0.375274,2,0.4647838963880841,N/A,Review,0.8
L000236,1.0,0.07490084,0.09242893,0.036465574,0.5841867,3,0.4833111,2,0.47002785990861906,N/A,Review,0.8
L000236,2.0,0.99731404,0.9974515,0.048290227,0.0008791521,0,0.5494922,2,0.5595703065995515,N/A,Review,0.8
L000236,3.0,0.991295,0.9921897,0.97979087,0.00019784021,1,0.18353167,2,0.4535572918838325,N/A,Review,0.8
L000236,4.0,0.99588877,0.99645966,0.9825219,0.0006071074,1,0.20047142,2,0.5326265241024271,N/A,Review,0.8
L000236,5.0,0.99735594,0.9941081,0.97860616,0.00017937398,1,0.18691784,2,0.5577513461255523,N/A,Review,0.8
L000236,6.0,0.99830747,0.99773324,0.9980876,3.5636298e-05,2,0.20527731,2,0.5349925910859963,N/A,Review,0.8
L000236,7.0,0.99851245,0.9979547,0.9982889,2.8215718e-05,2,0.15019237,2,0.6010040553306653,N/A,Review,0.8
L000236,8.0,0.9986387,0.9988667,0.998955,3.7569174e-05,2,0.16002929,2,0.5619582009122686,N/A,Review,0.8
L000236,9.0,0.99831104,0.99877936,0.9990652,0.00012097728,4,0.21735546,2,0.6846242065109878,N/A,Review,0.8
L000236,10.0,0.99889356,0.9990096,0.9994097,4.3272303e-05,4,0.1227628,2,0.6476712202359589,N/A,Review,0.8
L000236,11.0,0.9965893,0.99799585,0.99461997,0.00035727824,4,0.08285658,2,0.6466598641553779,N/A,Review,0.8
L000236,12.0,0.99911577,0.9993387,0.9994567,0.00045158024,4,0.15301804,2,0.5908669486775391,N/A,Review,0.8
L000236,,0.9990068,0.9994649,0.9995466,0.00015153905,4,0.12451524,2,0.6162331311292584,N/A,Review,0.8
L000236,14.0,0.99898463,0.99937207,0.9996563,0.00013369421,4,0.06600708,2,0.5685318187959251,N/A,Review,0.8
L000236,15.0,0.9991136,0.99964225,0.9996145,0.00022539379,4,0.057133336,2,0.559696343544352,N/A,Review,0.8
L000236,16.0,0.99914515,0.9995177,0.9995264,0.00010622395,4,0.14188796,2,0.5397882588355823,N/A,Review,0.8
L000236,17.0,0.99921834,0.9996132,0.99957365,0.00019898135,4,0.18263128,2,0.5095626801739153,N/A,Review,0.8
L000236,18.0,0.99920017,0.99955624,0.9995333,0.00014004411,4,0.6188697,2,0.45312829309831265,N/A,Review,0.8
L000236,19.0,0.9991487,0.9994684,0.9995683,0.00018098427,4,0.36317497,2,0.5118609232629927,N/A,Review,0.8
L000236,20.0,0.999288,0.99956876,0.99949336,0.00024344468,4,0.2053097,2,0.4771289761350307,N/A,Review,0.8
L000236,,0.99928755,0.99939823,0.99954766,0.00015061753,4,0.5198398,2,0.43948173166154986,N/A,Review,0.8
L000236,22.0,0.99916553,0.9995421,0.99951315,0.00018589862,4,0.12148422,2,0.479082058535397,N/A,Review,0.8
L000236,23.0,0.999,0.99935013,0.99941313,0.00024324747,4,0.09697185,2,0.378624415116367,N/A,Review,0.8
L000236,24.0,0.9990159,0.9996165,0.9995468,0.00016453871,4,0.28308213,2,0.4088856229544382,N/A,Review,0.8
L000236,25.0,0.99924856,0.99953985,0.99956185,0.0002385185,4,0.41422278,2,0.41623003270950065,N/A,Review,0.8
L000236,26.0,0.9991666,0.9995346,0.9995747,0.00042424555,4,0.42785898,3,0.4884418197149333,N/A,Review,0.8
L000236,27.0,0.9988048,0.9994999,0.9995691,0.00039465085,4,0.49857736,2,0.4189582881656533,N/A,Review,0.8
L000236,28.0,0.9990748,0.9995049,0.9995573,0.000313801,4,0.42412195,2,0.49589701200346936,N/A,Review,0.8
L000236,29.0,0.9988789,0.9995285,0.9996512,0.0005949229,4,0.50754124,2,0.3484718944849984,N/A,Review,0.8
L000236,30.0,0.9992113,0.99955505,0.99956185,0.00025403308,4,0.33560318,2,0.39030301522193533,N/A,Review,0.8
L000236,31.0,0.9992787,0.99945074,0.99956316,0.00019950834,4,0.33396512,2,0.43057345938772396,N/A,Review,0.8
L000236,32.0,0.9990345,0.9993562,0.9996495,0.00034960403,4,0.4267916,3,0.41310808680044087,N/A,Review,0.8
L000236,33.0,0.9990447,0.9996325,0.9995468,0.00015086001,4,0.27180538,2,0.5480393717082778,N/A,Review,0.8
L000236,34.0,0.9992762,0.9996176,0.9995579,9.064278e-05,4,0.48970285,2,0.39624589570086566,N/A,Review,0.8
L000236,35.0,0.9973706,0.9988532,0.9963511,0.0014152351,4,0.46639556,2,0.44473055698145536,N/A,Review,0.8
L000236,36.0,0.99925417,0.9995272,0.99956936,0.00025560425,4,0.5627377,2,0.45072165772311634,N/A,Review,0.8
L000236,37.0,0.99925417,0.9995078,0.99948645,0.00017446946,4,0.43195388,2,0.393989105368397,N/A,Review,0.8
L000236,38.0,0.999376,0.9995977,0.99946946,0.00012521233,4,0.48636332,2,0.3942080874670641,N/A,Review,0.8
L000236,39.0,0.9994404,0.99962294,0.99947184,0.00017405007,4,0.18197225,2,0.386420777380603,N/A,Review,0.8
L000236,40.0,0.99941707,0.9996123,0.9994585,0.00010387531,4,0.22162895,2,0.38916787172137157,N/A,Review,0.8
L000236,41.0,0.99943084,0.99962556,0.9995728,0.00018754367,4,0.2367576,2,0.4117474445657663,N/A,Review,0.8
L000236,42.0,0.9993647,0.99966764,0.9995708,0.00012977813,4,0.29773515,2,0.4451984146670064,N/A,Review,0.8
L000236,43.0,0.9993362,0.9996482,0.99958056,5.2464522e-05,4,0.35008186,2,0.47301233421064465,N/A,Review,0.8
L000236,44.0,0.99934965,0.9995364,0.9995881,3.25745e-05,4,0.34234166,2,0.40065934234831124,N/A,Review,0.8
L000236,45.0,0.9991104,0.99940276,0.99958867,7.2234776e-05,4,0.41862813,2,0.5073873444953937,N/A,Review,0.8
L000236,46.0,0.999458,0.9995534,0.9996755,9.064823e-05,4,0.43748587,2,0.39934207505461217,N/A,Review,0.8
L000236,47.0,0.9991116,0.9995491,0.9996643,0.00013893454,4,0.23269571,2,0.4151038201203268,N/A,Review,0.8
L000236,48.0,0.99952173,0.99950266,0.9996598,0.00016876472,4,0.39478013,0,0.47784556015838847,N/A,Review,0.8
L000236,49.0,0.9994667,0.9995937,0.9996698,9.900704e-05,4,0.31046438,0,0.42320573874369793,N/A,Review,0.8
L000236,50.0,0.9992842,0.99941885,0.9996958,0.00016065332,4,0.19123548,0,0.4010439297460773,N/A,Review,0.8
L000236,51.0,0.99933404,0.99971586,0.9996507,8.879749e-05,4,0.07406106,2,0.4675047365650278,N/A,Review,0.8
L000236,52.0,0.9994159,0.9998043,0.9996344,4.9563627e-05,4,0.16691972,0,0.4020128611276973,N/A,Review,0.8
L000236,53.0,0.9993598,0.99977654,0.99963295,5.4449316e-05,4,0.17482466,0,0.4356149427259849,N/A,Review,0.8
L000236,54.0,0.9992894,0.9996966,0.9996619,0.00014348804,4,0.46219936,0,0.4476737114915371,N/A,Review,0.8
L000236,55.0,0.9993691,0.99968934,0.9996463,5.099967e-05,4,0.34083325,0,0.4865922387399101,N/A,Review,0.8
L000236,56.0,0.99927646,0.9996544,0.99950206,8.201242e-05,4,0.28811044,3,0.6341059498846959,N/A,Review,0.8
L000236,,0.9991103,0.9994978,0.9994629,0.00016583737,4,0.124848746,3,0.48914104966077465,N/A,Review,0.8
L000236,58.0,0.999413,0.9996282,0.99948955,5.8643644e-05,4,0.17723775,0,0.515773258882795,N/A,Review,0.8
L000236,59.0,0.9993649,0.9996432,0.9995209,0.0001371251,4,0.118678145,2,0.48765582315206546,N/A,Review,0.8
L000236,60.0,0.9994209,0.99973184,0.9995683,8.319664e-05,4,0.15609431,0,0.42890998846258416,N/A,Review,0.8
L000236,61.0,0.9994167,0.99970824,0.9994885,0.00011536853,4,0.11380237,0,0.5118716276776442,N/A,Review,0.8
L000236,62.0,0.9978339,0.99908483,0.9961189,0.0006211548,4,0.11902191,2,0.48142885257906165,N/A,Review,0.8
L000236,63.0,0.9993123,0.9995461,0.9994949,0.0001693728,4,0.20098956,2,0.48935323788123253,N/A,Review,0.8
L000236,64.0,0.99926883,0.9995189,0.9995598,0.0002549364,4,0.17772333,2,0.4988265552715048,N/A,Review,0.8
L000236,65.0,0.999244,0.99966395,0.999567,0.00023256683,4,0.04785839,2,0.5332742196743133,N/A,Review,0.8
L000236,66.0,0.99942124,0.99959236,0.9995227,0.00020867964,4,0.06525074,2,0.5898762379694782,N/A,Review,0.8
L000236,67.0,0.9994531,0.9996674,0.9995803,0.00016049178,4,0.080035225,2,0.5483100445891286,N/A,Review,0.8
L000236,68.0,0.99948394,0.999589,0.9995956,0.00016783828,4,0.1675878,2,0.5382668551220213,N/A,Review,0.8
L000236,69.0,0.9992724,0.99965906,0.9996124,7.602777e-05,4,0.07617403,2,0.4715166523148311,N/A,Review,0.8
L000236,70.0,0.99931574,0.99978524,0.9996574,7.307832e-05,4,0.044081125,2,0.5713627016450842,N/A,Review,0.8
L000236,71.0,0.9992949,0.99960834,0.99965763,0.00013598667,4,0.060635403,2,0.6199677988037419,N/A,Review,0.8
L000236,72.0,0.99922025,0.99976057,0.9996557,6.42841e-05,4,0.042706054,2,0.49937753832876847,N/A,Review,0.8
L000236,73.0,0.9992029,0.99960905,0.99968684,0.00016490545,4,0.08956047,1,0.5048163531141352,N/A,Review,0.8
L000236,74.0,0.9992949,0.9996481,0.99965763,8.5267675e-05,4,0.15612806,2,0.618210283109927,N/A,Review,0.8
L000236,75.0,0.9993882,0.99969053,0.99965334,7.425645e-05,4,0.053211816,0,0.5884796894712986,N/A,Review,0.8
L000236,76.0,0.9993837,0.9997483,0.9996468,9.0496476e-05,4,0.034340538,0,0.6774401231422331,N/A,Review,0.8
L000236,77.0,0.999524,0.9997521,0.99964845,8.307234e-05,4,0.22266382,0,0.6285703790218671,N/A,Review,0.8
L000236,78.0,0.99951375,0.99959594,0.9996269,0.00013471721,4,0.20626058,0,0.6744748543081415,N/A,Review,0.8
L000236,79.0,0.99948394,0.99961287,0.9996489,0.00010612574,4,0.26484963,0,0.6607092615539563,N/A,Review,0.8
L000236,80.0,0.99945277,0.99977285,0.99965644,6.8410736e-05,4,0.24864188,2,0.6339320060017384,N/A,Review,0.8
L000236,81.0,0.9994568,0.999703,0.9996468,0.00011484704,4,0.3163894,0,0.6525764434247889,N/A,Review,0.8
L000236,82.0,0.9981754,0.9991811,0.9972711,0.0002866936,4,0.37669238,0,0.6963620857598973,N/A,Review,0.8
L000236,83.0,0.99944204,0.9997434,0.9996526,8.1550425e-05,4,0.38204244,0,0.6431162240190468,N/A,Review,0.8
L000236,84.0,0.99940443,0.9997037,0.99963427,8.123174e-05,4,0.063914075,0,0.6966855406895982,N/A,Review,0.8
L000236,85.0,0.99939585,0.9998087,0.99968684,7.6423705e-05,4,0.23706158,0,0.630344090312066,N/A,Review,0.8
L000236,86.0,0.9993882,0.99972945,0.9996524,6.684975e-05,4,0.037247088,0,0.7433768540711859,N/A,Review,0.8
L000236,87.0,0.9994881,0.9996934,0.99961627,0.00017984185,4,0.17217207,0,0.724852854038248,N/A,Review,0.8
L000236,88.0,0.99951637,0.99969566,0.9996062,0.00010320402,4,0.07619183,1,0.6071355678708115,N/A,Review,0.8
L000236,89.0,0.99946135,0.99969506,0.9996462,0.00014956434,4,0.21265131,0,0.7331972567048592,N/A,Review,0.8
L000236,90.0,0.99942636,0.9997285,0.9996538,0.00010183113,4,0.33236435,0,0.7737118491552294,N/A,Review,0.8
L000244,,0.052842963,0.23047343,0.027003607,0.49649054,3,0.25900608,1,0.465742901568703,N/A,Review,0.8
L000244,1.0,0.06064097,0.078433916,0.09483157,0.8381481,3,0.035696734,3,0.5320350419823361,N/A,Review,0.8
L000244,2.0,0.09626166,0.08570487,0.089446194,0.40959728,3,0.13206747,3,0.43830355604965415,N/A,Review,0.8
L000244,3.0,0.07298113,0.10750492,0.09457992,0.8866075,3,0.21590133,3,0.49051535640102495,N/A,Review,0.8
L000244,4.0,0.05920364,0.0902678,0.06277717,0.59085625,3,0.14124537,0,0.4615182379796098,N/A,Review,0.8
L000244,5.0,0.06227443,0.08538324,0.061889444,0.7806301,3,0.24394786,3,0.4702647603195581,N/A,Review,0.8
L000244,6.0,0.18023254,0.25465146,0.13771309,0.64531726,3,0.34184498,0,0.4084209916447157,N/A,Review,0.8
L000244,7.0,0.078739285,0.06444159,0.08968739,0.34477627,3,0.19756694,3,0.5930828267404629,N/A,Review,0.8
L000244,8.0,0.086399116,0.060527373,0.081278,0.23200245,3,0.33412844,3,0.4490807128679787,N/A,Review,0.8
L000244,9.0,0.089623794,0.13552178,0.08691577,0.18834338,3,0.17752527,0,0.502821795402411,N/A,Review,0.8
L000248,0.0,0.03532586,0.026199928,0.03905373,0.31994826,3,0.09889382,2,0.5251341941160945,N/A,Review,0.8
L000248,1.0,0.9978224,0.99688905,0.069919914,0.0004530583,0,0.08243688,2,0.5191952401882478,N/A,Review,0.8
L000248,2.0,0.9002578,0.85552245,0.08009544,0.06668733,0,0.29356983,2,0.4671224063791481,N/A,Review,0.8
L000248,3.0,0.9525388,0.9641912,0.05021808,0.21759202,0,0.12418092,2,0.43131531882429,N/A,Review,0.8
L000248,4.0,0.9971222,0.9973183,0.044791084,0.0025238479,0,0.07639385,2,0.5968337493082656,N/A,Review,0.8
L000248,5.0,0.99776363,0.99787223,0.066906616,0.00081148575,0,0.27573752,2,0.4913326909893297,N/A,Review,0.8
L000248,6.0,0.99846834,0.99897575,0.08168444,0.0012770303,0,0.12621818,2,0.5996086428650719,N/A,Review,0.8
L000248,7.0,0.9978047,0.9978746,0.056929406,0.0005435295,0,0.2699066,2,0.39296252176471325,N/A,Review,0.8
L000248,8.0,0.9983802,0.99789965,0.079388194,0.00042977036,0,0.2141139,2,0.4022150621644446,N/A,Review,0.8
L000248,9.0,0.99851865,0.99852705,0.087473705,0.00056778226,0,0.42570373,2,0.4517248899706047,N/A,Review,0.8
L000248,10.0,0.99821055,0.9984693,0.078921035,0.000457285,0,0.5130956,2,0.43907454676022895,N/A,Review,0.8
L000248,11.0,0.99702054,0.9971897,0.0843825,0.0009040987,0,0.44907668,2,0.4185808288055608,N/A,Review,0.8
L000248,,0.99807525,0.998691,0.071508646,0.00039751123,0,0.20281392,2,0.4752808537940535,N/A,Review,0.8
L000248,13.0,0.99831533,0.99860233,0.08050919,0.0009703102,0,0.3941098,2,0.3799823575002367,N/A,Review,0.8
L000248,14.0,0.99820566,0.9987674,0.06393148,0.00032836286,0,0.31733572,2,0.4349070071342538,N/A,Review,0.8
L000248,15.0,0.9982626,0.998713,0.06393006,0.00071033585,0,0.5029023,2,0.4201998481676401,N/A,Review,0.8
L000248,16.0,0.9983798,0.99782395,0.049025375,0.00029515658,0,0.36217573,2,0.4027382645294981,N/A,Review,0.8
L000248,17.0,0.99811816,0.9982047,0.06509248,0.00032775768,0,0.33067304,2,0.471757510132197,N/A,Review,0.8
L000248,18.0,0.06719592,0.06711702,0.037348364,0.32195684,3,0.47726515,2,0.40495934354648,N/A,Review,0.8
L000248,19.0,0.064052366,0.116050445,0.048764087,0.45407972,3,0.27325833,0,0.46112108193668483,N/A,Review,0.8
L000248,20.0,0.044879768,0.11836631,0.040521733,0.4320584,3,0.29641807,2,0.35255468391673433,N/A,Review,0.8
L000248,21.0,0.03642968,0.08200016,0.06514661,0.38204005,3,0.37211084,2,0.39161001405736484,N/A,Review,0.8
L000248,22.0,0.037190694,0.06530363,0.05537669,0.47543493,3,0.4481343,2,0.4071878803024,N/A,Review,0.8
L000248,23.0,0.036319386,0.055695392,0.045648865,0.2201514,3,0.24709609,2,0.3684767413703316,N/A,Review,0.8
L000248,24.0,0.048978597,0.094348885,0.039198715,0.44592342,3,0.4399803,0,0.4417854838613207,N/A,Review,0.8
L000248,25.0,0.05378711,0.0917271,0.05698719,0.109192245,3,0.2820897,0,0.47422765514340004,N/A,Review,0.8
L000248,26.0,0.80722,0.9207962,0.048830163,0.028207324,0,0.42465007,0,0.3867338732394535,N/A,Review,0.8
L000248,27.0,0.9972886,0.9985286,0.054588705,0.00039618884,0,0.43605435,2,0.4458273983659613,N/A,Review,0.8
L000248,28.0,0.99749666,0.998137,0.04839962,0.00026684272,0,0.5047347,2,0.4471316393056983,N/A,Review,0.8
L000248,29.0,0.9971681,0.99804866,0.048150875,0.00022221328,0,0.35495046,2,0.4969221579662867,N/A,Review,0.8
L000248,30.0,0.99288756,0.9964095,0.9873374,0.0017827961,1,0.2913136,2,0.5641700187711427,N/A,Review,0.8
L000248,31.0,0.99728453,0.9971295,0.99654984,0.00033378246,1,0.1436152,3,0.45931817547564835,N/A,Review,0.8
L000248,32.0,0.9965461,0.995596,0.9969506,0.0010092907,1,0.2965938,2,0.4107991653535097,N/A,Review,0.8
L000248,33.0,0.9972682,0.997306,0.99779797,0.0009683514,1,0.4312966,1,0.44019193868240103,N/A,Review,0.8
L000248,,0.9963954,0.9950507,0.9980313,0.0014542623,1,0.31381556,2,0.4185523974518291,N/A,Review,0.8
L000248,35.0,0.9959772,0.9958103,0.99734193,0.0013523812,1,0.42257628,0,0.4356526641180445,N/A,Review,0.8
L000248,36.0,0.99730116,0.99585056,0.9972976,0.0013405406,1,0.13361043,0,0.4327197928482749,N/A,Review,0.8
L000248,37.0,0.99754506,0.99602425,0.9959351,0.0008917918,1,0.10696795,0,0.4267971570645537,N/A,Review,0.8
L000248,38.0,0.99657285,0.9955818,0.9960167,0.00089587976,1,0.23666511,0,0.4697963643794134,N/A,Review,0.8
L000248,,0.9939903,0.9922029,0.9946026,0.00082996517,1,0.11719221,2,0.4654066133431459,N/A,Review,0.8
L000248,40.0,0.9963404,0.9969215,0.9961947,0.0005312301,1,0.0475251,0,0.41463825860302056,N/A,Review,0.8
L000248,41.0,0.99532807,0.9961726,0.99553114,0.00068051345,1,0.054872785,0,0.4452307038732641,N/A,Review,0.8
L000248,42.0,0.9967528,0.9958508,0.99624264,0.00051360193,1,0.103455976,0,0.4417352817982059,N/A,Review,0.8
L000248,43.0,0.99704045,0.9948508,0.9966918,0.0004628508,1,0.11167763,1,0.445202786787221,N/A,Review,0.8
L000248,44.0,0.9963805,0.995297,0.9964234,0.00052086567,1,0.14263436,1,0.4770128588094066,N/A,Review,0.8
L000248,45.0,0.99615675,0.9951084,0.9967783,0.00051852735,2,0.22311759,2,0.4370322153707107,N/A,Review,0.8
L000248,,0.9829245,0.9941683,0.99778724,0.00064618606,4,0.12538897,0,0.5167756500145757,N/A,Review,0.8
L000248,47.0,0.9980141,0.9972077,0.9987319,0.00026207237,4,0.108573765,3,0.6476312065313452,N/A,Review,0.8
L000248,48.0,0.9991155,0.998362,0.9993981,0.00023735494,4,0.078906074,0,0.5942215742598576,N/A,Review,0.8
L000248,49.0,0.99619186,0.9952247,0.9932914,0.00049006497,4,0.055877153,0,0.5663949797690635,N/A,Review,0.8
L000248,50.0,0.999089,0.9987507,0.99942374,0.00015291962,4,0.033685513,2,0.5941058910372354,N/A,Review,0.8
L000248,51.0,0.99913543,0.9995034,0.9996387,0.00019003733,4,0.06458285,0,0.38508450219042695,N/A,Review,0.8
L000248,52.0,0.9988826,0.99955374,0.9996511,0.00036238343,4,0.11761746,3,0.41255457088839,N/A,Review,0.8
L000248,53.0,0.9994523,0.99939954,0.99957794,0.00031495703,4,0.23744771,2,0.47100232158938743,N/A,Review,0.8
L000248,54.0,0.99941754,0.99945,0.99957794,0.00031278844,4,0.1736855,2,0.510611864334777,N/A,Review,0.8
L000248,55.0,0.9991436,0.99957794,0.99956876,0.0001441478,4,0.5029472,0,0.47942830021454597,N/A,Review,0.8
L000248,56.0,0.9992249,0.9995565,0.99960643,0.00014733747,4,0.4213562,2,0.47030755969673055,N/A,Review,0.8
L000248,57.0,0.99933773,0.9995813,0.9995221,0.0002364456,4,0.3691616,2,0.44976046152637406,N/A,Review,0.8
L000248,,0.99900913,0.99918324,0.9995621,0.00031293876,4,0.2413299,2,0.5634716171941307,N/A,Review,0.8
L000248,59.0,0.9990662,0.9995937,0.9996136,0.00024300616,4,0.31260034,1,0.45993346451973693,N/A,Review,0.8
L000248,60.0,0.9990157,0.99958616,0.99954337,0.00018104744,4,0.21845752,2,0.49248928584333085,N/A,Review,0.8
L000248,61.0,0.99891996,0.9995968,0.99954283,9.804498e-05,4,0.060785238,1,0.536117522495579,N/A,Review,0.8
L000248,62.0,0.9989814,0.99964416,0.99953294,0.00015277432,4,0.037224285,1,0.5649828952594773,N/A,Review,0.8
L000248,63.0,0.999173,0.9995565,0.99961424,0.00012756234,4,0.109591,1,0.49714167372508394,N/A,Review,0.8
L000248,64.0,0.9993393,0.9994772,0.99958163,0.00025750534,4,0.1570067,1,0.5391998867826062,N/A,Review,0.8
L000248,65.0,0.9969999,0.998806,0.9965682,0.00022914703,4,0.19729617,1,0.5704603905496151,N/A,Review,0.8
L000248,66.0,0.9988261,0.9996147,0.9996563,0.0001495816,4,0.31774288,1,0.4895954020224431,N/A,Review,0.8
L000248,67.0,0.9972554,0.9984825,0.99667895,0.0003736841,4,0.14501674,1,0.584381940403236,N/A,Review,0.8
L000248,68.0,0.9992009,0.9996251,0.9996431,9.163021e-05,4,0.22675954,1,0.5454471645950544,N/A,Review,0.8
L000248,69.0,0.99904996,0.9995789,0.99954104,0.00012776832,4,0.3062723,1,0.55291427256698,N/A,Review,0.8
L000248,70.0,0.9991498,0.9992563,0.999603,8.271292e-05,4,0.038221154,1,0.5850798161808224,N/A,Review,0.8
L000260,0.0,0.03758166,0.075672165,0.034560535,0.18018612,3,0.25629056,2,0.47391615161391853,N/A,Review,0.8
L000260,1.0,0.024395656,0.03598142,0.023211272,0.4369254,3,0.31594747,2,0.4784646312011588,N/A,Review,0.8
L000260,2.0,0.040388912,0.028731305,0.028164033,0.7871911,3,0.38512394,2,0.4380748145426856,N/A,Review,0.8
L000260,3.0,0.03181334,0.015552114,0.020635685,0.80668366,3,0.20086959,2,0.414100551059731,N/A,Review,0.8
L000260,4.0,0.022591222,0.032816987,0.022093192,0.5108647,3,0.15559356,2,0.428788699688721,N/A,Review,0.8
L000260,5.0,0.031903487,0.021812048,0.026519014,0.6437153,3,0.270446,2,0.3512514198510057,N/A,Review,0.8
L000260,6.0,0.030150052,0.017458657,0.03087777,0.56484246,3,0.2574824,2,0.4065825854332657,N/A,Review,0.8
L000260,7.0,0.035778828,0.015050947,0.037049133,0.49565196,3,0.24081734,2,0.3907355877716573,N/A,Review,0.8
L000260,8.0,0.02679305,0.016498206,0.032899942,0.57733506,3,0.31134528,2,0.36241566299086997,N/A,Review,0.8
L000260,9.0,0.0320753,0.017426515,0.033333328,0.7020754,3,0.56072116,2,0.4010115739012008,N/A,Review,0.8
L000260,10.0,0.027297815,0.02914115,0.034355912,0.57402694,3,0.61091584,2,0.4258864572799212,N/A,Review,0.8
L000260,11.0,0.03698858,0.009885128,0.02797521,0.7912223,3,0.54409945,2,0.3693442453335125,N/A,Review,0.8
L000260,12.0,0.9963207,0.9948586,0.029942583,0.0020935545,0,0.49857002,2,0.4783791465718374,N/A,Review,0.8
L000260,13.0,0.9968741,0.9958364,0.026848683,0.002018306,0,0.29875365,2,0.31824921932456185,N/A,Review,0.8
L000260,14.0,0.99694246,0.99569124,0.043457508,0.00046643772,0,0.56864506,2,0.43693734447086063,N/A,Review,0.8
L000260,15.0,0.9980667,0.9976667,0.057951175,0.00083242526,0,0.6243128,2,0.4125496825900224,N/A,Review,0.8
L000260,16.0,0.9940655,0.9967804,0.04437016,0.0007965458,0,0.5705164,2,0.3826184740567821,N/A,Review,0.8
L000260,17.0,0.99872607,0.9985342,0.07350552,0.0015168614,0,0.36945093,2,0.41473171220125077,N/A,Review,0.8
L000260,18.0,0.9895152,0.9841485,0.03643897,0.012661647,0,0.42142424,2,0.36398912734802435,N/A,Review,0.8
L000260,19.0,0.9983228,0.9988017,0.02331415,0.0014391292,0,0.45156315,2,0.4283784222719314,N/A,Review,0.8
L000260,20.0,0.99862885,0.9977584,0.024824956,0.0016140015,0,0.58459616,2,0.3834527111331407,N/A,Review,0.8
L000260,21.0,0.9982603,0.99778193,0.023322117,0.0006766278,0,0.43197665,2,0.3617064433719145,N/A,Review,0.8
L000260,22.0,0.9979407,0.9985025,0.02701052,0.0011379292,0,0.42595094,2,0.4330265464224562,N/A,Review,0.8
L000260,23.0,0.99829715,0.9981482,0.028039623,0.001453869,0,0.5249177,2,0.39988263275459157,N/A,Review,0.8
L000260,24.0,0.99774396,0.99830186,0.025898894,0.0012269615,0,0.62523913,2,0.39355966472209214,N/A,Review,0.8
L000260,25.0,0.9980806,0.99721104,0.026496131,0.0010264071,0,0.47649238,2,0.4238102525041413,N/A,Review,0.8
L000260,26.0,0.9968995,0.9985446,0.025910314,0.0014207595,0,0.4012025,2,0.4476464063611373,N/A,Review,0.8
L000260,27.0,0.9974954,0.9979329,0.024132455,0.001066576,0,0.37298185,2,0.4345614758007281,N/A,Review,0.8
L000260,28.0,0.99777526,0.99804616,0.023363296,0.0009175962,0,0.44480205,2,0.42158718723823324,N/A,Review,0.8
L000260,29.0,0.9961279,0.99846894,0.021147517,0.0009769948,0,0.20588508,2,0.4296201217220963,N/A,Review,0.8
L000261,0.0,0.034142833,0.108130194,0.03645082,0.064312175,3,0.47640544,2,0.5076865115184316,N/A,Review,0.8
L000261,1.0,0.012156867,0.046105433,0.06760472,0.034933135,3,0.19678733,2,0.40943487579543714,N/A,Review,0.8
L000261,2.0,0.02154661,0.06471029,0.031137545,0.09557285,3,0.79607064,2,0.42364941464313777,N/A,Review,0.8
L000261,3.0,0.028199019,0.06459149,0.039192818,0.04664438,3,0.649964,2,0.4159842248508916,N/A,Review,0.8
L000261,4.0,0.021530665,0.054519065,0.022151612,0.22221012,3,0.5514352,2,0.3917663544707358,N/A,Review,0.8
L000261,5.0,0.030076202,0.08617545,0.01934486,0.39376393,3,0.60027903,2,0.37922209766459214,N/A,Review,0.8
L000261,6.0,0.025739057,0.035624098,0.053218294,0.20322001,3,0.43847677,2,0.4103268495340924,N/A,Review,0.8
L000261,7.0,0.01172392,0.030876309,0.033712137,0.16299571,3,0.23894073,2,0.3709278333216043,N/A,Review,0.8
L000261,8.0,0.02617191,0.04347926,0.033719428,0.16779749,3,0.38490686,2,0.367060016836079,N/A,Review,0.8
L000261,9.0,0.031826355,0.06684599,0.0316451,0.11654035,3,0.30653688,2,0.3964885758182387,N/A,Review,0.8
L000261,10.0,0.026643323,0.051883653,0.030386256,0.19294798,3,0.5593363,2,0.38478858102603897,N/A,Review,0.8
L000261,11.0,0.021688554,0.053306308,0.035150297,0.2797644,3,0.38915053,2,0.4216871244485124,N/A,Review,0.8
L000261,12.0,0.99490875,0.99585307,0.02943551,0.00039018298,0,0.24968489,2,0.45113213801167196,N/A,Review,0.8
L000261,13.0,0.99552673,0.9981261,0.032799926,0.00024014871,0,0.21900825,2,0.43222298547137644,N/A,Review,0.8
L000261,14.0,0.9952734,0.9981067,0.067751475,0.00033211568,0,0.23651615,2,0.44374434718756106,N/A,Review,0.8
L000261,15.0,0.99362385,0.99854565,0.99432206,0.00070194795,1,0.38472044,2,0.48374749555669494,N/A,Review,0.8
L000261,16.0,0.99657685,0.99741566,0.99445856,0.00010039489,1,0.13916747,2,0.3910218192910646,N/A,Review,0.8
L000261,17.0,0.99778324,0.9983517,0.9990344,0.0007215339,2,0.052479822,2,0.45853517111968645,N/A,Review,0.8
L000261,18.0,0.99788433,0.9969645,0.99923575,0.00028432594,2,0.1097074,2,0.41325794145904016,N/A,Review,0.8
L000261,19.0,0.9955766,0.9946919,0.9984981,0.00087113574,2,0.10111192,2,0.5042195622551585,N/A,Review,0.8
L000261,20.0,0.9970944,0.9973143,0.99616146,0.00054586923,2,0.05424416,2,0.47417613025363337,N/A,Review,0.8
L000261,21.0,0.9976827,0.9982198,0.99937844,0.00017622818,2,0.09656004,2,0.4516821614353308,N/A,Review,0.8
L000261,22.0,0.99748874,0.99835265,0.9991443,0.00032386815,2,0.14118028,2,0.47447553552203703,N/A,Review,0.8
L000261,23.0,0.986328,0.99177986,0.994292,0.0037472805,4,0.18533958,2,0.42741877053675725,N/A,Review,0.8
L000261,,0.99725145,0.9981481,0.99931383,0.0011368083,4,0.10236478,2,0.5357958734847214,N/A,Review,0.8
L000261,25.0,0.99793845,0.997726,0.999461,0.00025781165,4,0.10533023,2,0.6257725432136765,N/A,Review,0.8
L000261,26.0,0.9979032,0.9985495,0.9994368,0.00044774907,4,0.07880148,2,0.545455133213121,N/A,Review,0.8
L000261,27.0,0.99824107,0.9990152,0.9994815,0.00023316698,4,0.14600495,2,0.5606100455139909,N/A,Review,0.8
L000261,28.0,0.99852496,0.99851745,0.9996265,0.00012250205,4,0.10960773,2,0.5817094951587921,N/A,Review,0.8
L000261,29.0,0.99878174,0.998706,0.9996039,0.0002941624,4,0.19507594,3,0.5296161399907646,N/A,Review,0.8
L000261,30.0,0.9986576,0.99873453,0.9995453,0.00027349315,4,0.21456483,2,0.4750768053224562,N/A,Review,0.8
L000261,31.0,0.99854904,0.99927646,0.99958223,0.00025410892,4,0.17030984,3,0.43602409301719597,N/A,Review,0.8
L000261,32.0,0.99842596,0.9989157,0.99959904,0.00017799495,4,0.21300286,2,0.5291680494847638,N/A,Review,0.8
L000261,33.0,0.9982551,0.99908125,0.99962974,0.00010092705,4,0.31704384,2,0.4853702265332094,N/A,Review,0.8
L000261,34.0,0.9981723,0.9991235,0.99950576,0.00038590908,4,0.21415362,3,0.6190698472906295,N/A,Review,0.8
L000261,35.0,0.9984674,0.99911135,0.9995235,0.00015877468,4,0.45248008,2,0.44911908991965943,N/A,Review,0.8
L000261,36.0,0.99840266,0.99937564,0.9995453,0.0003765896,4,0.2889993,0,0.38589548837322196,N/A,Review,0.8
L000261,37.0,0.99833304,0.99920887,0.999461,0.00028725364,4,0.18512449,3,0.6282652610821275,N/A,Review,0.8
L000261,38.0,0.9983506,0.9989254,0.9994848,0.00012486822,4,0.37141484,1,0.41287871098110696,N/A,Review,0.8
L000261,39.0,0.997922,0.99869955,0.9994816,0.00025635425,4,0.42871878,1,0.49178642458311206,N/A,Review,0.8
L000261,40.0,0.99840695,0.9993082,0.99954224,0.00012618993,4,0.5178671,2,0.3182221960387263,N/A,Review,0.8
L000261,41.0,0.9982851,0.99875593,0.99961996,0.00012611835,4,0.16217442,1,0.43465718667046604,N/A,Review,0.8
L000261,42.0,0.9990754,0.9995877,0.9995254,0.00022308175,4,0.12565345,0,0.4304746750032412,N/A,Review,0.8
L000261,43.0,0.99887747,0.9992459,0.9995671,0.00015765484,4,0.15320756,2,0.6539113873772122,N/A,Review,0.8
L000261,44.0,0.99879885,0.9991743,0.99959356,0.00012325475,4,0.24935885,3,0.49765974472802904,N/A,Review,0.8
L000261,45.0,0.99879223,0.99913675,0.9995809,0.0003714752,4,0.2396566,2,0.4752971234820744,N/A,Review,0.8
L000261,46.0,0.9987004,0.998923,0.9995983,0.00026138537,4,0.3068093,2,0.5132243292103321,N/A,Review,0.8
L000261,47.0,0.99845946,0.99858105,0.9996153,0.00014936509,4,0.230153,1,0.433047376984783,N/A,Review,0.8
L000261,,0.99820113,0.9984187,0.9995777,0.0002151362,4,0.122156344,2,0.5377198272507269,N/A,Review,0.8
L000261,49.0,0.9985331,0.9993259,0.9994771,0.00015052693,4,0.12726365,0,0.37572211315052506,N/A,Review,0.8
L000261,50.0,0.99870884,0.9993211,0.99958915,0.0001225815,4,0.14730166,2,0.5124717470916726,N/A,Review,0.8
L000261,51.0,0.99877733,0.9992213,0.9995134,0.0004033441,4,0.19106382,2,0.5132825418686199,N/A,Review,0.8
L000261,52.0,0.99877983,0.9993394,0.999527,0.00037302973,4,0.35872796,2,0.6413467639865154,N/A,Review,0.8
L000261,53.0,0.9987835,0.99943334,0.99953747,0.00018414065,4,0.35036433,2,0.4948316620400974,N/A,Review,0.8
L000261,54.0,0.9986492,0.99926656,0.99958545,0.00015777981,4,0.61669433,2,0.5438743017064807,N/A,Review,0.8
L000261,55.0,0.9983481,0.99897385,0.9995353,0.00023405257,4,0.48178455,2,0.47837711102823866,N/A,Review,0.8
L000261,56.0,0.9984144,0.9991352,0.9995888,0.00015744347,4,0.7007025,3,0.5192013780336108,N/A,Review,0.8
L000261,57.0,0.9987961,0.9993925,0.99954695,0.0002002881,4,0.62985754,2,0.520620137008858,N/A,Review,0.8
L000261,58.0,0.9988269,0.99923587,0.999508,0.00030046853,4,0.514057,3,0.5182490818455725,N/A,Review,0.8
L000261,59.0,0.998787,0.99936205,0.99949193,0.00013834218,4,0.4784781,2,0.5443330920079339,N/A,Review,0.8
L000261,60.0,0.998741,0.9994746,0.9995778,7.276151e-05,4,0.20332068,2,0.4651782055054505,N/A,Review,0.8
L000261,61.0,0.9986261,0.9991725,0.99948055,0.00034155903,4,0.11245637,2,0.5919024741343379,N/A,Review,0.8
L000261,62.0,0.99855906,0.9992022,0.999466,0.00012491431,4,0.20785289,3,0.4757436224675766,N/A,Review,0.8
L000261,63.0,0.99877304,0.999241,0.999469,0.00014008657,4,0.09544605,2,0.6156170926706276,N/A,Review,0.8
L000261,64.0,0.9990227,0.99958724,0.999616,4.549404e-05,4,0.09223079,2,0.5196318933502074,N/A,Review,0.8
L000261,65.0,0.9987739,0.999308,0.99966276,9.241478e-05,4,0.27270252,2,0.566982719530498,N/A,Review,0.8
L000261,66.0,0.99888796,0.99925023,0.9996501,0.000113154725,4,0.12890753,2,0.6229289993169695,N/A,Review,0.8
L000261,67.0,0.9986998,0.99946934,0.9996275,7.5034106e-05,4,0.12325382,2,0.5958731778201569,N/A,Review,0.8
L000262,0.0,0.04269646,0.067411326,0.02077059,0.53577805,3,0.17701082,2,0.5856465603501408,N/A,Review,0.8
L000262,1.0,0.026820786,0.029598324,0.0403836,0.059959702,3,0.056965973,2,0.7178228682826546,N/A,Review,0.8
L000262,2.0,0.027435407,0.03018505,0.029116215,0.48432556,3,0.086316764,2,0.5723033082008935,N/A,Review,0.8
L000262,3.0,0.0251198,0.032565136,0.02970415,0.3972723,3,0.046744205,2,0.5341603428737708,N/A,Review,0.8
L000262,4.0,0.99665207,0.9961086,0.027043143,0.0011328943,0,0.04363654,2,0.5598890458612209,N/A,Review,0.8
L000262,5.0,0.997538,0.99754274,0.036498595,0.0010551789,0,0.11689912,2,0.5560689648341901,N/A,Review,0.8
L000262,6.0,0.9973002,0.99749064,0.040880833,0.0005559651,0,0.19436081,2,0.5515088037378626,N/A,Review,0.8
L000262,,0.9976185,0.9981634,0.0353719,0.00014832434,0,0.2757118,2,0.5590604717413645,N/A,Review,0.8
L000262,8.0,0.99788934,0.998574,0.018852595,0.00072918256,0,0.25227562,2,0.5385591289485953,N/A,Review,0.8
L000262,9.0,0.9976762,0.9988758,0.013865558,0.00041193486,0,0.27161607,2,0.45463251687727124,N/A,Review,0.8
L000262,10.0,0.03921421,0.110295095,0.019399038,0.4783222,3,0.35742477,2,0.48177742406062507,N/A,Review,0.8
L000262,11.0,0.03837194,0.104140885,0.0147095565,0.55596745,3,0.2559319,2,0.48066154260011046,N/A,Review,0.8
L000262,,0.062749304,0.1748788,0.036679495,0.3319795,3,0.23201902,2,0.5470518139103699,N/A,Review,0.8
L000262,13.0,0.035296045,0.06856439,0.030230638,0.6098264,3,0.45414606,2,0.5260487074702217,N/A,Review,0.8
L000262,14.0,0.03307149,0.064999424,0.040186606,0.24720456,3,0.330739,2,0.5005580946954797,N/A,Review,0.8
L000262,15.0,0.03493208,0.08497071,0.030575214,0.32243696,3,0.30181783,2,0.5267741143243921,N/A,Review,0.8
L000262,16.0,0.04046267,0.113156006,0.03024413,0.18003193,3,0.38209185,2,0.5152803846735038,N/A,Review,0.8
L000262,17.0,0.048357144,0.09420821,0.032546077,0.3957222,3,0.26336887,2,0.4925428793487595,N/A,Review,0.8
L000262,18.0,0.99746907,0.99790394,0.043687675,0.00087660836,0,0.4914884,2,0.5417929606623553,N/A,Review,0.8
L000262,19.0,0.9907526,0.99502677,0.9831346,0.00043656174,1,0.39384815,2,0.5329871040525497,N/A,Review,0.8
L000262,20.0,0.9966935,0.99563676,0.9903972,0.0004260407,1,0.3037365,2,0.49261994244475504,N/A,Review,0.8
L000262,21.0,0.96782076,0.98424995,0.94179165,0.0006343062,1,0.22699492,2,0.5399404553614416,N/A,Review,0.8
L000262,22.0,0.99748576,0.99812716,0.9937854,0.00024453618,1,0.22633278,2,0.5720766818556664,N/A,Review,0.8
L000262,23.0,0.997801,0.9983479,0.99688125,0.0001461817,1,0.23339406,2,0.5943433000083874,N/A,Review,0.8
L000262,24.0,0.9976927,0.99919957,0.99881136,9.131662e-05,2,0.2505923,2,0.5354321358925052,N/A,Review,0.8
L000262,25.0,0.99741924,0.9987104,0.99867237,0.00011062003,4,0.19986233,2,0.5872905211723113,N/A,Review,0.8
L000262,26.0,0.98761046,0.9984137,0.99398875,0.00071118795,4,0.23782982,2,0.6266617122016203,N/A,Review,0.8
L000262,27.0,0.9986972,0.9996954,0.9993711,7.909338e-05,4,0.19455563,2,0.6486472036738413,N/A,Review,0.8
L000262,28.0,0.9987662,0.99920624,0.9993069,0.00018239599,4,0.26695618,1,0.5481622929451326,N/A,Review,0.8
L000262,,0.99876666,0.99961084,0.99955744,9.771569e-05,4,0.10687434,2,0.6236205917836437,N/A,Review,0.8
L000262,30.0,0.9987974,0.9997782,0.9996331,8.430884e-05,4,0.14639477,2,0.5631439944440699,N/A,Review,0.8
L000262,31.0,0.9987704,0.9997793,0.9996376,8.787946e-05,4,0.08462922,2,0.5296987157706252,N/A,Review,0.8
L000262,32.0,0.9989442,0.9997831,0.9996189,0.00018631776,4,0.039821688,1,0.4590184592824881,N/A,Review,0.8
L000262,,0.99869245,0.99967647,0.99965644,0.00022279713,4,0.070856735,1,0.48375270878872023,N/A,Review,0.8
L000262,34.0,0.99809736,0.9995846,0.9997147,0.00034930618,4,0.23567118,1,0.5829917766584762,N/A,Review,0.8
L000262,35.0,0.99900705,0.99983,0.9996668,5.8790683e-05,4,0.17765181,1,0.5468803414047273,N/A,Review,0.8
L000262,36.0,0.9988594,0.9998498,0.99969923,2.6830185e-05,4,0.06528491,1,0.5610786477438643,N/A,Review,0.8
L000262,37.0,0.999059,0.99983704,0.99968064,3.8927992e-05,4,0.05881255,1,0.5363205376538159,N/A,Review,0.8
L000262,38.0,0.99887055,0.99984324,0.9996815,3.3553726e-05,4,0.16991001,1,0.5202717088880104,N/A,Review,0.8
L000262,39.0,0.99887055,0.99986017,0.9996815,3.1061838e-05,4,0.13814071,1,0.49193100759309427,N/A,Review,0.8
L000262,40.0,0.9992606,0.99978286,0.9996214,3.7926668e-05,4,0.070137836,0,0.568715658767539,N/A,Review,0.8
L000262,41.0,0.9991605,0.999816,0.99972004,3.4730863e-05,4,0.08024175,3,0.5364807748372126,N/A,Review,0.8
L000262,42.0,0.9990507,0.9998516,0.99966156,3.1399188e-05,4,0.08374386,3,0.5398276460013678,N/A,Review,0.8
L000262,,0.9989035,0.9997954,0.9996774,2.8888864e-05,4,0.050619557,2,0.5767331531858284,N/A,Review,0.8
L000262,44.0,0.9991093,0.9995765,0.99961203,9.22709e-05,4,0.0411033,2,0.43881517659276126,N/A,Review,0.8
L000262,45.0,0.9991698,0.9997856,0.999678,7.241389e-05,4,0.2058472,0,0.5991365619119269,N/A,Review,0.8
L000262,46.0,0.99916315,0.99981517,0.99966156,4.4380966e-05,4,0.06953265,0,0.5285904529185335,N/A,Review,0.8
L000262,47.0,0.9990577,0.99984086,0.9996884,2.929983e-05,4,0.044513922,0,0.6390372005874208,N/A,Review,0.8
L000267,0.0,0.018679459,0.027015993,0.014139206,0.2878183,3,0.47017023,0,0.5933315804407888,N/A,Review,0.8
L000267,1.0,0.024581082,0.031167354,0.03433793,0.769006,3,0.5986946,3,0.5517099987025218,N/A,Review,0.8
L000267,2.0,0.020385072,0.03890401,0.030075882,0.8181539,3,0.4100824,0,0.5668566554379904,N/A,Review,0.8
L000267,3.0,0.9950551,0.99524915,0.02611623,0.0013793218,0,0.19431785,0,0.5792067594974486,N/A,Review,0.8
L000267,4.0,0.99586004,0.9961383,0.029687092,0.00047365157,0,0.19406608,0,0.5733889269063838,N/A,Review,0.8
L000267,,0.9970234,0.9967991,0.028444901,0.0021434624,0,0.47561595,0,0.5531325590397644,N/A,Review,0.8
L000267,,0.9601776,0.94338727,0.047692083,0.0135119725,0,0.21261413,0,0.5652896626134705,N/A,Review,0.8
L000267,7.0,0.0193424,0.047831435,0.020067925,0.33618975,3,0.12698081,0,0.5193706628412682,N/A,Review,0.8
L000267,8.0,0.020642368,0.045750502,0.022186214,0.551095,3,0.16530025,0,0.5442935116302516,N/A,Review,0.8
L000267,9.0,0.020800993,0.056363143,0.021628113,0.48010007,3,0.31566408,0,0.5473376427542216,N/A,Review,0.8
L000267,10.0,0.020701366,0.05529614,0.03165097,0.5499473,3,0.53023547,0,0.678591162643077,N/A,Review,0.8
L000267,,0.9959265,0.99802965,0.03377378,0.00025824687,0,0.3275766,0,0.5098915091860581,N/A,Review,0.8
L000267,12.0,0.9959816,0.9969247,0.0310766,0.0007797517,0,0.20255636,0,0.5284283153964022,N/A,Review,0.8
L000267,13.0,0.9955094,0.9972203,0.027332276,0.0006571051,0,0.25306603,0,0.6680946456291175,N/A,Review,0.8
L000267,14.0,0.9942674,0.99410856,0.06511572,0.00030262498,0,0.22744717,0,0.47142468579147345,N/A,Review,0.8
L000267,15.0,0.9954657,0.9958364,0.024275929,0.0006761592,0,0.13643508,0,0.5070482430593838,N/A,Review,0.8
L000267,16.0,0.99727756,0.99519783,0.0349805,0.0005850833,0,0.24458058,0,0.5137054195271141,N/A,Review,0.8
L000267,17.0,0.9964302,0.9906149,0.04649579,0.0009635226,0,0.20948415,2,0.463951414749324,N/A,Review,0.8
L000267,,0.99789304,0.9942061,0.03396235,0.00090829976,0,0.2803025,0,0.47759367196104885,N/A,Review,0.8
L000267,19.0,0.9971968,0.9951373,0.02855175,0.00085190526,0,0.22512129,0,0.45234260834693363,N/A,Review,0.8
L000267,20.0,0.99740523,0.9950269,0.042073973,0.001277803,0,0.24005707,0,0.4644787163684895,N/A,Review,0.8
L000267,21.0,0.9970059,0.9949751,0.022911606,0.00068314513,0,0.2910735,0,0.47975998905632994,N/A,Review,0.8
L000267,22.0,0.031287607,0.014246961,0.01178395,0.6462241,3,0.3499202,0,0.48898769045639,N/A,Review,0.8
L000267,23.0,0.024667092,0.015761716,0.014141288,0.69159436,3,0.28559119,0,0.4646632431804239,N/A,Review,0.8
L000267,24.0,0.02291632,0.011225433,0.017003767,0.66548914,3,0.28739074,0,0.4943252095307167,N/A,Review,0.8
L000267,25.0,0.030281244,0.017550422,0.042217817,0.54756534,3,0.30144194,0,0.467572957438242,N/A,Review,0.8
L000267,26.0,0.015981019,0.017856857,0.0531357,0.39010158,3,0.30665872,0,0.5134358041708232,N/A,Review,0.8
L000267,27.0,0.021914987,0.019527756,0.042562146,0.73534626,3,0.23590651,0,0.46825774205215037,N/A,Review,0.8
L000267,28.0,0.026643837,0.029217416,0.04035142,0.7987024,3,0.17261672,0,0.4816034456200158,N/A,Review,0.8
L000267,29.0,0.048997737,0.066685446,0.079387635,0.73037815,3,0.21411575,0,0.4789382754894086,N/A,Review,0.8
L000267,,0.019335572,0.028125905,0.048258398,0.62159157,3,0.23308288,0,0.46213426049251916,N/A,Review,0.8
L000267,31.0,0.032008853,0.036199205,0.05401141,0.7177099,3,0.36555225,0,0.5025434882756447,N/A,Review,0.8
L000267,32.0,0.021522617,0.02895694,0.03493719,0.5185949,3,0.35909745,0,0.5457920163298073,N/A,Review,0.8
L000267,33.0,0.021672018,0.044630826,0.06439758,0.5441597,3,0.40310493,0,0.5317240847598821,N/A,Review,0.8
L000267,34.0,0.015564713,0.041829318,0.05501037,0.712371,3,0.32134378,3,0.5670220887671444,N/A,Review,0.8
L000267,35.0,0.013558475,0.05743322,0.06939025,0.5244854,3,0.28378558,0,0.6074050144989589,N/A,Review,0.8
L000267,36.0,0.026212618,0.049599327,0.054004952,0.4897263,3,0.23021917,0,0.594873191584468,N/A,Review,0.8
L000267,37.0,0.99537283,0.99662834,0.037920643,0.0013457823,0,0.11383595,0,0.5543671450007427,N/A,Review,0.8
L000267,38.0,0.9947069,0.9975128,0.03072533,0.0010894892,0,0.11714708,0,0.585104224679685,N/A,Review,0.8
L000267,39.0,0.9954217,0.9972499,0.05156515,0.0014171622,0,0.1938538,0,0.5959869346224689,N/A,Review,0.8
L000267,40.0,0.9961157,0.9986797,0.062278967,0.0004899718,0,0.046130333,0,0.5745452080473521,N/A,Review,0.8
L000267,41.0,0.9955419,0.9980388,0.040259734,0.0013636838,0,0.08200764,0,0.5536293867198241,N/A,Review,0.8
L000267,42.0,0.99656856,0.9985574,0.037144456,0.0006373106,0,0.12560548,0,0.668256320078717,N/A,Review,0.8
L000267,43.0,0.9976252,0.9988111,0.047993887,0.00013113517,0,0.16219011,0,0.5180390933237515,N/A,Review,0.8
L000267,44.0,0.99704653,0.9987669,0.04716009,0.00027873376,0,0.12143303,1,0.5205010799725355,N/A,Review,0.8
L000267,,0.99573946,0.9952989,0.034184802,0.0005870238,0,0.081199184,1,0.6056271028198477,N/A,Review,0.8
L000267,46.0,0.9820389,0.9881881,0.08922791,0.013181212,0,0.08975881,1,0.6396206268538235,N/A,Review,0.8
L000267,47.0,0.99775547,0.998754,0.052159242,0.00019859336,0,0.10451918,1,0.607629101822129,N/A,Review,0.8
L000267,48.0,0.9554939,0.98669493,0.035758708,0.000586523,0,0.037211984,1,0.4741190751343277,N/A,Review,0.8
L000267,49.0,0.99725443,0.99795794,0.06221954,0.0003021349,0,0.10943192,1,0.6900271725759575,N/A,Review,0.8
L000267,50.0,0.99759007,0.9981652,0.06221954,0.00028530677,0,0.12736255,1,0.6625842346006086,N/A,Review,0.8
L000267,51.0,0.99718285,0.99922895,0.053630486,9.719499e-05,0,0.033529826,1,0.598974436219552,N/A,Review,0.8
L000267,52.0,0.99750346,0.9984151,0.035374884,0.000245391,0,0.06822685,1,0.6817620139099126,N/A,Review,0.8
L000267,53.0,0.99552804,0.9984308,0.03180329,0.0005642941,0,0.14346844,3,0.7744634068818709,N/A,Review,0.8
L000267,54.0,0.994605,0.9948521,0.98116344,0.00084330497,1,0.14309847,0,0.6400267294379658,N/A,Review,0.8
L000267,55.0,0.99760735,0.997895,0.9989355,0.00026551518,2,0.16656245,2,0.5916715639205896,N/A,Review,0.8
L000267,56.0,0.99681634,0.9968918,0.9987984,0.00026151998,2,0.09671846,3,0.6931143425576292,N/A,Review,0.8
L000267,57.0,0.99803084,0.9972531,0.9985096,0.00038008814,2,0.19548461,3,0.6980428525751539,N/A,Review,0.8
L000267,58.0,0.9980507,0.9979886,0.9983736,0.00026319717,2,0.29555246,3,0.6849132799082904,N/A,Review,0.8
L000267,59.0,0.9980471,0.99732023,0.9989673,0.00017045342,2,0.39539632,3,0.7181052215234058,N/A,Review,0.8
L000267,60.0,0.9980629,0.99813485,0.9991967,0.00017748246,2,0.33558795,3,0.6410129894125527,N/A,Review,0.8
L000267,61.0,0.9985298,0.9992182,0.99934715,0.0003007121,4,0.2562958,3,0.9022114172311533,N/A,Review,0.8
L000267,62.0,0.99915266,0.99944407,0.99964166,8.574492e-05,4,0.17987753,3,0.6414450484173855,N/A,Review,0.8
L000267,,0.9987018,0.9983968,0.999551,0.00037557408,4,0.01764395,3,0.7868794775093367,N/A,Review,0.8
L000267,64.0,0.9992035,0.9988939,0.9995641,0.00022499677,4,0.22112256,3,0.7435312565573289,N/A,Review,0.8
L000267,65.0,0.99906117,0.9991866,0.9995536,0.00017827828,4,0.14807047,3,0.7434544679058497,N/A,Review,0.8
L000267,66.0,0.9992512,0.998615,0.9994418,0.00010132444,4,0.3966515,1,0.6994258256401117,N/A,Review,0.8
L000267,67.0,0.99900925,0.99934906,0.999546,0.00015172601,4,0.1261531,2,0.6664681952107359,N/A,Review,0.8
L000267,68.0,0.99909866,0.9992416,0.99954164,0.00018500669,4,0.36537954,3,0.810439500029329,N/A,Review,0.8
L000267,69.0,0.9990822,0.9991756,0.99952257,0.00017777225,4,0.21195793,3,0.8485935562853153,N/A,Review,0.8
L000267,70.0,0.9992099,0.9990833,0.9995721,0.0001422101,4,0.19291961,2,0.7136027687152116,N/A,Review,0.8
L000278,0.0,0.07354499,0.05228757,0.012831749,0.51568407,3,0.6435411,2,0.5880351608997613,N/A,Review,0.8
L000278,1.0,0.047073513,0.03933426,0.026467802,0.35362437,3,0.602138,2,0.4757772895849932,N/A,Review,0.8
L000278,2.0,0.03427621,0.0600727,0.017925963,0.70346844,3,0.42995986,2,0.4631434091425286,N/A,Review,0.8
L000278,3.0,0.04506579,0.040957857,0.014557713,0.811444,3,0.26595137,3,0.42789585455550605,N/A,Review,0.8
L000278,4.0,0.08335103,0.06376014,0.035040334,0.55282927,3,0.08484958,2,0.43569681668903665,N/A,Review,0.8
L000278,5.0,0.07734177,0.05228437,0.023028182,0.4300949,3,0.4231258,3,0.398815421973622,N/A,Review,0.8
L000278,6.0,0.048980463,0.03370213,0.02212496,0.5310078,3,0.22139923,2,0.384604039913393,N/A,Review,0.8
L000278,7.0,0.038928453,0.03411948,0.016461102,0.5993317,3,0.239676,2,0.3834438017007509,N/A,Review,0.8
L000278,8.0,0.03718635,0.04249119,0.023432003,0.4412193,3,0.2873607,2,0.3905950574006202,N/A,Review,0.8
L000278,9.0,0.030910028,0.040806055,0.029988851,0.47591949,3,0.60413337,0,0.3060729708003338,N/A,Review,0.8
L000278,10.0,0.03540658,0.03001639,0.021178845,0.3821625,3,0.5883342,2,0.3641427185065171,N/A,Review,0.8
L000278,11.0,0.072021864,0.052048586,0.033579174,0.35810924,3,0.35527655,3,0.5051846848207939,N/A,Review,0.8
L000278,,0.04452876,0.026401816,0.030309092,0.5392821,3,0.48492938,2,0.39805968312967344,N/A,Review,0.8
L000278,13.0,0.028354265,0.03502879,0.02048706,0.40698776,3,0.3138653,2,0.5315142758559082,N/A,Review,0.8
L000278,14.0,0.0324676,0.023108626,0.026067082,0.3253725,3,0.34098166,2,0.3531910801214474,N/A,Review,0.8
L000278,15.0,0.03385116,0.053614303,0.02171415,0.5237143,3,0.39816496,2,0.40721466636371934,N/A,Review,0.8
L000278,16.0,0.055481356,0.0464306,0.0483978,0.3390313,3,0.32645902,2,0.3140836840871906,N/A,Review,0.8
L000278,17.0,0.065872185,0.03703419,0.023038268,0.7354976,3,0.2535499,2,0.3491228505819821,N/A,Review,0.8
L000278,18.0,0.079664625,0.038873546,0.022050375,0.70728636,3,0.41290712,2,0.3670182983824149,N/A,Review,0.8
L000278,19.0,0.058767483,0.03548182,0.020414937,0.61792177,3,0.2878359,2,0.27,N/A,Review,0.8
L000278,20.0,0.091028966,0.028673671,0.05058343,0.42246518,3,0.24094433,2,0.3823709699647438,N/A,Review,0.8
L000278,21.0,0.9960758,0.9966827,0.019757656,0.0004785401,0,0.22813237,2,0.44352988469186927,N/A,Review,0.8
L000278,22.0,0.99695385,0.99575305,0.016643886,0.00041162575,0,0.19729173,2,0.39668715554005507,N/A,Review,0.8
L000278,23.0,0.9965581,0.9978962,0.020332074,0.00042786548,0,0.35584605,2,0.4520640615955115,N/A,Review,0.8
L000278,24.0,0.9979255,0.9986333,0.040801156,0.0015954679,0,0.42168778,2,0.5106370902759442,N/A,Review,0.8
L000278,25.0,0.955726,0.9708779,0.036222786,0.0059949374,0,0.3259278,2,0.37807162352444695,N/A,Review,0.8
L000278,,0.97362626,0.98398584,0.023569614,0.014548651,0,0.16754578,2,0.36934843382701893,N/A,Review,0.8
L000278,27.0,0.99788254,0.9966762,0.01912677,0.0021160669,0,0.2668454,2,0.38139850387116103,N/A,Review,0.8
L000278,28.0,0.07103264,0.034182772,0.020926159,0.8464519,3,0.16453898,2,0.339841934906136,N/A,Review,0.8
L000278,29.0,0.07887322,0.020162938,0.016682733,0.8710078,3,0.15934704,2,0.3727714602007891,N/A,Review,0.8
L000278,30.0,0.056189314,0.018868694,0.016286235,0.8015002,3,0.15168491,2,0.39396988432458363,N/A,Review,0.8
L000278,31.0,0.04609328,0.017612597,0.02370998,0.65500355,3,0.16105147,2,0.5501500599238012,N/A,Review,0.8
L000278,32.0,0.039853428,0.01907096,0.022448964,0.47869593,3,0.23618571,2,0.41210756674988763,N/A,Review,0.8
L000278,33.0,0.10958302,0.07675488,0.021319225,0.23114365,3,0.28613016,2,0.39282371240505365,N/A,Review,0.8
L000278,34.0,0.057935063,0.0559521,0.022388356,0.61174357,3,0.19600755,2,0.3725234557901771,N/A,Review,0.8
L000278,35.0,0.03353245,0.03548704,0.027911913,0.6950836,3,0.24486549,2,0.4292722264969042,N/A,Review,0.8
L000278,36.0,0.043131143,0.0622768,0.027073197,0.80794775,3,0.07461591,2,0.31609649027863473,N/A,Review,0.8
L000278,37.0,0.21139656,0.06791746,0.024810864,0.6121743,3,0.111242026,2,0.4155490054961084,N/A,Review,0.8
L000278,38.0,0.04220812,0.048015103,0.018767295,0.8573797,3,0.1546276,2,0.4271510363474059,N/A,Review,0.8
L000278,39.0,0.04536316,0.051837392,0.019418994,0.6782596,3,0.12529509,2,0.4119101790174971,N/A,Review,0.8
L000278,40.0,0.033832382,0.04960395,0.0312427,0.5174522,3,0.07676029,2,0.44410953665887976,N/A,Review,0.8
L000278,41.0,0.042029604,0.06726962,0.043229993,0.48440444,3,0.07706304,2,0.4526400171272347,N/A,Review,0.8
L000278,42.0,0.060431536,0.044246003,0.03722607,0.4502597,3,0.12358396,2,0.37328277185500525,N/A,Review,0.8
L000278,43.0,0.06604339,0.042847738,0.04093475,0.1853414,3,0.16561107,2,0.44562480498965357,N/A,Review,0.8
L000278,44.0,0.046571292,0.08324124,0.07851463,0.15625355,3,0.12052764,2,0.4752219893426399,N/A,Review,0.8
L000278,45.0,0.07335106,0.053949084,0.0671393,0.55131453,3,0.15098839,2,0.4705793865504666,N/A,Review,0.8
L000278,46.0,0.073233575,0.049754586,0.07614145,0.4833073,3,0.17264317,2,0.48031528471892826,N/A,Review,0.8
L000278,47.0,0.99798405,0.9964509,0.09339908,0.0017090556,0,0.16875437,0,0.4786123951179765,N/A,Review,0.8
L000279,0.0,0.06446901,0.102853015,0.031853497,0.90140885,3,0.29165426,1,0.4381862227891832,N/A,Review,0.8
L000279,1.0,0.048944537,0.08616202,0.05161724,0.36956468,3,0.1187284,0,0.4012660934674453,N/A,Review,0.8
L000279,2.0,0.9965121,0.99862075,0.06415767,0.00028413246,0,0.21664566,3,0.5664334993851966,N/A,Review,0.8
L000279,3.0,0.99734664,0.99799734,0.090224944,0.0005020155,0,0.13945551,2,0.4556969104821621,N/A,Review,0.8
L000279,4.0,0.997361,0.9989569,0.058752898,0.00041342858,0,0.07005297,2,0.4745256986584255,N/A,Review,0.8
L000279,5.0,0.9983053,0.998725,0.054333396,0.0023062397,0,0.4800093,2,0.42448528090000565,N/A,Review,0.8
L000279,6.0,0.99809736,0.99839056,0.0795633,0.0014717081,0,0.3891315,2,0.40767085812814385,N/A,Review,0.8
L000279,,0.9980586,0.9983412,0.044372942,0.0010109888,0,0.29076692,2,0.3998829178555604,N/A,Review,0.8
L000279,8.0,0.9965373,0.9974775,0.11521471,0.00049770164,0,0.27026838,2,0.38035755742143523,N/A,Review,0.8
L000279,9.0,0.9979881,0.9988721,0.05794242,0.00091580313,0,0.5934972,2,0.3309596716704287,N/A,Review,0.8
L000279,10.0,0.9972109,0.9987839,0.049806073,0.0008067922,0,0.6122287,2,0.40885592101313595,N/A,Review,0.8
L000279,11.0,0.9970906,0.9989467,0.04738255,0.00094831584,0,0.42345124,2,0.4145833637504578,N/A,Review,0.8
L000279,12.0,0.99425936,0.99561113,0.98957,0.0006363464,1,0.17789212,2,0.28420315302652155,N/A,Review,0.8
L000279,13.0,0.99573,0.99776447,0.99470454,0.0007486577,1,0.30691156,2,0.35588918991752516,N/A,Review,0.8
L000279,14.0,0.9947738,0.99731207,0.9964856,0.0006725323,1,0.31425852,2,0.3457748324739849,N/A,Review,0.8
L000279,,0.9957308,0.998181,0.9955949,0.0008558472,1,0.24440138,2,0.36991815562295843,N/A,Review,0.8
L000279,16.0,0.9953009,0.9981483,0.99413526,0.00046566848,1,0.26627094,2,0.3922548806882643,N/A,Review,0.8
L000279,17.0,0.9934187,0.9968817,0.9940919,0.0017179085,1,0.29272327,2,0.3590915411765919,N/A,Review,0.8
L000279,18.0,0.9965822,0.9985096,0.99889284,0.0013659924,2,0.23458596,0,0.3945621788812278,N/A,Review,0.8
L000279,,0.99694437,0.99682695,0.9986324,0.0008147016,2,0.17947353,2,0.4292856476761874,N/A,Review,0.8
L000279,20.0,0.9955043,0.99807847,0.99602675,0.0014013681,2,0.5251558,0,0.43559764061213274,N/A,Review,0.8
L000279,21.0,0.9966503,0.9983133,0.99903595,0.00042108647,2,0.40846267,0,0.3607524427735423,N/A,Review,0.8
L000279,22.0,0.99721414,0.9986111,0.9990884,0.0003618083,2,0.45075083,1,0.43886106692572296,N/A,Review,0.8
L000279,23.0,0.99765694,0.99914837,0.9993672,0.0019389377,4,0.10663017,1,0.5692287582379468,N/A,Review,0.8
L000279,24.0,0.9987595,0.99897265,0.9994318,0.00086366374,4,0.37066957,1,0.5086853348288358,N/A,Review,0.8
L000279,25.0,0.99864715,0.99932766,0.99941504,0.00038040153,4,0.09319638,1,0.5390308866869414,N/A,Review,0.8
L000279,26.0,0.99782985,0.9988519,0.99942005,0.0009325516,4,0.12858167,1,0.5522072838189194,N/A,Review,0.8
L000279,27.0,0.9984712,0.99948823,0.9994541,0.00069133326,4,0.11833273,0,0.5089337641289635,N/A,Review,0.8
L000279,28.0,0.9986903,0.9993018,0.9995115,0.0005168828,4,0.13002683,0,0.48540507943984235,N/A,Review,0.8
L000279,29.0,0.9985862,0.9990722,0.99943656,0.0008786002,4,0.22919253,0,0.4380753853888506,N/A,Review,0.8
L000279,30.0,0.9989519,0.9989417,0.9993845,0.00047714153,4,0.2015341,0,0.4929651890427488,N/A,Review,0.8
L000279,31.0,0.99880886,0.99931633,0.9995073,0.0005630903,4,0.08633573,0,0.45205935946545905,N/A,Review,0.8
L000279,32.0,0.99894387,0.9992483,0.99943584,0.0005142926,4,0.13856132,3,0.46559170379547876,N/A,Review,0.8
L000282,0.0,0.10444386,0.13901402,0.142152,0.4513493,3,0.21867251,2,0.49272165199999074,N/A,Review,0.8
L000282,1.0,0.32040608,0.11555853,0.14035656,0.9428632,3,0.11348973,2,0.43043229959230794,N/A,Review,0.8
L000282,2.0,0.12078665,0.21920498,0.08989871,0.808616,3,0.17196673,2,0.4532276956327242,N/A,Review,0.8
L000282,3.0,0.15030438,0.2033369,0.054803535,0.64006126,3,0.13129263,3,0.39037588219968455,N/A,Review,0.8
L000282,4.0,0.107542604,0.083526224,0.07226146,0.4917522,3,0.06232829,2,0.5747391564460318,N/A,Review,0.8
L000282,5.0,0.0956514,0.09579804,0.071832605,0.41887882,3,0.30897394,2,0.45050996567138046,N/A,Review,0.8
L000282,6.0,0.08057488,0.13273765,0.12025412,0.3449627,3,0.22561114,1,0.494304987510665,N/A,Review,0.8
L000282,7.0,0.99830604,0.9933547,0.071278416,0.0018111728,0,0.19648625,2,0.4477205819121247,N/A,Review,0.8
L000282,8.0,0.9982558,0.99700975,0.080012865,0.0013245379,0,0.22188452,2,0.4787270482824355,N/A,Review,0.8
L000282,9.0,0.99785596,0.9982493,0.061917745,0.0009600982,0,0.49590418,2,0.4481146425015238,N/A,Review,0.8
L000282,10.0,0.99817324,0.99779534,0.10129506,0.0010633224,0,0.38545316,2,0.43657156824144794,N/A,Review,0.8
L000282,11.0,0.99609107,0.99736553,0.9929443,0.0008774745,1,0.11972219,2,0.419607055758265,N/A,Review,0.8
L000282,12.0,0.9974896,0.99750715,0.99680007,0.0020875293,1,0.114258476,2,0.36733468262754476,N/A,Review,0.8
L000282,,0.9969074,0.9982876,0.9970229,0.0010613382,1,0.1400858,2,0.41677634382957546,N/A,Review,0.8
L000282,14.0,0.9977652,0.9975363,0.9983575,0.00079747854,1,0.1321475,2,0.42675289133582417,N/A,Review,0.8
L000282,15.0,0.99797255,0.99899644,0.9984475,0.0008014476,1,0.1582716,2,0.37642270862427535,N/A,Review,0.8
L000282,16.0,0.99836236,0.9991429,0.99936754,0.0002928187,2,0.08609653,2,0.40107789140642447,N/A,Review,0.8
L000282,,0.9982273,0.9994351,0.9993656,0.00039525537,2,0.07703834,2,0.418815329120395,N/A,Review,0.8
L000282,18.0,0.99822,0.9992261,0.99940073,0.00048276206,2,0.15421313,2,0.4125679343695857,N/A,Review,0.8
L000282,,0.9963307,0.9989562,0.99929035,0.0008260262,2,0.14152709,2,0.3994043144914974,N/A,Review,0.8
L000282,20.0,0.9978562,0.998623,0.9994135,0.00066118396,2,0.22285083,2,0.47799661897166046,N/A,Review,0.8
L000282,21.0,0.9979012,0.9994466,0.99944,0.00055076595,2,0.23825668,2,0.459109350593055,N/A,Review,0.8
L000282,22.0,0.9977507,0.9992506,0.9994949,0.0006958204,2,0.22127652,2,0.45821325938881347,N/A,Review,0.8
L000282,23.0,0.9982377,0.99895895,0.99946433,0.00078194676,2,0.3457102,2,0.4598056160643468,N/A,Review,0.8
L000282,24.0,0.998197,0.999288,0.9995097,0.00039886674,2,0.41109318,2,0.4748867729140002,N/A,Review,0.8
L000282,25.0,0.9981463,0.998514,0.9995202,0.0003385102,2,0.24116372,2,0.4705722876108903,N/A,Review,0.8
L000282,26.0,0.9974148,0.9993274,0.9995709,0.0009115683,4,0.074471645,2,0.5253628744543841,N/A,Review,0.8
L000282,27.0,0.99890935,0.9995431,0.9995994,0.00049584854,4,0.11989173,2,0.49691862176809765,N/A,Review,0.8
L000282,28.0,0.9989397,0.99951684,0.99959236,0.0004542473,4,0.029408732,2,0.6116873878838994,N/A,Review,0.8
L000282,29.0,0.9988298,0.9991436,0.9996147,0.00054951035,4,0.0510973,2,0.516891053243919,N/A,Review,0.8
L000282,30.0,0.99482524,0.99846905,0.99737,0.0010385024,4,0.09606525,2,0.4631780453249944,N/A,Review,0.8
L000282,31.0,0.99882835,0.9995179,0.9996195,0.0004029655,4,0.07476633,2,0.4815992723236825,N/A,Review,0.8
L000282,32.0,0.99871075,0.9996588,0.99960166,0.000299411,4,0.13006422,2,0.45513026151265035,N/A,Review,0.8
L000282,33.0,0.99911815,0.99949384,0.99961144,0.00030896132,4,0.19262913,0,0.4082678131501014,N/A,Review,0.8
L000282,34.0,0.9990619,0.9995359,0.9996594,0.00025959226,4,0.13046141,0,0.42375188475773834,N/A,Review,0.8
L000282,35.0,0.99892646,0.9995826,0.999627,0.0004163738,4,0.10174571,1,0.44310937747805235,N/A,Review,0.8
L000282,36.0,0.9991185,0.9996644,0.999608,0.00018597202,4,0.03447244,1,0.45476052568885744,N/A,Review,0.8
L000282,37.0,0.99914014,0.999587,0.99959093,0.0002096053,4,0.063367754,1,0.40125537534837347,N/A,Review,0.8
L000282,38.0,0.99899954,0.99958843,0.9996006,0.0002956218,4,0.09300723,1,0.3331990627993255,N/A,Review,0.8
L000282,39.0,0.99890506,0.9996062,0.9996412,0.00015717826,4,0.30131978,1,0.4443276248905125,N/A,Review,0.8
L000282,40.0,0.9989342,0.9997725,0.999635,0.00013184245,4,0.10909036,1,0.41480742642191415,N/A,Review,0.8
L000282,41.0,0.99918765,0.9996215,0.99960643,0.00016916847,4,0.12643251,1,0.3182707862488744,N/A,Review,0.8
L000282,,0.9988054,0.9994031,0.99960405,6.893456e-05,4,0.08324879,2,0.5278529080506011,N/A,Review,0.8
L000282,43.0,0.9992415,0.99962175,0.99960667,8.888245e-05,4,0.1466339,2,0.45389114527179475,N/A,Review,0.8
L000282,44.0,0.9991856,0.9996569,0.99960095,7.9646044e-05,4,0.0563705,0,0.46287522658862496,N/A,Review,0.8
L000282,,0.99883515,0.99959224,0.9995976,9.881453e-05,4,0.07373725,2,0.5322380014427461,N/A,Review,0.8
L000282,46.0,0.99926025,0.9995628,0.9995994,8.5486114e-05,4,0.17281196,2,0.4842113568237517,N/A,Review,0.8
L000282,,0.99823487,0.99943167,0.99949634,3.505466e-05,4,0.025165906,2,0.6308631730971583,N/A,Review,0.8
L000282,48.0,0.9992237,0.99963284,0.99958545,9.3119816e-05,4,0.13546708,2,0.44442116502004836,N/A,Review,0.8
L000282,49.0,0.99912983,0.9997205,0.99961555,7.252266e-05,4,0.04929556,0,0.5177057058356607,N/A,Review,0.8
L000282,50.0,0.99903786,0.9997787,0.99962115,7.359787e-05,4,0.03519206,0,0.47821273998574554,N/A,Review,0.8
L000282,,0.99846673,0.99962485,0.99953985,5.8388567e-05,4,0.025108848,2,0.5286588338114635,N/A,Review,0.8
L000282,52.0,0.9990126,0.9997689,0.9996519,6.1289684e-05,4,0.022401296,2,0.5541656744401797,N/A,Review,0.8
L000282,53.0,0.9992106,0.99971193,0.9995685,9.036308e-05,4,0.07877367,2,0.5263263649580023,N/A,Review,0.8
L000282,54.0,0.99921286,0.9996903,0.999571,9.051141e-05,4,0.07268829,1,0.5400194162236068,N/A,Review,0.8
L000282,55.0,0.99913687,0.99977,0.9995752,7.485929e-05,4,0.06653683,1,0.5600703237175128,N/A,Review,0.8
L000282,,0.99882096,0.9996213,0.99954104,8.097374e-05,4,0.026349658,2,0.5932396319281383,N/A,Review,0.8
L000282,57.0,0.9989188,0.99978834,0.9995566,4.72396e-05,4,0.014959412,1,0.5547508910629275,N/A,Review,0.8
L000282,58.0,0.9991153,0.9997923,0.99956363,5.9683538e-05,4,0.017969238,1,0.5641505975930337,N/A,Review,0.8
L000282,59.0,0.9992106,0.99971884,0.99956363,6.548243e-05,4,0.054375283,1,0.5708711006613043,N/A,Review,0.8
L000282,,0.99881387,0.99961925,0.99954045,9.602849e-05,4,0.053804073,1,0.5835241307143597,N/A,Review,0.8
L000282,61.0,0.99923754,0.9996619,0.9995571,0.00011000205,4,0.02618879,1,0.5379932686966602,N/A,Review,0.8
L000282,62.0,0.99907565,0.9996872,0.99953485,5.9797534e-05,4,0.013885171,1,0.6084197450006859,N/A,Review,0.8
L000282,63.0,0.9991547,0.99970895,0.99955875,5.200962e-05,4,0.012580298,1,0.5501529991894369,N/A,Review,0.8
L000282,64.0,0.99914765,0.99979395,0.99955434,5.2192954e-05,4,0.01830839,1,0.6403418389127362,N/A,Review,0.8
L000282,65.0,0.9991032,0.9997166,0.99958414,9.888316e-05,4,0.082074195,1,0.6350451503255861,N/A,Review,0.8
L000282,66.0,0.9989918,0.99961394,0.9995221,6.0455302e-05,4,0.035062853,2,0.7485861821284506,N/A,Review,0.8
L000282,67.0,0.9992106,0.99971205,0.9995517,6.2080384e-05,4,0.031913083,1,0.6097709650610645,N/A,Review,0.8
L000287,0.0,0.12630081,0.055384833,0.19285452,0.39734367,3,0.07572798,3,0.524340428568157,N/A,Review,0.8
L000287,1.0,0.16843283,0.098588526,0.11307925,0.10933717,0,0.040412296,3,0.7730326754105035,N/A,Review,0.8
L000287,2.0,0.102775946,0.09819186,0.0862177,0.37732813,3,0.13355812,3,0.5501314141350436,N/A,Review,0.8
L000287,3.0,0.12764888,0.09386742,0.083463736,0.4020721,3,0.06500491,3,0.48197328965691255,N/A,Review,0.8
L000287,4.0,0.07151962,0.1563584,0.08930016,0.12659888,3,0.072611734,3,0.5168225705103453,N/A,Review,0.8
L000287,5.0,0.16934417,0.103117175,0.08952438,0.6127642,3,0.20289713,3,0.49581882463779603,N/A,Review,0.8
L000287,6.0,0.16322029,0.084453054,0.10932374,0.055167753,3,0.14715043,1,0.5322636251880718,N/A,Review,0.8
L000287,7.0,0.16136183,0.14934593,0.09415811,0.109963916,3,0.21498941,2,0.43092527120506274,N/A,Review,0.8
L000287,8.0,0.2121916,0.09487482,0.065077096,0.15169178,3,0.35814565,1,0.5216233545262836,N/A,Review,0.8
L000287,9.0,0.9971752,0.996795,0.03651453,0.0003482769,0,0.60032314,3,0.5218578361419346,N/A,Review,0.8
L000287,10.0,0.99331206,0.99256915,0.9911481,0.00066078774,1,0.39462405,3,0.5724570283703441,N/A,Review,0.8
L000287,11.0,0.9965424,0.9959031,0.9929535,0.0002710342,1,0.17813432,3,0.5723892730492184,N/A,Review,0.8
L000287,12.0,0.99785304,0.9962425,0.9903972,0.00022511114,1,0.07369924,3,0.5942743560150369,N/A,Review,0.8
L000287,13.0,0.99807835,0.9978782,0.9944272,0.00011830732,1,0.14310366,3,0.61755926967961,N/A,Review,0.8
L000287,14.0,0.9982539,0.9975949,0.9981408,7.361359e-05,1,0.12340926,0,0.547095290310159,N/A,Review,0.8
L000287,15.0,0.9984125,0.99919444,0.9992306,0.0001414417,2,0.1151297,0,0.5616313611688618,N/A,Review,0.8
L000287,16.0,0.99867886,0.99907494,0.99898595,8.725777e-05,2,0.102253966,0,0.5158425290008417,N/A,Review,0.8
L000287,17.0,0.99893326,0.99940526,0.99926966,0.00011175033,4,0.100556634,0,0.6481848987308083,N/A,Review,0.8
L000287,18.0,0.99923503,0.9994331,0.9995603,0.00010897493,4,0.10125459,0,0.70856881873563,N/A,Review,0.8
L000287,19.0,0.9992368,0.99930966,0.9995128,0.0003023775,4,0.08248351,3,0.7845823229276034,N/A,Review,0.8
L000287,20.0,0.999183,0.99927956,0.9996024,0.0002849721,4,0.1294901,3,0.6247619088222565,N/A,Review,0.8
L000287,21.0,0.9992411,0.9992975,0.999549,0.00027125754,4,0.049638502,1,0.6349528255697341,N/A,Review,0.8
L000287,22.0,0.9993017,0.9996747,0.999406,0.00036434736,4,0.10095602,1,0.6039129963316349,N/A,Review,0.8
L000287,23.0,0.9989888,0.99917954,0.99948764,0.00028273702,4,0.15812637,0,0.5123255242090325,N/A,Review,0.8
L000287,24.0,0.9990349,0.99924326,0.9995285,0.00027149194,4,0.34836227,0,0.4638540894716568,N/A,Review,0.8
L000287,25.0,0.99902225,0.99920267,0.9996786,0.0005504516,4,0.25502196,3,0.49213134179133466,N/A,Review,0.8
L000287,26.0,0.99879587,0.9990664,0.99957055,0.00030645015,4,0.14742264,3,0.5708000206407704,N/A,Review,0.8
L000287,27.0,0.9991247,0.9992804,0.9995858,0.00032076702,4,0.10099767,3,0.5822835210176136,N/A,Review,0.8
L000287,28.0,0.99906737,0.9992937,0.9995827,0.00030633886,4,0.111164756,3,0.5236015477502289,N/A,Review,0.8
L000287,29.0,0.999209,0.99956506,0.99956304,0.00040833378,4,0.16717954,0,0.5155824541582974,N/A,Review,0.8
L000287,30.0,0.9992393,0.99916947,0.9996061,0.00023204146,4,0.23692691,3,0.451117504429026,N/A,Review,0.8
L000287,31.0,0.9993975,0.9991154,0.9996208,0.00017707002,4,0.22549626,1,0.4960836021008973,N/A,Review,0.8
L000287,32.0,0.9992052,0.9996412,0.99964416,0.0002714073,4,0.36118972,3,0.4897502482590106,N/A,Review,0.8
L000287,33.0,0.9988545,0.9994586,0.9996625,0.0002164136,4,0.30452377,0,0.41377162010041535,N/A,Review,0.8
L000287,34.0,0.99922466,0.9993382,0.99958473,0.00016367433,4,0.35370806,1,0.48544078546635827,N/A,Review,0.8
L000287,35.0,0.99911624,0.9994097,0.99957734,0.000105909094,4,0.37947303,3,0.54201463583711,N/A,Review,0.8
L000287,,0.998784,0.9990614,0.9995621,7.1286195e-05,4,0.411057,0,0.5328194545119687,N/A,Review,0.8
L000287,37.0,0.99934536,0.9995378,0.9995474,3.8305967e-05,4,0.39072406,0,0.47159198212824227,N/A,Review,0.8
L000287,38.0,0.99894375,0.9994192,0.99968076,0.00010297174,4,0.46403858,3,0.472620612822491,N/A,Review,0.8
L000287,39.0,0.9993299,0.999519,0.999549,6.417202e-05,4,0.35434508,0,0.5144913502544464,N/A,Review,0.8
L000287,40.0,0.99926955,0.9995283,0.9995371,7.978097e-05,4,0.29923698,0,0.505216037043635,N/A,Review,0.8
L000287,41.0,0.9994393,0.99965155,0.9996061,7.568634e-05,4,0.44167337,0,0.48643786986614634,N/A,Review,0.8
L000287,42.0,0.9994672,0.9996455,0.99963534,0.00019362167,4,0.42387816,0,0.5041647927741278,N/A,Review,0.8
L000287,43.0,0.99930334,0.9995104,0.99958926,4.8449856e-05,4,0.3233085,1,0.48020793282596164,N/A,Review,0.8
L000287,44.0,0.99939954,0.9995441,0.9996238,4.3910728e-05,4,0.3192712,0,0.5269274754870179,N/A,Review,0.8
L000287,45.0,0.9993687,0.99951935,0.99963,7.326769e-05,4,0.35650826,0,0.51823578931832,N/A,Review,0.8
L000287,46.0,0.99703705,0.99888676,0.99757975,0.00015734546,4,0.3230641,0,0.5395892612831721,N/A,Review,0.8
L000287,47.0,0.9992574,0.99952686,0.99960667,6.791174e-05,4,0.32024473,0,0.5294617915480543,N/A,Review,0.8
L000287,48.0,0.99928385,0.9995285,0.99960667,7.4794996e-05,4,0.47799176,0,0.5184344879326586,N/A,Review,0.8
L000287,49.0,0.99928385,0.9996069,0.99960667,6.8437614e-05,4,0.41894087,0,0.519278822802175,N/A,Review,0.8
L000287,50.0,0.999526,0.9996747,0.99961144,0.00010079529,4,0.30110788,0,0.550857782480352,N/A,Review,0.8
L000287,51.0,0.9991229,0.9996063,0.99957937,8.518486e-05,4,0.12613803,0,0.6026358409509109,N/A,Review,0.8
L000287,52.0,0.9992944,0.9994704,0.9995728,7.071523e-05,4,0.079568796,3,0.7088015173973056,N/A,Review,0.8
L000287,53.0,0.99919134,0.99939775,0.99959964,7.582077e-05,4,0.14072493,3,0.5444245614114036,N/A,Review,0.8
L000287,54.0,0.99931324,0.99952257,0.99960786,0.00012983718,4,0.09028174,3,0.5921002246816511,N/A,Review,0.8
L000287,55.0,0.99911934,0.99928087,0.9994955,5.574568e-05,4,0.33501938,1,0.5334934972005285,N/A,Review,0.8
L000287,56.0,0.99934703,0.9994791,0.99966574,0.00025054745,4,0.39091924,3,0.5209369206849859,N/A,Review,0.8
L000287,57.0,0.99933416,0.9994531,0.999647,0.00010272332,4,0.14239734,3,0.5610992936878938,N/A,Review,0.8
L000287,58.0,0.9993845,0.99949634,0.999589,0.00020116734,4,0.15369698,3,0.7053257423963522,N/A,Review,0.8
L000287,59.0,0.99929404,0.9993598,0.9995915,2.2839691e-05,4,0.07599001,1,0.5670032910848588,N/A,Review,0.8
L000287,60.0,0.99902654,0.99960583,0.99964595,5.5609384e-05,4,0.13934296,3,0.5919905435023168,N/A,Review,0.8
L000287,61.0,0.99945456,0.9996171,0.9996338,0.00012198811,4,0.101944245,1,0.5839156351883226,N/A,Review,0.8
L000287,62.0,0.9995066,0.99958485,0.9996408,0.00016318967,4,0.105974376,3,0.5777917819040865,N/A,Review,0.8
L000287,63.0,0.99946433,0.9995055,0.9996458,0.0001487315,4,0.13538091,1,0.525541957039903,N/A,Review,0.8
L000287,64.0,0.99944025,0.99956626,0.999648,0.00013570882,4,0.10184214,3,0.5700673450664453,N/A,Review,0.8
L000287,65.0,0.99941015,0.999448,0.9996455,0.00012477847,4,0.10662679,3,0.6718694843611317,N/A,Review,0.8
L000293,0.0,0.028248195,0.072944485,0.06607327,0.35677862,3,0.43345842,0,0.6265996060711396,N/A,Review,0.8
L000293,1.0,0.022082021,0.04820015,0.04500559,0.33611777,3,0.2475703,0,0.4956272583164969,N/A,Review,0.8
L000293,2.0,0.026891021,0.025771806,0.044725537,0.19665547,3,0.63710624,3,0.5005029819156382,N/A,Review,0.8
L000293,3.0,0.026649304,0.020133844,0.028559731,0.32135403,3,0.5622305,3,0.4580919261946237,N/A,Review,0.8
L000293,4.0,0.022571256,0.03447997,0.04040088,0.3646555,3,0.32823431,3,0.4802661635988767,N/A,Review,0.8
L000293,5.0,0.03126736,0.03262936,0.04111021,0.2621887,3,0.29851457,3,0.454207907589025,N/A,Review,0.8
L000293,6.0,0.033948045,0.028765831,0.034663,0.13434723,3,0.26979858,0,0.4700834284410613,N/A,Review,0.8
L000293,7.0,0.033454277,0.018351968,0.03725588,0.17429067,3,0.22918366,1,0.4485471788625591,N/A,Review,0.8
L000293,8.0,0.02852928,0.019429948,0.039945524,0.25538749,3,0.34895933,0,0.4422789362888365,N/A,Review,0.8
L000293,9.0,0.032175764,0.036429655,0.020859264,0.06298223,3,0.33299008,0,0.4324775837167777,N/A,Review,0.8
L000293,10.0,0.017593771,0.02787826,0.027765263,0.2623704,3,0.19890748,0,0.46488547628268073,N/A,Review,0.8
L000293,11.0,0.026785329,0.044217017,0.026857484,0.1455518,3,0.15752223,0,0.447080236136885,N/A,Review,0.8
L000293,12.0,0.05340133,0.07269104,0.034860007,0.32889947,3,0.05446001,0,0.4950564364348265,N/A,Review,0.8
L000293,13.0,0.049848467,0.022355508,0.02823138,0.21505158,3,0.14517179,0,0.4325793433998127,N/A,Review,0.8
L000293,14.0,0.9958683,0.99192786,0.03623838,0.00041514795,0,0.1439633,3,0.5130166050783651,N/A,Review,0.8
L000293,15.0,0.99627715,0.9968407,0.026239995,0.00032982146,0,0.16801295,0,0.5095228547979693,N/A,Review,0.8
L000293,16.0,0.031974506,0.049372323,0.066797286,0.17037764,3,0.17263515,0,0.4822446975504041,N/A,Review,0.8
L000293,17.0,0.034872975,0.04384169,0.047804717,0.42617115,3,0.09078436,0,0.45836941656755326,N/A,Review,0.8
L000293,18.0,0.16104704,0.2285672,0.09273399,0.06360728,3,0.12617508,0,0.3878840099397035,N/A,Review,0.8
L000293,19.0,0.051412035,0.035183575,0.05217927,0.12068391,3,0.12657024,0,0.43151331632835077,N/A,Review,0.8
L000293,20.0,0.03691237,0.029491771,0.044850007,0.50662035,3,0.14740424,0,0.4393233896390852,N/A,Review,0.8
L000293,21.0,0.028385483,0.0291758,0.040728904,0.6043474,3,0.1553374,0,0.4224287687239724,N/A,Review,0.8
L000293,22.0,0.027333044,0.017500011,0.049327493,0.70246154,3,0.1453939,0,0.43385328632609,N/A,Review,0.8
L000293,23.0,0.023286643,0.021245439,0.04219094,0.6269597,3,0.10146574,0,0.4439596285822973,N/A,Review,0.8
L000293,24.0,0.03212336,0.019642144,0.0560802,0.72865003,3,0.13546893,0,0.43036114998994063,N/A,Review,0.8
L000293,25.0,0.03701962,0.015491075,0.061171263,0.7096103,3,0.17277928,0,0.43088123584039884,N/A,Review,0.8
L000293,26.0,0.9959235,0.9959472,0.06063631,0.0015597615,0,0.08605711,3,0.5122159723158753,N/A,Review,0.8
L000293,27.0,0.9956874,0.9977943,0.029872704,0.0011137059,0,0.11297498,0,0.4283835382729251,N/A,Review,0.8
L000293,28.0,0.9967269,0.9978116,0.040911235,0.0011211903,0,0.09032223,0,0.5123204354412327,N/A,Review,0.8
L000293,29.0,0.99746156,0.997417,0.040120076,0.00086953264,0,0.06386373,0,0.4973932405477851,N/A,Review,0.8
L000293,30.0,0.9967244,0.9971239,0.021237453,0.00066915626,0,0.113396786,0,0.5024771217755728,N/A,Review,0.8
L000293,31.0,0.99752325,0.9968567,0.019435553,0.00034823938,0,0.1164875,3,0.49602668701348895,N/A,Review,0.8
L000293,32.0,0.99721956,0.9946849,0.033344276,0.00066314125,0,0.16055779,3,0.5497794787297317,N/A,Review,0.8
L000293,33.0,0.99713135,0.9970565,0.033236988,0.0002538561,0,0.30760592,3,0.4623957492184571,N/A,Review,0.8
L000293,34.0,0.9976731,0.99439806,0.03265573,0.0005271934,0,0.20660716,3,0.487729408856632,N/A,Review,0.8
L000293,35.0,0.012378257,0.021996867,0.034855567,0.51522756,3,0.18549626,1,0.3656374788391918,N/A,Review,0.8
L000293,36.0,0.025218688,0.01661822,0.040800497,0.53747314,3,0.13785253,0,0.5197856944612383,N/A,Review,0.8
L000293,37.0,0.015517352,0.025549337,0.05003375,0.28962493,3,0.10546963,3,0.593666393523165,N/A,Review,0.8
L000293,38.0,0.017954445,0.023272645,0.05597839,0.49439982,3,0.08279419,0,0.5499393650708267,N/A,Review,0.8
L000293,39.0,0.014994677,0.0155321825,0.07420272,0.43831727,3,0.1100625,0,0.5373200662937153,N/A,Review,0.8
L000293,40.0,0.02276961,0.015879335,0.044159506,0.2520754,3,0.02836868,1,0.5188484721665222,N/A,Review,0.8
L000293,41.0,0.052452866,0.04109182,0.079229906,0.082192376,3,0.032364164,0,0.48315456554854175,N/A,Review,0.8
L000293,42.0,0.01991575,0.012211341,0.08096836,0.5369031,3,0.051856194,0,0.5465927799479477,N/A,Review,0.8
L000293,,0.01184007,0.012772619,0.053886827,0.18224895,3,0.044548497,0,0.5543174939762352,N/A,Review,0.8
L000293,44.0,0.018216955,0.014697107,0.079695426,0.32847273,3,0.086900495,0,0.4728928146709124,N/A,Review,0.8
L000293,45.0,0.033903603,0.012055103,0.043548126,0.39758494,3,0.12898615,0,0.4647824352849793,N/A,Review,0.8
L000293,46.0,0.022489632,0.0122039635,0.037408337,0.19675422,3,0.11073766,0,0.5347645175933267,N/A,Review,0.8
L000293,47.0,0.99710053,0.9936645,0.0644474,0.00022005805,0,0.1417774,0,0.5865684292426061,N/A,Review,0.8
L000293,48.0,0.023828013,0.031564645,0.042210493,0.06958614,3,0.1004141,0,0.5111606415316683,N/A,Review,0.8
L000293,49.0,0.02714138,0.02345262,0.08271164,0.09764101,3,0.1167692,0,0.539972421886452,N/A,Review,0.8
L000293,50.0,0.023461642,0.03566862,0.086568214,0.0886548,3,0.09083792,0,0.5803070008648432,N/A,Review,0.8
L000293,51.0,0.99672997,0.99726486,0.08569493,0.0004775465,0,0.08107742,0,0.6373498370511064,N/A,Review,0.8
L000293,52.0,0.99064296,0.9921908,0.99206936,0.00077928446,1,0.060196213,0,0.6267656051379052,N/A,Review,0.8
L000293,53.0,0.9957326,0.9963104,0.99473816,0.0005118796,1,0.07948459,2,0.6113564742432871,N/A,Review,0.8
L000293,54.0,0.99801123,0.99641824,0.9946544,0.0005740851,1,0.08291197,2,0.712816298782404,N/A,Review,0.8
L000293,55.0,0.99716586,0.99717903,0.9959264,0.00030528402,1,0.14610001,1,0.6876062365691522,N/A,Review,0.8
L000293,56.0,0.99797684,0.9973437,0.99741745,0.00016284025,1,0.17975174,0,0.5385972778649049,N/A,Review,0.8
L000293,57.0,0.99719834,0.99744713,0.9964013,0.00018572393,1,0.13091885,1,0.625457200186057,N/A,Review,0.8
L000293,58.0,0.9974172,0.99682873,0.99618536,0.00024027741,1,0.28969085,1,0.689084109751614,N/A,Review,0.8
L000293,59.0,0.9967018,0.99720687,0.9964953,0.00040198237,1,0.22457106,2,0.7469550364458984,N/A,Review,0.8
L000293,,0.9946103,0.9964057,0.9961094,0.00040227332,1,0.16255137,2,0.6925348751489239,N/A,Review,0.8
L000293,61.0,0.9966922,0.9974457,0.99628484,0.00040761026,1,0.24696451,2,0.6724980336503958,N/A,Review,0.8
L000293,62.0,0.03018604,0.029258613,0.102542385,0.07408964,3,0.11582766,2,0.7223980732155011,N/A,Review,0.8
L000293,63.0,0.03699661,0.01820677,0.08288172,0.034436915,3,0.12513988,2,0.8072839714575664,N/A,Review,0.8
L000293,64.0,0.035761327,0.02454021,0.06493952,0.055999443,3,0.07179844,2,0.7968180111899239,N/A,Review,0.8
L000293,65.0,0.08044783,0.11827787,0.050559554,0.0020224277,0,0.012561198,0,0.6779687900911707,N/A,Review,0.8
L000293,66.0,0.061087616,0.11685052,0.054964334,0.0029023795,3,0.03626071,2,0.7705804487976379,N/A,Review,0.8
L000308,0.0,0.082149565,0.07451178,0.02060471,0.69807476,3,0.6859867,2,0.48906332826178844,N/A,Review,0.8
L000308,1.0,0.06417172,0.04327706,0.030546106,0.45717713,3,0.33760193,2,0.41464329096362224,N/A,Review,0.8
L000308,,0.08375184,0.057466775,0.03810822,0.69497913,3,0.5807086,2,0.43167305437539016,N/A,Review,0.8
L000308,3.0,0.11300941,0.073401034,0.031972416,0.85396785,3,0.24886742,3,0.33316137197382356,N/A,Review,0.8
L000308,4.0,0.050499365,0.06163171,0.017284002,0.8238296,3,0.1867128,3,0.38519560977134054,N/A,Review,0.8
L000308,5.0,0.054599904,0.05748534,0.019660508,0.82954305,3,0.5312283,2,0.34726328518343785,N/A,Review,0.8
L000308,6.0,0.046934567,0.062141873,0.05056647,0.61820585,3,0.4318513,2,0.32316807029309785,N/A,Review,0.8
L000308,7.0,0.03583841,0.01951466,0.022771144,0.56952447,3,0.26913688,2,0.3268869626592195,N/A,Review,0.8
L000308,8.0,0.048217557,0.07379406,0.020489397,0.54181993,3,0.31918576,2,0.26958543465058804,N/A,Review,0.8
L000308,,0.07300018,0.032022435,0.028959736,0.593686,3,0.6495041,2,0.3595265525158922,N/A,Review,0.8
L000308,10.0,0.051967185,0.050347675,0.028139012,0.6476781,3,0.5685908,2,0.36199596972448067,N/A,Review,0.8
L000308,11.0,0.08578326,0.07224249,0.039654844,0.5655968,3,0.44353032,2,0.3111351661099908,N/A,Review,0.8
L000308,12.0,0.048010502,0.041899398,0.02110825,0.6901419,3,0.39728817,2,0.3396721906844201,N/A,Review,0.8
L000308,13.0,0.050180588,0.07313298,0.024067538,0.79260254,3,0.4101811,2,0.34414979322798617,N/A,Review,0.8
L000308,14.0,0.040373657,0.07292816,0.020067723,0.03805978,3,0.4473237,2,0.342301586267557,N/A,Review,0.8
L000308,15.0,0.05127226,0.08002743,0.02679409,0.6950666,3,0.53032315,2,0.37739660329403857,N/A,Review,0.8
L000308,16.0,0.05357609,0.0883412,0.023727516,0.4714387,3,0.5071349,2,0.3924938571214944,N/A,Review,0.8
L000308,17.0,0.9975425,0.9962057,0.027862344,0.0008896738,0,0.30519482,2,0.3994550366133401,N/A,Review,0.8
L000308,18.0,0.9983352,0.99698895,0.026986536,0.00092534744,0,0.24307445,2,0.399139401450193,N/A,Review,0.8
L000308,19.0,0.99831295,0.997682,0.034343876,0.001125756,0,0.54297286,2,0.42384739024575974,N/A,Review,0.8
L000308,20.0,0.9982981,0.99866784,0.028124724,0.0008192644,0,0.5855168,2,0.33694133517173963,N/A,Review,0.8
L000308,21.0,0.9955043,0.9981667,0.050432093,0.0003830896,0,0.27931076,2,0.3678240852300625,N/A,Review,0.8
L000308,22.0,0.9982711,0.9987079,0.020915084,0.00074583566,0,0.22515884,2,0.3604394647942981,N/A,Review,0.8
L000308,23.0,0.9983854,0.99808013,0.02001743,0.0010740652,0,0.33696523,2,0.3532019056729551,N/A,Review,0.8
L000308,24.0,0.99850625,0.99860364,0.019639082,0.0017223327,0,0.42256555,2,0.36523171146844796,N/A,Review,0.8
L000308,25.0,0.998676,0.99784946,0.030053979,0.0022652217,0,0.35925597,2,0.3853799359255698,N/A,Review,0.8
L000308,26.0,0.99776864,0.99807286,0.024719466,0.0029409942,0,0.2611451,2,0.2906778454157237,N/A,Review,0.8
L000308,27.0,0.9977836,0.9970325,0.02466684,0.0032572174,0,0.22664039,2,0.3678578519707969,N/A,Review,0.8
L000308,28.0,0.9979208,0.9976406,0.023062486,0.002366178,0,0.28835374,2,0.32062441605849934,N/A,Review,0.8
L000308,29.0,0.99775875,0.99848074,0.049823754,0.001051101,0,0.26876342,2,0.5074052830331086,N/A,Review,0.8
L000308,30.0,0.9958966,0.9953982,0.9842366,0.0014679903,1,0.31619802,2,0.37700827980812945,N/A,Review,0.8
L000308,31.0,0.9973941,0.99560094,0.9943757,0.0020411983,1,0.22889005,2,0.31854966541584234,N/A,Review,0.8
L000308,32.0,0.9966306,0.99506444,0.9935261,0.0017491706,1,0.15986545,2,0.36888215635908456,N/A,Review,0.8
L000308,33.0,0.9971204,0.9961134,0.99638534,0.0013428605,1,0.23808733,2,0.37757599330001224,N/A,Review,0.8
L000308,34.0,0.9971462,0.99720275,0.9961816,0.001226913,1,0.23902251,2,0.4240168059995608,N/A,Review,0.8
L000308,35.0,0.9966131,0.9972203,0.996329,0.0015557078,1,0.1245944,2,0.4648607679969846,N/A,Review,0.8
L000308,36.0,0.9959907,0.9971425,0.99409866,0.0011782814,1,0.18449639,2,0.41250495230561335,N/A,Review,0.8
L000314,0.0,0.019221926,0.058503374,0.042254332,0.5231231,3,0.42924434,0,0.5687993984441341,N/A,Review,0.8
L000314,1.0,0.026571503,0.069205955,0.0973796,0.4647246,3,0.13526782,0,0.5104977511562259,N/A,Review,0.8
L000314,2.0,0.014711802,0.05348585,0.045658384,0.49251696,3,0.1762188,3,0.42361643588302034,N/A,Review,0.8
L000314,3.0,0.022858134,0.026952863,0.0425112,0.69722646,3,0.3387007,3,0.42791825739286027,N/A,Review,0.8
L000314,4.0,0.022941632,0.039259505,0.036313277,0.76512605,3,0.19053379,3,0.4157820412488142,N/A,Review,0.8
L000314,5.0,0.026834093,0.052184764,0.037504,0.8654224,3,0.34073067,3,0.3645352776703995,N/A,Review,0.8
L000314,6.0,0.024473358,0.03854082,0.045488473,0.6912344,3,0.24939498,0,0.38399784757397254,N/A,Review,0.8
L000314,7.0,0.017047474,0.048255894,0.043325886,0.5821054,3,0.22889625,0,0.41180850903149724,N/A,Review,0.8
L000314,,0.047171585,0.050845347,0.042789597,0.6474462,3,0.2048913,0,0.407712924443532,N/A,Review,0.8
L000314,9.0,0.019428607,0.06284728,0.03995354,0.36507007,3,0.6503137,3,0.3646882454050351,N/A,Review,0.8
L000314,10.0,0.020752555,0.09828115,0.028668752,0.38901776,3,0.38806948,0,0.3729903123055136,N/A,Review,0.8
L000314,11.0,0.018234074,0.041111127,0.031493578,0.63467497,3,0.6036775,0,0.3529158551636966,N/A,Review,0.8
L000314,12.0,0.032798618,0.07438946,0.044352572,0.83190984,3,0.34808177,2,0.4332209521478775,N/A,Review,0.8
L000314,13.0,0.023024185,0.054082055,0.030340744,0.67632264,3,0.4039903,0,0.39057752621009845,N/A,Review,0.8
L000314,14.0,0.02201466,0.037615247,0.035066776,0.4535638,3,0.4553906,0,0.36893067904331367,N/A,Review,0.8
L000314,15.0,0.02461499,0.049256425,0.03396184,0.5894563,3,0.48097733,0,0.36800061724309674,N/A,Review,0.8
L000314,16.0,0.02418538,0.041584156,0.035724163,0.4089891,3,0.4877328,0,0.3907480061959866,N/A,Review,0.8
L000314,17.0,0.03639633,0.03141738,0.035757333,0.6658709,3,0.3538823,0,0.3408206347352033,N/A,Review,0.8
L000314,18.0,0.031038595,0.03609075,0.037596866,0.6167588,3,0.4730872,3,0.3646040619291219,N/A,Review,0.8
L000314,19.0,0.024742363,0.023367953,0.03398721,0.622287,3,0.41920352,3,0.38928826428446694,N/A,Review,0.8
L000314,20.0,0.032116577,0.039659385,0.05607853,0.73211515,3,0.47368884,0,0.340154685536273,N/A,Review,0.8
L000314,21.0,0.025446719,0.024892414,0.032744214,0.27964148,3,0.3298525,0,0.3754383015577732,N/A,Review,0.8
L000314,22.0,0.024291016,0.030417344,0.033442535,0.61796784,3,0.38906503,0,0.36173030242037635,N/A,Review,0.8
L000314,23.0,0.06367991,0.09438298,0.040565155,0.6085788,3,0.3947605,3,0.3004329411184052,N/A,Review,0.8
L000314,24.0,0.030717384,0.038742244,0.04861683,0.60035634,3,0.4126428,3,0.397352562736945,N/A,Review,0.8
L000314,25.0,0.040345598,0.03679189,0.049108706,0.62972945,3,0.34050268,0,0.4091974533122827,N/A,Review,0.8
L000314,26.0,0.031358488,0.040431395,0.057988167,0.8405529,3,0.41244003,3,0.3904180478963557,N/A,Review,0.8
L000314,27.0,0.027997753,0.043419734,0.039051086,0.70084375,3,0.35758322,0,0.3809368874029449,N/A,Review,0.8
L000314,28.0,0.03919869,0.040333506,0.04942286,0.73511946,3,0.30087447,3,0.33684002216372644,N/A,Review,0.8
L000314,29.0,0.033575546,0.048814043,0.03475101,0.5113761,3,0.14958364,0,0.4566664067223134,N/A,Review,0.8
L000314,30.0,0.028006015,0.11245662,0.051754102,0.7342888,3,0.41746274,0,0.3734789934450681,N/A,Review,0.8
L000314,31.0,0.0460263,0.1892123,0.07111339,0.609625,3,0.22553796,3,0.48923595820845156,N/A,Review,0.8
L000314,,0.018646164,0.05169162,0.042552423,0.48217708,3,0.434587,3,0.42593987981207737,N/A,Review,0.8
L000314,33.0,0.99420255,0.99790984,0.036396462,0.0005374654,0,0.39450276,3,0.5113758510874646,N/A,Review,0.8
L000314,34.0,0.99550253,0.9978271,0.032376837,0.0006104716,0,0.2894774,3,0.4760651561859822,N/A,Review,0.8
L000314,35.0,0.996247,0.99790525,0.023062004,0.00063598936,0,0.2092053,0,0.514111229665772,N/A,Review,0.8
L000314,36.0,0.9969392,0.9988059,0.057069164,0.0004487464,0,0.25296336,0,0.4626176074378341,N/A,Review,0.8
L000314,37.0,0.9952455,0.99833786,0.017558869,0.00064819376,0,0.12508239,0,0.4842136703770106,N/A,Review,0.8
L000314,38.0,0.9960598,0.9982475,0.015871251,0.0010678484,0,0.15392804,0,0.45145274207435826,N/A,Review,0.8
L000314,39.0,0.9967103,0.997635,0.015318556,0.0014777833,0,0.20759606,0,0.4690348445004462,N/A,Review,0.8
L000314,40.0,0.9969981,0.9975776,0.016530775,0.000600833,0,0.12573677,0,0.5067457949049414,N/A,Review,0.8
L000314,41.0,0.99638915,0.99721223,0.018651396,0.0015275569,0,0.25641483,0,0.46452728760859424,N/A,Review,0.8
L000314,42.0,0.9967152,0.99750406,0.01633177,0.0016321874,0,0.30738944,1,0.49189403804680726,N/A,Review,0.8
L000314,43.0,0.99593616,0.9942159,0.97959167,0.0009590307,1,0.20692816,0,0.5043786790072518,N/A,Review,0.8
L000314,44.0,0.9949039,0.9957262,0.9947667,0.00027545763,1,0.26083148,1,0.45651292770977925,N/A,Review,0.8
L000314,45.0,0.9961541,0.99773455,0.9954796,0.0006212294,1,0.1810233,0,0.5480120753130548,N/A,Review,0.8
L000314,46.0,0.99653697,0.99802774,0.9969806,0.0006046881,1,0.3910197,1,0.492928712290148,N/A,Review,0.8
L000314,47.0,0.99600816,0.9973775,0.9988477,0.0006040222,2,0.37728858,0,0.49806166287855586,N/A,Review,0.8
L000314,48.0,0.99749243,0.99832934,0.9988555,0.00047301134,2,0.49067974,0,0.5461795726885659,N/A,Review,0.8
L000314,49.0,0.997212,0.9979184,0.99878067,0.0006815094,2,0.3999984,0,0.5493864884934423,N/A,Review,0.8
L000314,50.0,0.99513763,0.9983479,0.99899966,0.0004363949,2,0.5460687,0,0.5082413656635983,N/A,Review,0.8
L000314,51.0,0.9967727,0.99746525,0.9992378,0.00045335447,2,0.23218875,0,0.5288674683181159,N/A,Review,0.8
L000314,52.0,0.9978556,0.9986268,0.9992568,0.00060786126,2,0.32974145,1,0.5400727619929793,N/A,Review,0.8
L000314,53.0,0.99737513,0.9981748,0.9992029,0.0007676617,2,0.30508694,0,0.5778871438787121,N/A,Review,0.8
L000314,54.0,0.9751834,0.99287087,0.9975745,0.001449952,5,0.16882475,0,0.7746880988550967,N/A,Review,0.8
L000314,55.0,0.9576229,0.97768056,0.99126476,0.0007695393,5,0.044342823,0,0.8266407239999497,N/A,Review,0.8
L000314,56.0,0.957024,0.97931755,0.9931377,0.00096366485,5,0.04631376,0,0.8783456955292444,N/A,Review,0.8
L000314,57.0,0.5254169,0.74275225,0.7533205,0.0017797897,5,0.028450983,0,0.8390951236950428,N/A,Review,0.8
L000314,58.0,0.9660283,0.9873461,0.9946243,0.00049544644,5,0.033407945,0,0.8820443420263873,N/A,Review,0.8
L000314,59.0,0.9571527,0.9837804,0.9912937,0.0006997642,5,0.043615106,0,0.8247303407639159,N/A,Review,0.8
L000314,60.0,0.97874326,0.9921515,0.9922242,0.0013172132,5,0.22088887,1,0.7740573513097926,N/A,Review,0.8
L000314,61.0,0.6790733,0.8875979,0.95254624,0.004757559,5,0.10896421,1,0.720065759290451,N/A,Review,0.8
L000314,62.0,0.97480565,0.9903983,0.9944891,0.00095102354,5,0.13306656,1,0.7941190027994024,N/A,Review,0.8
L000314,63.0,0.9708957,0.9892875,0.9947884,0.0022016387,5,0.14198421,0,0.8166164260654851,N/A,Review,0.8
L000314,64.0,0.97403944,0.98993695,0.99565315,0.0010774662,5,0.25324607,1,0.910872416709561,N/A,Review,0.8
L000314,65.0,0.9820822,0.9935694,0.9968721,0.0012261857,5,0.1390472,1,0.7957099386977824,N/A,Review,0.8
L000314,66.0,0.9785513,0.98855466,0.99761885,0.000552331,5,0.2098514,1,0.7640491586185825,N/A,Review,0.8
L000314,67.0,0.9779823,0.99025995,0.9974226,0.0010400956,5,0.13072306,1,0.7918423605872721,N/A,Review,0.8
L000314,68.0,0.9823899,0.99230254,0.99629056,0.0010298804,5,0.28121942,1,0.8296619749706715,N/A,Review,0.8
L000314,69.0,0.9830807,0.9929542,0.9962645,0.0010862486,5,0.2845614,1,0.8555074882506166,N/A,Review,0.8
L000314,70.0,0.9826581,0.99282336,0.99673694,0.00105708,5,0.19416566,1,0.8568087022479673,N/A,Review,0.8
L000314,71.0,0.9741294,0.99362695,0.9976011,0.0013573891,5,0.11262387,2,0.7680348323009295,N/A,Review,0.8
L000314,72.0,0.60142833,0.81206495,0.889343,0.010662919,5,0.34450117,0,0.7191641946750156,N/A,Review,0.8
L000314,73.0,0.97576344,0.9838753,0.99726546,0.0014602941,5,0.434319,0,0.8415615577454567,N/A,Review,0.8
L000314,74.0,0.65453905,0.8384101,0.8449852,0.005098386,5,0.21078782,0,0.8339895375685519,N/A,Review,0.8
L000314,75.0,0.562535,0.8629565,0.8922346,0.0013726549,5,0.058933597,0,0.666638955299868,N/A,Review,0.8
L000314,76.0,0.9789138,0.99345833,0.99751556,0.0004694544,5,0.10029296,0,0.8012661541145599,N/A,Review,0.8
L000314,77.0,0.980409,0.9925175,0.9972826,0.0011448719,5,0.6305201,0,0.97,N/A,Review,0.8
L000314,78.0,0.98278975,0.99225557,0.99769574,0.0007447674,5,0.16193792,0,0.8381958580128634,N/A,Review,0.8
L000314,79.0,0.97725016,0.9906848,0.9977252,0.00069633155,5,0.24116345,0,0.9405277733951058,N/A,Review,0.8
L000314,80.0,0.98144424,0.99317837,0.9972976,0.00089922413,5,0.10188486,0,0.655277223296405,N/A,Review,0.8
L000314,81.0,0.584367,0.8546895,0.90378743,0.001269289,5,0.14080049,0,0.838566308662806,N/A,Review,0.8
L000314,82.0,0.98174286,0.99318236,0.9966959,0.00049474306,5,0.087041564,0,0.9631550064892864,N/A,Review,0.8
L000314,83.0,0.6997602,0.8717686,0.9524622,0.0031225188,5,0.113520555,0,0.8929634954097666,N/A,Review,0.8
L000314,84.0,0.983263,0.99275357,0.99629056,0.0010461017,5,0.109396584,0,0.9537924054253197,N/A,Review,0.8
L000319,0.0,0.0378975,0.1011244,0.010892501,0.7514535,3,0.31847274,2,0.38050158475520685,N/A,Review,0.8
L000319,1.0,0.03138456,0.067415565,0.02846803,0.708278,3,0.2316902,2,0.33549921614562295,N/A,Review,0.8
L000319,2.0,0.019948669,0.10225278,0.019063316,0.22558741,3,0.31835085,3,0.4386592780143591,N/A,Review,0.8
L000319,3.0,0.027188981,0.04921515,0.041111298,0.4687658,3,0.25440097,3,0.42470522822308565,N/A,Review,0.8
L000319,,0.03717778,0.05504455,0.030976709,0.5835231,3,0.31472453,3,0.42504889270237267,N/A,Review,0.8
L000319,5.0,0.028869508,0.0604922,0.02134338,0.47538987,3,0.32684913,3,0.452518311354717,N/A,Review,0.8
L000319,6.0,0.99658465,0.99551684,0.023969509,0.00036502967,0,0.24391387,3,0.46700256810376795,N/A,Review,0.8
L000319,7.0,0.99718744,0.99724686,0.036809243,0.0008971701,0,0.23996128,2,0.451061699692019,N/A,Review,0.8
L000319,8.0,0.99537486,0.99723536,0.02685985,0.0006731992,0,0.2411503,2,0.4726717927428661,N/A,Review,0.8
L000319,9.0,0.99388146,0.99680007,0.030126855,0.000703897,0,0.5609891,2,0.4069209689837097,N/A,Review,0.8
L000319,10.0,0.99743265,0.99838173,0.015657341,0.0012010479,0,0.61895025,2,0.4496386789762698,N/A,Review,0.8
L000319,11.0,0.9970022,0.9985234,0.017688405,0.0005658298,0,0.35803324,2,0.45765086735596816,N/A,Review,0.8
L000319,12.0,0.99768174,0.99828124,0.020569665,0.0008149776,0,0.24173322,0,0.36382445924863527,N/A,Review,0.8
L000319,13.0,0.99669206,0.9982222,0.023650808,0.0006144166,0,0.5857995,2,0.4187686378804094,N/A,Review,0.8
L000319,14.0,0.9976858,0.99818075,0.046119846,0.00037580257,0,0.61916155,2,0.42385852885693953,N/A,Review,0.8
L000319,15.0,0.99807835,0.99793255,0.031753402,0.00055276335,0,0.48606905,2,0.40935379368815994,N/A,Review,0.8
L000319,,0.99417746,0.99410784,0.9830824,0.0003901019,1,0.47036764,2,0.3680840434921333,N/A,Review,0.8
L000319,17.0,0.996675,0.99529403,0.99289626,0.0006991962,1,0.5529181,2,0.36906650334205704,N/A,Review,0.8
L000319,18.0,0.9963766,0.9959299,0.9959474,0.00094357564,1,0.6605662,2,0.3500173762879462,N/A,Review,0.8
L000319,19.0,0.99672985,0.9949857,0.99457586,0.0011466307,1,0.5443894,2,0.4008818381453985,N/A,Review,0.8
L000319,20.0,0.9962852,0.9966972,0.993735,0.0012617554,1,0.5153509,2,0.3981848616235168,N/A,Review,0.8
L000319,21.0,0.996214,0.9966085,0.99187016,0.0007575907,1,0.42336243,1,0.3837093081274583,N/A,Review,0.8
L000319,22.0,0.9965293,0.9969773,0.99343383,0.0012666935,1,0.72599196,2,0.5252136812142916,N/A,Review,0.8
L000319,23.0,0.9949222,0.9968215,0.9939365,0.0010994226,1,0.7595331,2,0.3925111101152703,N/A,Review,0.8
L000319,24.0,0.99556136,0.99641883,0.99527633,0.001332107,1,0.7088696,2,0.4106974503710181,N/A,Review,0.8
L000319,25.0,0.99400216,0.9958905,0.99669456,0.0010893382,1,0.5071465,0,0.44352703057272475,N/A,Review,0.8
L000319,26.0,0.9935527,0.99505436,0.99452484,0.0023690986,1,0.42811513,2,0.411323748062443,N/A,Review,0.8
L000319,27.0,0.8928658,0.97238535,0.98077595,0.011506321,1,0.50182956,2,0.4146609829955492,N/A,Review,0.8
L000319,28.0,0.99439186,0.99565434,0.99511033,0.0013454247,1,0.48259726,0,0.5521803555719043,N/A,Review,0.8
L000319,29.0,0.84756494,0.96955776,0.9792253,0.015355743,1,0.46106732,2,0.3952034608849371,N/A,Review,0.8
L000319,30.0,0.9944337,0.9964978,0.99375653,0.0029951944,1,0.44296682,1,0.3678179071426665,N/A,Review,0.8
L000319,31.0,0.99634993,0.9951851,0.9987643,0.0024495418,2,0.21787673,0,0.4092964873286997,N/A,Review,0.8
L000319,32.0,0.9970784,0.99816626,0.99864906,0.0018486432,2,0.21732904,1,0.4315645410270518,N/A,Review,0.8
L000319,33.0,0.9965138,0.9983834,0.9992888,0.0004755872,2,0.407633,1,0.45306307126463996,N/A,Review,0.8
L000319,34.0,0.9966273,0.9979506,0.9994178,0.00033796637,2,0.37737098,1,0.48313535258043716,N/A,Review,0.8
L000319,35.0,0.99601835,0.9975903,0.999435,0.0002754952,2,0.42258918,0,0.5099845353000962,N/A,Review,0.8
L000319,36.0,0.99704534,0.9981294,0.9994875,0.0005650963,2,0.32758746,0,0.4783804500909077,N/A,Review,0.8
L000319,37.0,0.997336,0.99762964,0.9992242,0.0003553456,2,0.4212184,0,0.5411099749676622,N/A,Review,0.8
L000319,,0.9958735,0.9964929,0.9992842,0.00015149513,2,0.5136085,0,0.5314047076961409,N/A,Review,0.8
L000319,39.0,0.99716824,0.9977204,0.99931455,0.000118199736,2,0.4146507,0,0.5394284530968149,N/A,Review,0.8
L000319,40.0,0.9979113,0.9979938,0.9993278,0.00010160358,2,0.44182128,0,0.5371759644710437,N/A,Review,0.8
L000319,41.0,0.041258942,0.13518758,0.14496581,0.08337057,3,0.4226217,0,0.5341428797184375,N/A,Review,0.8
L000319,42.0,0.04539427,0.055320356,0.067012414,0.25346708,3,0.032917306,0,0.6243421238436484,N/A,Review,0.8
L000319,43.0,0.02713547,0.012436417,0.035337146,0.06756067,3,0.009582927,0,0.6176078486215963,N/A,Review,0.8
L000319,44.0,0.02557892,0.021530677,0.04783312,0.06738423,3,0.010999691,0,0.5935358232464357,N/A,Review,0.8
L000319,,0.012986592,0.018688617,0.054615565,0.09306918,3,0.012987693,0,0.6625139717560173,N/A,Review,0.8
L000319,46.0,0.034602996,0.060709644,0.08447721,0.29151842,3,0.02114055,0,0.648562385256557,N/A,Review,0.8
L000319,47.0,0.041210126,0.06990401,0.056335382,0.42904145,3,0.11585308,1,0.3993494099287482,N/A,Review,0.8
L000319,,0.018166574,0.055642877,0.024807265,0.30639383,3,0.36516842,0,0.40421750118125693,N/A,Review,0.8
L000319,49.0,0.020966439,0.0444298,0.027505483,0.26072937,3,0.26016998,1,0.5512065317740602,N/A,Review,0.8
L000319,50.0,0.021913454,0.037529428,0.042553343,0.52101254,3,0.2951554,0,0.6148590976173152,N/A,Review,0.8
L000321,0.0,0.035254333,0.03764049,0.033499528,0.11909377,3,0.15339677,2,0.6200485963570852,N/A,Review,0.8
L000321,1.0,0.05058649,0.079903014,0.044812344,0.56645924,3,0.13887544,3,0.5769109347865818,N/A,Review,0.8
L000321,2.0,0.046347365,0.089693286,0.033514153,0.6661915,3,0.3080291,3,0.5693609393233006,N/A,Review,0.8
L000321,3.0,0.045011677,0.062188692,0.03850533,0.6195774,3,0.045802847,3,0.5753490353868429,N/A,Review,0.8
L000321,4.0,0.3673129,0.33528396,0.2802971,0.17438674,3,0.038204335,3,0.5513491445469862,N/A,Review,0.8
L000321,5.0,0.058876507,0.050570678,0.051564857,0.60670245,3,0.13506396,3,0.5441785773597961,N/A,Review,0.8
L000321,6.0,0.047900748,0.04984509,0.11209214,0.15162691,3,0.08763791,0,0.5878109976537199,N/A,Review,0.8
L000321,7.0,0.0826461,0.14814802,0.13380486,0.40048,3,0.053594753,2,0.6183630897877284,N/A,Review,0.8
L000321,8.0,0.06779557,0.04655161,0.06619986,0.38411522,3,0.16429298,2,0.5463671468106549,N/A,Review,0.8
L000321,9.0,0.045131564,0.060583606,0.058569934,0.51121485,3,0.37144774,2,0.5525011858401132,N/A,Review,0.8
L000321,10.0,0.9967294,0.9964328,0.11091532,0.0010224092,0,0.30865607,2,0.6534124364909244,N/A,Review,0.8
L000321,11.0,0.9971424,0.9978041,0.046615995,0.00077773276,0,0.20633307,2,0.6467525323030469,N/A,Review,0.8
L000321,12.0,0.9970692,0.99833786,0.041532498,0.00046862592,0,0.099468656,2,0.7622140477004293,N/A,Review,0.8
L000321,13.0,0.99740714,0.9986552,0.050519146,0.0005501633,0,0.2911422,2,0.6156383070981117,N/A,Review,0.8
L000325,0.0,0.030627694,0.034986585,0.04702199,0.027166674,3,0.091346905,2,0.6976886766211183,N/A,Review,0.8
L000325,1.0,0.055737514,0.06821041,0.055225667,0.4528325,3,0.017046116,2,0.5641874916676382,N/A,Review,0.8
L000325,2.0,0.9956109,0.9951278,0.032895982,0.0007405811,0,0.13308568,2,0.6776541501716375,N/A,Review,0.8
L000325,3.0,0.91309655,0.948651,0.07210873,0.010668655,0,0.098769255,2,0.6220556158844347,N/A,Review,0.8
L000325,4.0,0.9973863,0.9981487,0.07124752,0.00031878785,0,0.0549058,2,0.6487115767740568,N/A,Review,0.8
L000325,5.0,0.9968765,0.99698704,0.03619859,0.0012084012,0,0.15589991,2,0.6807094108953211,N/A,Review,0.8
L000325,6.0,0.044210494,0.08673666,0.06684224,0.22172312,3,0.12902278,2,0.6387840558280824,N/A,Review,0.8
L000325,7.0,0.04867158,0.07711492,0.060166977,0.14882645,3,0.08836555,2,0.6329208931809247,N/A,Review,0.8
L000325,8.0,0.050382797,0.048116162,0.026139468,0.056343507,3,0.12797388,2,0.607019878317604,N/A,Review,0.8
L000325,9.0,0.05830891,0.15608643,0.09467979,0.6744695,3,0.29651046,2,0.5673771679181099,N/A,Review,0.8
L000325,10.0,0.99604356,0.99824405,0.04219986,0.0004762963,0,0.23141703,2,0.7009084597151836,N/A,Review,0.8
L000325,11.0,0.04902474,0.252213,0.07637614,0.50641584,3,0.27551135,2,0.5894447511400366,N/A,Review,0.8
L000325,12.0,0.9965586,0.9982508,0.03634078,0.00092720386,0,0.07117714,2,0.7099547993731787,N/A,Review,0.8
L000325,13.0,0.99672985,0.99782383,0.05788084,0.0008564375,0,0.27790874,2,0.6207184054466232,N/A,Review,0.8
L000325,14.0,0.9966624,0.99795485,0.0897033,0.00079739455,0,0.25744572,2,0.6400071537585617,N/A,Review,0.8
L000325,15.0,0.9951444,0.9960771,0.06748266,0.0005324244,0,0.27241027,2,0.5974195020289775,N/A,Review,0.8
L000325,16.0,0.9715295,0.9803473,0.05313023,0.0015790121,0,0.31847987,2,0.5621681676480645,N/A,Review,0.8
L000325,17.0,0.9972596,0.99774194,0.06495206,0.00019953422,0,0.23953195,2,0.5231016704064629,N/A,Review,0.8
L000325,18.0,0.06304396,0.04824345,0.05107777,0.17434105,3,0.33864108,2,0.5229186180996442,N/A,Review,0.8
L000325,19.0,0.043413766,0.05657495,0.035699837,0.33156458,3,0.28838018,2,0.6738994623934662,N/A,Review,0.8
L000325,20.0,0.9949582,0.9964026,0.049249757,0.000555772,0,0.22848843,2,0.6690315264917555,N/A,Review,0.8
L000325,21.0,0.9948409,0.99690837,0.05421593,0.00042138525,0,0.15830491,2,0.6440079260421228,N/A,Review,0.8
L000325,22.0,0.9959065,0.9961856,0.06718629,0.0006563954,0,0.30561045,2,0.5620178517497882,N/A,Review,0.8
L000325,23.0,0.9955949,0.99650276,0.049558435,0.00049085316,0,0.15318562,2,0.6026242045817094,N/A,Review,0.8
L000325,24.0,0.9968273,0.99686855,0.05854914,0.00074886705,0,0.16166697,2,0.6178237153155736,N/A,Review,0.8
L000325,25.0,0.99506336,0.9917241,0.994249,0.00051710656,1,0.061891582,2,0.6164647735699029,N/A,Review,0.8
L000325,26.0,0.99542063,0.99262166,0.99596584,0.00036609016,1,0.09395206,2,0.613108459564836,N/A,Review,0.8
L000325,27.0,0.9954406,0.99447495,0.9952872,0.00023270746,1,0.15794349,2,0.5195985884385713,N/A,Review,0.8
L000325,28.0,0.9960311,0.99124664,0.9950411,0.0001617232,1,0.124748304,2,0.6248428941030886,N/A,Review,0.8
L000325,29.0,0.9959454,0.9920649,0.99569535,0.00012429657,1,0.08548928,2,0.6024909004628802,N/A,Review,0.8
L000325,30.0,0.9961165,0.99086446,0.99467397,0.000106407555,1,0.16820498,2,0.6262622338616508,N/A,Review,0.8
L000325,31.0,0.9961597,0.9913679,0.99383575,0.00015680582,1,0.19984631,2,0.6224951083919952,N/A,Review,0.8
L000325,32.0,0.9971204,0.99511933,0.99888474,8.466051e-05,2,0.22128254,2,0.6415630274135078,N/A,Review,0.8
L000325,33.0,0.99552506,0.99519277,0.99917334,0.00026679516,2,0.19280465,2,0.5963765378748558,N/A,Review,0.8
L000325,34.0,0.99716765,0.99716187,0.99943703,0.00025499135,2,0.23705718,2,0.6829004329125251,N/A,Review,0.8
L000325,35.0,0.9977447,0.99669003,0.99930143,0.00031325428,2,0.18969159,2,0.6911518420555449,N/A,Review,0.8
L000325,36.0,0.99790984,0.99873716,0.9994999,0.0002866608,4,0.33371985,2,0.6844187025278409,N/A,Review,0.8
L000325,37.0,0.9987186,0.99861336,0.9996427,0.00010414429,4,0.15528682,2,0.8336299550379664,N/A,Review,0.8
L000325,38.0,0.998979,0.998911,0.9996531,0.00022913086,4,0.13126983,2,0.7620674765613598,N/A,Review,0.8
L000325,39.0,0.99892235,0.9989624,0.9997209,9.558221e-05,4,0.062399343,2,0.7553586658465643,N/A,Review,0.8
L000325,,0.9981918,0.9980506,0.9996594,0.00016590538,4,0.0866606,2,0.7926789852240629,N/A,Review,0.8
L000325,41.0,0.9941689,0.9961922,0.9977881,0.00026194396,4,0.04801692,2,0.7732407976212657,N/A,Review,0.8
L000325,42.0,0.9987883,0.9993523,0.99975365,0.00018167222,4,0.08768026,1,0.6544558718579602,N/A,Review,0.8
L000325,43.0,0.9991623,0.99907035,0.99973303,0.00013538027,4,0.1108269,2,0.6898383017287211,N/A,Review,0.8
L000325,44.0,0.99873024,0.99913305,0.99970776,6.0047703e-05,4,0.095524415,2,0.7035685136055894,N/A,Review,0.8
L000325,45.0,0.99905807,0.9991297,0.9997131,0.0001526287,4,0.21950123,2,0.6590113247506452,N/A,Review,0.8
L000325,46.0,0.9958871,0.99683386,0.9976139,0.00019746274,4,0.09373557,2,0.7960795956765239,N/A,Review,0.8
L000326,0.0,0.07976521,0.07188187,0.022914127,0.7988817,3,0.06599709,2,0.5983462605537004,N/A,Review,0.8
L000326,,0.13145602,0.09728919,0.038565245,0.034953002,3,0.44974995,2,0.5666833340614201,N/A,Review,0.8
L000326,2.0,0.039414436,0.08270995,0.033790745,0.3249176,3,0.35829484,3,0.5644144560614227,N/A,Review,0.8
L000326,3.0,0.9969901,0.996554,0.034733355,0.0007934977,0,0.03555716,2,0.5651683532286356,N/A,Review,0.8
L000326,4.0,0.993818,0.99217516,0.9902732,0.00033919944,1,0.015156011,2,0.5859124623272023,N/A,Review,0.8
L000326,5.0,0.99678063,0.9952852,0.9868717,0.00081935845,1,0.05060118,2,0.6241444849379453,N/A,Review,0.8
L000326,6.0,0.9679009,0.94765514,0.92724097,0.0019628298,1,0.13034391,2,0.6152024175636466,N/A,Review,0.8
L000326,7.0,0.9984242,0.9973821,0.9989773,0.0002218661,2,0.014665597,2,0.5977067994554913,N/A,Review,0.8
L000326,8.0,0.9986916,0.99713314,0.9983222,0.00023463217,2,0.006230742,2,0.638107653804056,N/A,Review,0.8
L000326,9.0,0.9986609,0.99832934,0.9987841,0.00016960745,2,0.039907094,2,0.6061783399142886,N/A,Review,0.8
L000326,10.0,0.99825424,0.9980082,0.9990429,0.00019806444,2,0.042997688,2,0.5790449733746101,N/A,Review,0.8
L000326,11.0,0.99831545,0.99844944,0.99910337,0.00023639892,2,0.016810644,2,0.5512889241214098,N/A,Review,0.8
L000326,12.0,0.99841654,0.9984641,0.99924254,0.00027149945,2,0.049426973,2,0.5504976682886353,N/A,Review,0.8
L000326,13.0,0.102618076,0.34955856,0.13261968,0.18316872,3,0.057625547,2,0.545371454264129,N/A,Review,0.8
L000326,14.0,0.058670234,0.042354412,0.041802064,0.03988778,3,0.19725719,1,0.5913483053778906,N/A,Review,0.8
L000326,15.0,0.04984806,0.064120024,0.04386372,0.010906684,3,0.07469241,2,0.5816745981504191,N/A,Review,0.8
L000326,16.0,0.061579928,0.05300321,0.04794142,0.016146729,3,0.04968426,2,0.6871662543832743,N/A,Review,0.8
L000326,17.0,0.9968984,0.9964946,0.09077989,0.003986149,1,0.016793307,2,0.7895534402714295,N/A,Review,0.8
L000326,18.0,0.9945463,0.9923003,0.033813864,0.0009583293,0,0.0324067,2,0.5847109086387803,N/A,Review,0.8
L000326,19.0,0.99434114,0.9910088,0.9836301,0.0006510647,1,0.030592727,1,0.5646871781079582,N/A,Review,0.8
L000326,20.0,0.9970143,0.99479336,0.99169004,0.00036193407,1,0.03530702,1,0.5664221636768336,N/A,Review,0.8
L000326,21.0,0.9980135,0.9974899,0.99389607,0.00030608167,1,0.07444355,1,0.5233997476340372,N/A,Review,0.8
L000326,22.0,0.9971547,0.9967362,0.9942668,0.0003367943,1,0.14575593,1,0.42936563725373245,N/A,Review,0.8
L000326,23.0,0.9983273,0.99883205,0.99899405,0.00021142987,2,0.088315964,1,0.49117705342860646,N/A,Review,0.8
L000326,24.0,0.9984328,0.9984516,0.99904877,8.520606e-05,2,0.17355053,1,0.4643270241484585,N/A,Review,0.8
L000326,25.0,0.99855405,0.9990232,0.99918336,0.00013307441,2,0.08809176,1,0.46483736003351683,N/A,Review,0.8
L000326,26.0,0.99771404,0.99897826,0.99922216,0.00042364496,4,0.10480542,2,0.6400084240751591,N/A,Review,0.8
L000326,27.0,0.9988426,0.99926513,0.99944097,0.00012076821,4,0.10077882,2,0.6624121845767392,N/A,Review,0.8
L000326,28.0,0.9988457,0.9995623,0.999537,0.0006280842,4,0.020435644,3,0.757728738364142,N/A,Review,0.8
L000326,29.0,0.9988825,0.99934894,0.99953914,0.00042380515,4,0.05270196,2,0.5887761532005116,N/A,Review,0.8
L000326,30.0,0.9989801,0.9995297,0.99953556,0.00042041685,4,0.044120535,2,0.5865424941876561,N/A,Review,0.8
L000326,31.0,0.9989058,0.99943644,0.99954444,0.00016918218,4,0.032760598,2,0.5765621958397592,N/A,Review,0.8
L000326,32.0,0.9991424,0.9995617,0.99954,0.00014723874,4,0.032524552,2,0.4883406600499087,N/A,Review,0.8
L000326,33.0,0.99892265,0.9994773,0.99952066,0.00013120421,4,0.06279235,3,0.5149027094375319,N/A,Review,0.8
L000326,34.0,0.99914396,0.9995085,0.999556,0.00013735399,4,0.031009065,3,0.4736762544653531,N/A,Review,0.8
L000326,35.0,0.99890256,0.99945456,0.99950325,0.00016734882,4,0.052506205,3,0.5075562327581324,N/A,Review,0.8
L000326,36.0,0.99915576,0.9994966,0.9995627,0.0001523937,4,0.06796508,3,0.4940240670643211,N/A,Review,0.8
L000326,37.0,0.9988985,0.99942505,0.999495,6.1972496e-05,4,0.01523488,3,0.5158448473738146,N/A,Review,0.8
L000326,38.0,0.9991134,0.9994999,0.9995828,0.00010920991,4,0.04168986,3,0.48502395631319867,N/A,Review,0.8
L000326,39.0,0.99915195,0.99937963,0.999574,0.00018927042,4,0.10133681,3,0.4419572117153387,N/A,Review,0.8
L000326,40.0,0.9993075,0.9995302,0.99957997,0.00010884812,4,0.031832863,2,0.504548879113079,N/A,Review,0.8
L000326,41.0,0.999292,0.9995189,0.99962056,5.3055544e-05,4,0.12197694,3,0.4960954356268904,N/A,Review,0.8
L000326,,0.9989666,0.9994324,0.99961,0.0002498111,4,0.2530038,3,0.5600265598679062,N/A,Review,0.8
L000326,43.0,0.9992077,0.9995116,0.9995875,5.6667526e-05,4,0.044433415,3,0.49491913256006886,N/A,Review,0.8
L000326,44.0,0.9991792,0.99955827,0.9996257,6.9264686e-05,4,0.21620692,3,0.49737248157054026,N/A,Review,0.8
L000326,45.0,0.9993405,0.9994461,0.999592,0.00011971576,4,0.10287627,3,0.5294086912085283,N/A,Review,0.8
L000326,46.0,0.9993012,0.99950075,0.9996032,6.481631e-05,4,0.0765339,3,0.5069866600698059,N/A,Review,0.8
L000326,47.0,0.9976471,0.99844724,0.99726653,0.0002614006,4,0.13041238,3,0.6081222159357458,N/A,Review,0.8
L000326,48.0,0.9966197,0.9983746,0.99706084,0.00019425445,4,0.116773106,3,0.5489625924943152,N/A,Review,0.8
L000326,49.0,0.99911577,0.9995005,0.9995943,5.7965437e-05,4,0.08187916,3,0.48704353031607855,N/A,Review,0.8
L000326,50.0,0.99911577,0.99955815,0.9995943,5.2498755e-05,4,0.044427197,3,0.4806457545035353,N/A,Review,0.8
L000326,51.0,0.99917775,0.99956816,0.99959046,9.2813614e-05,4,0.057664156,2,0.5002417275501247,N/A,Review,0.8
L000326,52.0,0.99923337,0.99959964,0.9995437,9.144071e-05,4,0.09166788,2,0.5393546170307588,N/A,Review,0.8
L000326,53.0,0.9971655,0.99889,0.99807525,0.00039457,4,0.14062846,2,0.5967126979606363,N/A,Review,0.8
L000326,54.0,0.9992267,0.9996501,0.99960953,8.064777e-05,4,0.07765674,2,0.5421963718156424,N/A,Review,0.8
L000326,55.0,0.99932945,0.9995945,0.99956316,7.527835e-05,4,0.21101959,2,0.5635713846303526,N/A,Review,0.8
L000326,56.0,0.99923325,0.9996276,0.9995308,0.00010559035,4,0.17501473,2,0.5703117812841715,N/A,Review,0.8
L000326,57.0,0.99922836,0.99962735,0.99956185,2.6796355e-05,4,0.11362922,2,0.6638524810465964,N/A,Review,0.8
L000326,58.0,0.9992895,0.9996654,0.9995864,4.962814e-05,4,0.17760184,2,0.6074030106885515,N/A,Review,0.8
L000333,0.0,0.035138015,0.030635687,0.027737502,0.35686558,3,0.011089848,2,0.5350765037524119,N/A,Review,0.8
L000333,1.0,0.026615093,0.032993294,0.04357093,0.06128719,3,0.28649867,2,0.5755191943234819,N/A,Review,0.8
L000333,2.0,0.02694466,0.028131919,0.028310513,0.04580436,3,0.42742452,2,0.5341374408449906,N/A,Review,0.8
L000333,3.0,0.034074206,0.03624418,0.023309736,0.3148541,3,0.075470194,3,0.5044124633750349,N/A,Review,0.8
L000333,4.0,0.026909478,0.036061026,0.020831788,0.040434957,3,0.06853671,3,0.4846469277121266,N/A,Review,0.8
L000333,5.0,0.033326674,0.037536804,0.021216491,0.03591802,3,0.105412036,3,0.4744350456075949,N/A,Review,0.8
L000333,6.0,0.9971411,0.9949214,0.036292918,4.7530473e-05,0,0.104088046,2,0.5319953330499381,N/A,Review,0.8
L000333,7.0,0.99735934,0.99699247,0.029323684,6.755442e-05,0,0.12176066,2,0.5341161949332712,N/A,Review,0.8
L000333,8.0,0.9974873,0.99846613,0.028125035,0.00021548828,0,0.062307756,2,0.5775661274205812,N/A,Review,0.8
L000333,9.0,0.99748933,0.99872655,0.023570767,0.00016633638,0,0.1242921,2,0.551759941774466,N/A,Review,0.8
L000333,10.0,0.99750024,0.99804425,0.022878634,0.00023200053,0,0.16206792,2,0.49563605211689876,N/A,Review,0.8
L000333,,0.9972363,0.99850756,0.9738874,0.00023821375,1,0.15913017,2,0.5085998009307593,N/A,Review,0.8
L000333,12.0,0.99706835,0.99783033,0.97356594,0.0007921748,1,0.09792511,2,0.42673809094240533,N/A,Review,0.8
L000333,13.0,0.04327149,0.04468103,0.018365588,0.17597784,3,0.19576994,2,0.4717241659988013,N/A,Review,0.8
L000333,14.0,0.030088957,0.031144315,0.031346757,0.073738076,3,0.28504974,2,0.43198734997181065,N/A,Review,0.8
L000333,15.0,0.020507678,0.03282267,0.024137875,0.31423143,3,0.20999576,2,0.4024944711170111,N/A,Review,0.8
L000333,16.0,0.039536472,0.017674722,0.02768249,0.19435267,3,0.22062574,2,0.45646624300837213,N/A,Review,0.8
L000333,17.0,0.90193415,0.83745587,0.0227377,0.020496551,0,0.24920286,2,0.4750845234343131,N/A,Review,0.8
L000333,18.0,0.9898634,0.9855332,0.983235,0.0010929093,1,0.22526132,2,0.37839843024635417,N/A,Review,0.8
L000333,19.0,0.9947976,0.9933257,0.9962947,0.00026417815,2,0.09625824,2,0.6522852571769205,N/A,Review,0.8
L000333,20.0,0.050037272,0.027016275,0.033684947,0.15640669,3,0.08357902,2,0.5565479737313591,N/A,Review,0.8
L000333,21.0,0.047043543,0.029333357,0.02693434,0.07182758,3,0.068382464,2,0.5660181144166099,N/A,Review,0.8
L000333,22.0,0.05818314,0.032222006,0.020196809,0.28808108,3,0.09095635,2,0.5193043684166233,N/A,Review,0.8
L000333,23.0,0.05241284,0.040852573,0.020235367,0.3830014,3,0.0339973,2,0.5068541777404657,N/A,Review,0.8
L000333,24.0,0.05512376,0.055299368,0.032989744,0.21849771,3,0.058275435,2,0.5418557191805691,N/A,Review,0.8
L000333,25.0,0.05716085,0.050020438,0.018667571,0.36294854,3,0.164003,2,0.47603137080211577,N/A,Review,0.8
L000333,26.0,0.040306307,0.048360106,0.019929906,0.3814829,3,0.21991093,2,0.47317835381636,N/A,Review,0.8
L000333,27.0,0.04108019,0.059811745,0.015510708,0.5174111,3,0.20189951,2,0.40487918788627875,N/A,Review,0.8
L000333,28.0,0.03917868,0.059983563,0.019977108,0.6500032,3,0.13761121,2,0.4423156851698951,N/A,Review,0.8
L000333,29.0,0.04898885,0.050379943,0.02114595,0.54770046,3,0.079299785,2,0.4836877729744952,N/A,Review,0.8
L000333,30.0,0.051010463,0.05688916,0.024341496,0.28898567,3,0.10038322,2,0.49577119928134955,N/A,Review,0.8
L000333,31.0,0.035641756,0.08110473,0.026421055,0.26974326,3,0.056745026,2,0.49962627467292553,N/A,Review,0.8
L000333,32.0,0.046967525,0.066780165,0.033805583,0.10209562,3,0.064837724,2,0.5010737631517914,N/A,Review,0.8
L000333,33.0,0.044101886,0.08143079,0.050021987,0.20673811,3,0.059196338,2,0.5094607304504357,N/A,Review,0.8
L000333,34.0,0.031138703,0.12363752,0.04081701,0.29287624,3,0.04913009,2,0.525743045640306,N/A,Review,0.8
L000333,35.0,0.04003419,0.06989389,0.051930774,0.13727158,3,0.056821566,2,0.5109316674008196,N/A,Review,0.8
L000333,36.0,0.99678075,0.99887186,0.044736367,0.0003875794,0,0.0042707524,2,0.523774108824471,N/A,Review,0.8
L000333,37.0,0.9968292,0.9983078,0.05932418,0.0003062816,0,0.06830823,2,0.5507681704680374,N/A,Review,0.8
L000333,38.0,0.99753344,0.99802786,0.06048846,0.0002965135,0,0.07140546,2,0.5625801857055659,N/A,Review,0.8
L000333,39.0,0.9976827,0.99875355,0.043530483,0.00039404526,0,0.0376638,2,0.5644359188174746,N/A,Review,0.8
L000333,40.0,0.99612564,0.9982982,0.021216154,0.00028704503,0,0.0054477323,2,0.6807551675661272,N/A,Review,0.8
L000333,41.0,0.9705521,0.99151367,0.026105804,0.0013058841,0,0.013303988,2,0.4813891137849545,N/A,Review,0.8
L000333,42.0,0.9971903,0.99811447,0.025324645,0.00029170804,0,0.024531925,2,0.5515714668056206,N/A,Review,0.8
L000333,43.0,0.9955979,0.9957353,0.98434144,0.00013436658,1,0.037046105,1,0.5281987021151027,N/A,Review,0.8
L000333,,0.9959096,0.9957653,0.99197114,0.00091025466,1,0.15068835,1,0.5456461297005931,N/A,Review,0.8
L000336,0.0,0.016785765,0.022204578,0.012170882,0.51297325,3,0.28125584,2,0.5572793828288566,N/A,Review,0.8
L000336,1.0,0.9947423,0.99689555,0.0337903,0.0024609098,0,0.053983264,0,0.5419904654172509,N/A,Review,0.8
L000336,2.0,0.9563729,0.95435685,0.04024391,0.0013903686,0,0.12925075,0,0.5740443167491952,N/A,Review,0.8
L000336,3.0,0.99652416,0.9978849,0.028351337,0.0029941127,0,0.14367212,2,0.5118288442959007,N/A,Review,0.8
L000336,4.0,0.9948138,0.9955278,0.022198563,0.0023196994,0,0.10223822,0,0.5177839097980503,N/A,Review,0.8
L000336,5.0,0.9962804,0.99771655,0.020313784,0.003925903,0,0.3902294,0,0.4732961747248977,N/A,Review,0.8
L000336,6.0,0.9937145,0.99582064,0.9866382,0.00060310436,1,0.17979515,0,0.4593686345863084,N/A,Review,0.8
L000336,7.0,0.99560994,0.99515486,0.99318284,0.0007386295,1,0.14021191,0,0.5102729752649207,N/A,Review,0.8
L000336,8.0,0.9952425,0.9918812,0.9957146,0.00095030846,1,0.22040851,0,0.574059018474615,N/A,Review,0.8
L000336,9.0,0.9952793,0.9958697,0.9954104,0.0012156183,1,0.39221442,2,0.46535507195029024,N/A,Review,0.8
L000336,10.0,0.99404484,0.9958597,0.9938321,0.00081078673,1,0.26919252,1,0.46108533490234105,N/A,Review,0.8
L000336,11.0,0.99527943,0.9966016,0.99466527,0.001432319,1,0.13327453,0,0.498615800494611,N/A,Review,0.8
L000336,12.0,0.99513936,0.9937244,0.99388534,0.0017930219,1,0.38288936,0,0.40692412666394473,N/A,Review,0.8
L000336,13.0,0.99574834,0.9947331,0.99849534,0.0011941782,2,0.4394055,2,0.46306804213319547,N/A,Review,0.8
L000336,14.0,0.99605525,0.9960998,0.9990859,0.00078748475,2,0.116083294,2,0.5150183015911397,N/A,Review,0.8
L000336,15.0,0.995191,0.9980585,0.9991561,0.0019163096,4,0.18339635,0,0.5766161976867439,N/A,Review,0.8
L000336,16.0,0.9985421,0.9987029,0.9992156,0.0011709811,4,0.17878617,2,0.508254702860643,N/A,Review,0.8
L000336,17.0,0.99067277,0.99123436,0.99037737,0.0061776517,4,0.18994248,2,0.6055959750997224,N/A,Review,0.8
L000336,18.0,0.9985197,0.99851686,0.9994728,0.0006373048,4,0.09627239,2,0.5822985708689918,N/A,Review,0.8
L000336,19.0,0.99873406,0.997554,0.9995173,0.0012385595,4,0.13613012,0,0.7131372572992503,N/A,Review,0.8
L000336,20.0,0.9986456,0.9981546,0.9995097,0.0007612725,4,0.07169614,0,0.6923945642376561,N/A,Review,0.8
L000336,21.0,0.9985812,0.99840933,0.9994252,0.00036554312,4,0.10030721,2,0.5465379446757875,N/A,Review,0.8
L000336,22.0,0.99819356,0.9983182,0.9996045,0.0004969427,4,0.09864528,0,0.4753515593446386,N/A,Review,0.8
L000336,23.0,0.9987418,0.9978935,0.9995528,0.0009578162,4,0.20429143,0,0.4758455544535445,N/A,Review,0.8
L000336,24.0,0.99195355,0.9945898,0.9961145,0.0030450732,4,0.26610932,2,0.48781806706228514,N/A,Review,0.8
L000336,25.0,0.99850756,0.99804366,0.9996804,0.00067632383,4,0.1793216,0,0.41563610261607375,N/A,Review,0.8
L000336,26.0,0.98609936,0.99433714,0.99701643,0.002883238,4,0.19691549,0,0.3811233557285708,N/A,Review,0.8
L000336,27.0,0.99814093,0.9982672,0.9994246,0.0014964695,4,0.26816726,2,0.4521633632727293,N/A,Review,0.8
L000336,28.0,0.99819666,0.9987853,0.999491,0.00074617186,4,0.17914072,0,0.40957093858281657,N/A,Review,0.8
L000336,29.0,0.99790645,0.9977951,0.99932575,0.0015481233,4,0.28050455,2,0.36370246764626185,N/A,Review,0.8
L000336,30.0,0.99896467,0.99827063,0.9993679,0.00054768776,4,0.3411921,2,0.45121518124751525,N/A,Review,0.8
L000336,31.0,0.99894017,0.9983157,0.9993079,0.0002980147,4,0.27881607,2,0.45923148467406427,N/A,Review,0.8
L000336,32.0,0.9983297,0.9988379,0.9993973,0.00047706696,4,0.329936,2,0.4099373815134591,N/A,Review,0.8
L000336,33.0,0.99879754,0.99908364,0.99956065,0.00010322489,4,0.4494949,0,0.47022011394008845,N/A,Review,0.8
L000336,34.0,0.9990754,0.99930024,0.99946326,0.00015665473,4,0.39760318,2,0.39722441060909003,N/A,Review,0.8
L000336,35.0,0.9989386,0.99899346,0.999476,0.00021463197,4,0.4105649,2,0.43445047581784957,N/A,Review,0.8
L000336,36.0,0.9985403,0.99908674,0.99959224,0.0001962865,4,0.25601885,2,0.5078762306287314,N/A,Review,0.8
L000336,37.0,0.99915826,0.998934,0.99947184,0.0001792695,4,0.30015418,2,0.45900285565970844,N/A,Review,0.8
L000336,38.0,0.99915946,0.998961,0.9994367,0.00028441788,4,0.37614655,2,0.47220458391927866,N/A,Review,0.8
L000336,39.0,0.9989152,0.9990969,0.9994803,0.00025766692,4,0.17558073,2,0.4593224101695823,N/A,Review,0.8
L000336,40.0,0.99920803,0.999421,0.9995919,0.00019960292,4,0.29051012,2,0.4180886786324408,N/A,Review,0.8
L000336,41.0,0.99893695,0.99920267,0.9995059,0.00020393891,4,0.22606131,1,0.43142945152458156,N/A,Review,0.8
L000336,42.0,0.99911946,0.9993936,0.99951506,0.00015560265,4,0.42236158,2,0.4325900719919547,N/A,Review,0.8
L000336,43.0,0.99916303,0.9993303,0.9995622,8.5817395e-05,4,0.29928726,0,0.4771934546247121,N/A,Review,0.8
L000336,44.0,0.9991079,0.9994392,0.99958056,7.0408525e-05,4,0.25233725,0,0.44791942231215454,N/A,Review,0.8
L000339,0.0,0.1991237,0.24276939,0.11518704,0.23026942,3,0.08014056,2,0.4957692302776825,N/A,Review,0.8
L000339,1.0,0.16462223,0.2713671,0.12160365,0.6789074,3,0.20944932,3,0.47637811361038496,N/A,Review,0.8
L000339,2.0,0.18425605,0.2109375,0.081263475,0.5735574,3,0.14378363,3,0.6122071932486279,N/A,Review,0.8
L000339,3.0,0.9785069,0.9652918,0.050397716,0.0061657596,0,0.21285123,3,0.4857589232571556,N/A,Review,0.8
L000339,4.0,0.9619757,0.9721781,0.928003,0.0033464674,1,0.2967677,3,0.44999414669035165,N/A,Review,0.8
L000339,5.0,0.9966498,0.98589987,0.99372584,0.00087776256,1,0.35444784,3,0.46358335290082864,N/A,Review,0.8
L000339,6.0,0.9965875,0.9890247,0.9920324,0.0009846574,1,0.24139157,0,0.5391866570219999,N/A,Review,0.8
L000339,7.0,0.99846387,0.99564797,0.9985121,0.00051245885,2,0.1951553,0,0.5185019528589139,N/A,Review,0.8
L000339,8.0,0.9984433,0.99413884,0.9986877,0.00063214684,2,0.14933133,0,0.5180951948697304,N/A,Review,0.8
L000339,9.0,0.99832064,0.9989427,0.99921954,0.00039023728,2,0.335693,2,0.4800743538028035,N/A,Review,0.8
L000339,10.0,0.998073,0.99876934,0.9989573,0.0005352614,2,0.28060833,2,0.49651903092864036,N/A,Review,0.8
L000339,11.0,0.99787986,0.9986985,0.9991054,0.0006143001,2,0.29424652,2,0.43702640106654356,N/A,Review,0.8
L000339,12.0,0.9978278,0.9984049,0.9991968,0.0010772167,4,0.13387536,2,0.5219765204748619,N/A,Review,0.8
L000339,13.0,0.9987859,0.99940693,0.9994942,0.0005338877,4,0.1662119,2,0.5212193928720239,N/A,Review,0.8
L000339,14.0,0.9990502,0.9992901,0.9995498,0.0001996623,4,0.046395987,2,0.5684120695751584,N/A,Review,0.8
L000339,15.0,0.99918264,0.9994796,0.99953437,0.0001511817,4,0.019223921,1,0.5618058579509462,N/A,Review,0.8
L000339,16.0,0.99883026,0.999387,0.9995059,0.00028626042,4,0.042500194,2,0.5335616183515204,N/A,Review,0.8
L000339,17.0,0.9992361,0.9991309,0.99960345,0.0003485775,4,0.120129175,2,0.5169701978908452,N/A,Review,0.8
L000339,18.0,0.9989905,0.9995065,0.9995327,0.00037392127,4,0.22801153,0,0.45207189407647413,N/A,Review,0.8
L000339,19.0,0.9986952,0.9992823,0.99956757,0.00045077899,4,0.3303955,2,0.5936270203901034,N/A,Review,0.8
L000339,20.0,0.9987722,0.9992943,0.99951625,0.0006250881,4,0.2304085,2,0.3848224445384694,N/A,Review,0.8
L000339,21.0,0.9987123,0.9994223,0.99954385,0.00043720374,4,0.32788,2,0.33573009515359037,N/A,Review,0.8
L000339,22.0,0.99889994,0.99948657,0.999554,0.0007264858,4,0.3452134,1,0.3863239111670942,N/A,Review,0.8
L000339,,0.9991835,0.9992004,0.9995851,0.0006362288,4,0.18278569,2,0.43480365249209874,N/A,Review,0.8
L000339,24.0,0.99906164,0.99908125,0.99956053,0.00056681817,4,0.32115155,2,0.3852061791780648,N/A,Review,0.8
L000339,,0.99878496,0.99897766,0.99961334,0.00079816085,4,0.22974601,0,0.3917505482330431,N/A,Review,0.8
L000339,26.0,0.9991301,0.99918276,0.999571,0.00073279097,4,0.22393502,0,0.4164086744173464,N/A,Review,0.8
L000339,27.0,0.9986737,0.99946684,0.9997204,0.0005891367,4,0.4719532,0,0.3132427216918167,N/A,Review,0.8
L000339,28.0,0.9987515,0.9991468,0.999514,0.0007246569,4,0.43708655,0,0.37004973232329724,N/A,Review,0.8
L000339,29.0,0.9992349,0.9989279,0.9995414,0.00062065094,4,0.42822608,2,0.3799444356470606,N/A,Review,0.8
L000339,30.0,0.99894553,0.99917835,0.9995134,0.0005301059,4,0.29897475,2,0.31466485673435496,N/A,Review,0.8
L000339,31.0,0.999014,0.99960107,0.999671,0.00048685554,4,0.28986606,2,0.2928979919366528,N/A,Review,0.8
L000339,32.0,0.99914134,0.9994056,0.9996234,0.00091069273,4,0.23463394,2,0.5326266696693738,N/A,Review,0.8
L000339,33.0,0.9989349,0.9995894,0.9996947,0.0006446083,4,0.42551422,0,0.3540481457903905,N/A,Review,0.8
L000339,34.0,0.9991277,0.9994654,0.9996469,0.00075319567,4,0.49276063,3,0.30708834443494437,N/A,Review,0.8
L000339,35.0,0.9991916,0.99939585,0.99959284,0.0006103381,4,0.27922902,3,0.35178716276129773,N/A,Review,0.8
L000339,36.0,0.99922943,0.9993655,0.99948907,0.0008744881,4,0.32309413,0,0.3700132321693243,N/A,Review,0.8
L000339,37.0,0.9992981,0.9993531,0.99958044,0.0003120096,4,0.29972002,3,0.35959469267252875,N/A,Review,0.8
L000339,38.0,0.99928504,0.9993808,0.99956197,0.0003587154,4,0.36250156,0,0.39519221560633117,N/A,Review,0.8
L000339,39.0,0.9992563,0.99950993,0.99959916,0.000685363,4,0.31989613,0,0.3992794472733514,N/A,Review,0.8
L000339,40.0,0.9990095,0.99961984,0.9995566,0.0003619042,4,0.13764364,0,0.38730920953435594,N/A,Review,0.8
L000339,41.0,0.99907887,0.99945265,0.999471,0.00037673756,4,0.3330194,0,0.4133473664088496,N/A,Review,0.8
L000339,42.0,0.9991617,0.9995833,0.99958867,0.00018932403,4,0.29030475,0,0.40097940397634035,N/A,Review,0.8
L000339,43.0,0.99943024,0.99937564,0.999551,0.00015071766,4,0.24606772,2,0.36091850266486847,N/A,Review,0.8
L000339,44.0,0.9993824,0.9995047,0.9995541,0.00013324367,4,0.41235358,0,0.39701241156877876,N/A,Review,0.8
L000339,45.0,0.9992685,0.99956626,0.9996424,0.00012711064,4,0.27481177,0,0.41952650946944825,N/A,Review,0.8
L000339,46.0,0.99929214,0.9992495,0.9995522,0.00021586214,4,0.40222368,0,0.4592001376871394,N/A,Review,0.8
L000339,47.0,0.99924195,0.9994475,0.9995728,0.00026582676,4,0.32162455,2,0.39097513508802495,N/A,Review,0.8
L000339,48.0,0.99937063,0.99948287,0.99962044,0.00024464275,4,0.07117618,0,0.3372925143890916,N/A,Review,0.8
L000339,49.0,0.9994265,0.9995915,0.9996008,0.0002987062,4,0.34568512,0,0.3492498879737377,N/A,Review,0.8
L000339,50.0,0.999323,0.99948174,0.9995933,0.00017184824,4,0.07926764,0,0.4341198538533135,N/A,Review,0.8
L000339,51.0,0.99915123,0.9997228,0.99965143,0.0001479441,4,0.07880587,0,0.4366062860655595,N/A,Review,0.8
L000339,52.0,0.9993445,0.99960774,0.99961996,0.00016990837,4,0.28514114,0,0.4430929718481242,N/A,Review,0.8
L000339,53.0,0.9993104,0.9996247,0.99956924,0.00018381997,4,0.265154,1,0.413717709780124,N/A,Review,0.8
L000341,0.0,0.09036135,0.12211894,0.022014786,0.31614035,3,0.41157806,2,0.4925957182671601,N/A,Review,0.8
L000341,1.0,0.10157202,0.100747496,0.04512807,0.69710183,3,0.29436716,3,0.4661217551257455,N/A,Review,0.8
L000341,2.0,0.054414727,0.15320808,0.03229105,0.78141433,3,0.19044052,2,0.47525798836256217,N/A,Review,0.8
L000341,3.0,0.996845,0.99555606,0.046255514,0.0013236747,0,0.09520909,3,0.5190243495893805,N/A,Review,0.8
L000341,4.0,0.9913088,0.9892616,0.9842812,0.0013691951,1,0.13755801,2,0.5246794473519163,N/A,Review,0.8
L000341,5.0,0.9973706,0.99438816,0.98955804,0.0010902632,1,0.411138,2,0.5246408643870732,N/A,Review,0.8
L000341,6.0,0.99799514,0.9962825,0.99175304,0.00022531,1,0.555514,2,0.4855021786043553,N/A,Review,0.8
L000341,7.0,0.99799347,0.99481446,0.9915038,0.00019108645,1,0.42527574,2,0.546808189223821,N/A,Review,0.8
L000341,8.0,0.99792445,0.99587244,0.9947785,0.00020397411,1,0.16382618,2,0.49733746147139857,N/A,Review,0.8
L000341,9.0,0.99844825,0.998287,0.99858606,0.0003285774,2,0.39942923,2,0.6130522168253236,N/A,Review,0.8
L000341,10.0,0.99847513,0.9976712,0.9987552,0.00033315233,2,0.45051804,2,0.46636029462444784,N/A,Review,0.8
L000341,11.0,0.9987436,0.99888617,0.99909246,0.00039113022,2,0.4737257,2,0.4675127889592247,N/A,Review,0.8
L000341,12.0,0.99846494,0.9969144,0.9991171,0.0012631622,2,0.25900167,2,0.44271221773981334,N/A,Review,0.8
L000341,13.0,0.9981818,0.9979146,0.9992488,0.0004372631,2,0.46742588,2,0.4382299147014427,N/A,Review,0.8
L000341,14.0,0.9988403,0.9990609,0.999511,0.0001733905,2,0.26170084,2,0.5107593624003893,N/A,Review,0.8
L000341,15.0,0.9986772,0.99937385,0.99946827,0.00016720573,2,0.31088614,2,0.49221724763449215,N/A,Review,0.8
L000341,16.0,0.99855953,0.9987826,0.99945587,0.00013575127,2,0.5519503,2,0.47523827122370604,N/A,Review,0.8
L000341,17.0,0.9989868,0.9986865,0.99962914,0.00028728624,2,0.5451773,2,0.45441468943923813,N/A,Review,0.8
L000341,18.0,0.99243236,0.9975504,0.9952297,0.0011988316,4,0.4058775,2,0.5809418454484601,N/A,Review,0.8
L000341,19.0,0.99826306,0.99889815,0.999482,0.0002706938,4,0.31611088,2,0.601158712219504,N/A,Review,0.8
L000341,20.0,0.99891734,0.9989458,0.99950004,0.00021242749,4,0.09884614,2,0.5972435756102533,N/A,Review,0.8
L000341,21.0,0.9992429,0.9991924,0.99960524,8.806839e-05,4,0.26120505,2,0.5112835220162353,N/A,Review,0.8
L000341,22.0,0.99924195,0.9993561,0.9996253,7.526292e-05,4,0.4642636,2,0.5602380915150887,N/A,Review,0.8
L000341,23.0,0.99889284,0.99913543,0.99962866,0.00014512907,4,0.2027366,0,0.5061721702641444,N/A,Review,0.8
L000341,24.0,0.9990017,0.9990613,0.99963677,0.00018582384,4,0.3502694,2,0.5013723064789787,N/A,Review,0.8
L000341,25.0,0.99900275,0.9990796,0.99966455,0.00014223994,4,0.49785927,0,0.4388678063506599,N/A,Review,0.8
L000341,26.0,0.9986945,0.9989943,0.9996655,0.0002113156,4,0.38913727,0,0.4381300523626886,N/A,Review,0.8
L000341,27.0,0.9989962,0.9992975,0.99968517,0.00016057643,4,0.4112478,0,0.39743649866828007,N/A,Review,0.8
L000341,28.0,0.9993406,0.9991154,0.9996877,0.00023342011,4,0.4614281,0,0.4716322827422627,N/A,Review,0.8
L000341,29.0,0.9993862,0.9990646,0.99967694,0.00026821982,4,0.49263486,0,0.4471904118296589,N/A,Review,0.8
L000341,30.0,0.99936336,0.9990798,0.9996786,0.00016103828,4,0.5970731,0,0.4806774331720537,N/A,Review,0.8
L000341,31.0,0.99934345,0.9992093,0.9996637,0.00010789182,4,0.26922905,0,0.4325418592140382,N/A,Review,0.8
L000341,32.0,0.9993445,0.9994987,0.999673,0.00013479777,4,0.1520966,0,0.4019624250452973,N/A,Review,0.8
L000341,,0.9991725,0.9990115,0.9996481,8.259981e-05,4,0.2253428,0,0.40924006793275614,N/A,Review,0.8
L000341,,0.99922454,0.9991136,0.99966013,0.000105660045,4,0.21493067,0,0.43111305164998115,N/A,Review,0.8
L000341,35.0,0.99939835,0.99914265,0.99968874,0.00025629535,4,0.17490876,0,0.4687216434270855,N/A,Review,0.8
L000341,36.0,0.99921167,0.99931157,0.9996687,0.00014914066,4,0.15806629,0,0.4276540199485025,N/A,Review,0.8
L000341,37.0,0.9991961,0.9993493,0.9995976,8.8590525e-05,4,0.17228134,0,0.43529741372145325,N/A,Review,0.8
L000352,0.0,0.13396922,0.13080141,0.08431952,0.7183641,3,0.025842369,2,0.7360953778559534,N/A,Review,0.8
L000352,1.0,0.9966923,0.9976362,0.040321328,0.00069861644,0,0.33193317,3,0.6118252662688158,N/A,Review,0.8
L000352,,0.9856269,0.9627041,0.039451182,0.0002107313,1,0.033794954,2,0.7238420674607762,N/A,Review,0.8
L000352,,0.99823546,0.99664944,0.029114138,0.00038093314,0,0.059266254,2,0.6678400763570491,N/A,Review,0.8
L000352,4.0,0.99556375,0.9972153,0.98721457,0.0017593455,1,0.03551677,3,0.679825418513857,N/A,Review,0.8
L000352,5.0,0.99820006,0.99718827,0.99326867,0.0024907556,1,0.051327337,3,0.6570453354937866,N/A,Review,0.8
L000352,6.0,0.9985911,0.9981542,0.9990577,0.00015185395,2,0.05253532,3,0.6291232614715627,N/A,Review,0.8
L000352,7.0,0.9983714,0.9981164,0.99703753,0.0003267079,2,0.02470136,3,0.6111305912735291,N/A,Review,0.8
L000352,,0.9983542,0.99889404,0.99863356,0.00012143369,4,0.008060157,3,0.7851444126394617,N/A,Review,0.8
L000352,9.0,0.9985996,0.9984592,0.9988219,0.00024481496,4,0.030158002,3,0.7764770884221,N/A,Review,0.8
L000352,10.0,0.998569,0.99845815,0.9992105,0.00053006876,4,0.013083086,3,0.8869350898885786,N/A,Review,0.8
L000352,11.0,0.9989691,0.9994831,0.99955326,0.00021846668,4,0.021518515,2,0.6404662531490225,N/A,Review,0.8
L000352,12.0,0.9954835,0.9985839,0.9955397,0.0016744877,4,0.018008286,3,0.6919335585954817,N/A,Review,0.8
L000352,13.0,0.9988961,0.9996426,0.99957293,0.00038006387,4,0.090503685,2,0.5811556222382376,N/A,Review,0.8
L000352,,0.9989054,0.9993761,0.9995122,9.211582e-05,4,0.03210265,3,0.5401078274991424,N/A,Review,0.8
L000352,15.0,0.9990103,0.9993894,0.99948525,0.00025624965,4,0.00956392,3,0.8020848028100449,N/A,Review,0.8
L000352,16.0,0.9988181,0.99948126,0.9994918,0.00016161035,4,0.020421699,3,0.6053161588095456,N/A,Review,0.8
L000352,17.0,0.998898,0.9995266,0.9995142,0.00015907867,4,0.0347386,3,0.6287800730982247,N/A,Review,0.8
L000352,18.0,0.99885917,0.99944645,0.999474,0.00057010946,4,0.03889026,3,0.6029868606275355,N/A,Review,0.8
L000352,19.0,0.9989428,0.9994537,0.9995741,0.0005451618,4,0.04124062,3,0.5916513719591971,N/A,Review,0.8
L000352,20.0,0.99909425,0.99942625,0.99960595,0.0003149384,4,0.050801758,3,0.6761706054215132,N/A,Review,0.8
L000352,21.0,0.99911183,0.99944943,0.9995648,0.0002730393,4,0.059244964,3,0.6066447155492962,N/A,Review,0.8
L000352,22.0,0.99850535,0.9994369,0.9996433,0.00016015563,4,0.08488672,3,0.504939711073068,N/A,Review,0.8
L000352,23.0,0.9990042,0.99938166,0.999608,0.00024036357,4,0.079185076,3,0.5787481015625331,N/A,Review,0.8
L000352,24.0,0.9989079,0.9995999,0.9996388,0.00022045412,4,0.034489177,3,0.5537087883385201,N/A,Review,0.8
L000352,25.0,0.9989636,0.9995734,0.9996345,0.00025009183,4,0.1303898,3,0.5485971448303542,N/A,Review,0.8
L000352,26.0,0.9984516,0.9994766,0.99956447,0.00068824785,4,0.02915063,3,0.4844449907048963,N/A,Review,0.8
L000352,27.0,0.99908113,0.9996088,0.99960595,0.00035192104,4,0.19613487,3,0.5608695518256724,N/A,Review,0.8
L000352,28.0,0.9991099,0.99960417,0.99960893,0.00037688983,4,0.23583618,3,0.5527927187787595,N/A,Review,0.8
L000352,29.0,0.9987067,0.9995906,0.9997149,0.00073988916,4,0.28377783,3,0.4131971060286998,N/A,Review,0.8
L000352,30.0,0.9989636,0.99963367,0.9996247,0.00025080342,4,0.076752655,3,0.5772268308554788,N/A,Review,0.8
L000352,31.0,0.99916375,0.9995515,0.9996202,0.00012707684,4,0.10219643,3,0.5867031878448941,N/A,Review,0.8
L000352,32.0,0.999025,0.9996501,0.9996352,0.00015077113,4,0.11982652,3,0.5573938343231317,N/A,Review,0.8
L000352,33.0,0.9991048,0.99964213,0.9996352,9.112195e-05,4,0.1832592,3,0.5304448932634489,N/A,Review,0.8
L000352,34.0,0.9990497,0.9995426,0.99954575,0.00018030337,4,0.13153301,3,0.7213497824131128,N/A,Review,0.8
L000352,35.0,0.9991166,0.99952686,0.99954814,9.930696e-05,4,0.25768307,3,0.5440955559882417,N/A,Review,0.8
L000352,36.0,0.9991872,0.99951303,0.9995722,8.882789e-05,4,0.36915097,3,0.5718950775453436,N/A,Review,0.8
L000352,37.0,0.9990201,0.9996437,0.9995534,0.00010251489,4,0.05141694,0,0.7200237429958058,N/A,Review,0.8
L000352,38.0,0.9991462,0.9995597,0.9995733,6.0752067e-05,4,0.14797702,3,0.5624565073398139,N/A,Review,0.8
L000352,39.0,0.99903935,0.9996631,0.99957544,4.857875e-05,4,0.08432581,3,0.5953375431868804,N/A,Review,0.8
L000352,40.0,0.9992416,0.99962556,0.99957305,7.746257e-05,4,0.101465955,0,0.5636874407712431,N/A,Review,0.8
L000352,41.0,0.99596196,0.9991485,0.9969579,0.000121049045,4,0.11939545,3,0.5762011611172784,N/A,Review,0.8
L000352,42.0,0.99912125,0.9996606,0.9996081,0.00018137711,4,0.21087343,3,0.4670210737201951,N/A,Review,0.8
L000352,43.0,0.99906987,0.9996214,0.9996069,7.6642435e-05,4,0.22418663,3,0.5272775805052892,N/A,Review,0.8
L000352,44.0,0.9992142,0.9996556,0.99965036,7.622435e-05,4,0.26272005,3,0.5509239975744099,N/A,Review,0.8
L000352,45.0,0.99908435,0.9996439,0.99969053,0.00019997153,4,0.26698238,3,0.5452035231070184,N/A,Review,0.8
L000352,46.0,0.9992499,0.99957234,0.9996991,0.00033956324,4,0.19593205,3,0.6301545658405194,N/A,Review,0.8
L000352,47.0,0.9991134,0.99961275,0.99968517,0.00017087196,4,0.2472762,2,0.5617528876055378,N/A,Review,0.8
L000352,48.0,0.9990701,0.99966204,0.9996617,0.00012789131,4,0.266067,3,0.5545244970276296,N/A,Review,0.8
L000352,49.0,0.9992091,0.99968946,0.99967194,0.00011820719,4,0.21172012,3,0.574717071961622,N/A,Review,0.8
L000352,50.0,0.99927956,0.99970955,0.9996711,9.524465e-05,4,0.28010115,1,0.5380572922395812,N/A,Review,0.8
L000352,51.0,0.99911195,0.9996551,0.99967086,0.0001669873,4,0.075352676,2,0.6757307467975644,N/A,Review,0.8
L000352,52.0,0.9989116,0.9996295,0.9996598,0.00020715257,4,0.19851004,1,0.6512060529210882,N/A,Review,0.8
L000352,,0.99897987,0.9996835,0.9996043,0.00026113927,4,0.08919141,1,0.6182147516874282,N/A,Review,0.8
L000352,54.0,0.9991115,0.99976593,0.99964607,9.9419434e-05,4,0.109448045,2,0.5619937875760836,N/A,Review,0.8
L000352,55.0,0.9992951,0.9997172,0.99965763,0.000102355865,4,0.09198572,2,0.6115727661713447,N/A,Review,0.8
L000352,56.0,0.9992767,0.99974567,0.9996309,0.00011761992,4,0.13118152,2,0.6170203439157349,N/A,Review,0.8
L000352,57.0,0.99664056,0.9995441,0.99836284,0.00014696746,4,0.036990758,2,0.47286741648716124,N/A,Review,0.8
L000352,58.0,0.99926394,0.9997073,0.9996457,0.00019582345,4,0.048219994,2,0.6291674627669313,N/A,Review,0.8
L000356,0.0,0.15565822,0.18131515,0.09593923,0.20648251,3,0.21405421,2,0.5595150823007242,N/A,Review,0.8
L000356,1.0,0.18288693,0.3380011,0.09903868,0.16913927,3,0.029512987,3,0.5443815040640825,N/A,Review,0.8
L000356,2.0,0.8604553,0.90584165,0.041367687,0.048842315,0,0.053599652,2,0.45232731578901386,N/A,Review,0.8
L000356,3.0,0.9952872,0.9940732,0.99149007,0.00061304495,1,0.06628243,3,0.5345945195836762,N/A,Review,0.8
L000356,4.0,0.99766314,0.9973992,0.9987218,0.0014632117,2,0.056075376,2,0.5450485903411688,N/A,Review,0.8
L000356,5.0,0.99590707,0.99372923,0.99763095,0.0009446497,2,0.12590005,0,0.5215521684006603,N/A,Review,0.8
L000356,6.0,0.99759454,0.99572927,0.9990546,0.00022779578,2,0.077855214,0,0.5951959074523243,N/A,Review,0.8
L000356,7.0,0.9969505,0.99442816,0.9989749,0.00016561597,2,0.18985242,0,0.6098346291337202,N/A,Review,0.8
L000356,8.0,0.99849105,0.99735093,0.999335,0.00021246799,2,0.2699657,2,0.5849849979458759,N/A,Review,0.8
L000356,9.0,0.9986234,0.99869305,0.99943787,0.00020345121,2,0.44913888,2,0.5395250158016205,N/A,Review,0.8
L000356,10.0,0.99811804,0.9974853,0.9992849,0.00086616667,4,0.11950096,2,0.5304663615825576,N/A,Review,0.8
L000356,11.0,0.99898547,0.9985177,0.99953496,0.00026426103,4,0.065132394,2,0.693898107299042,N/A,Review,0.8
L000356,12.0,0.99904996,0.9987381,0.999619,0.00026594716,4,0.0428019,2,0.6433031594762895,N/A,Review,0.8
L000356,13.0,0.99884254,0.9987575,0.9996189,0.00019431837,4,0.05276028,2,0.6039686086986924,N/A,Review,0.8
L000356,14.0,0.99873704,0.9988702,0.99967253,0.00012136759,4,0.035321712,2,0.5962115665912238,N/A,Review,0.8
L000356,15.0,0.9989042,0.9991209,0.9997048,0.00013577742,4,0.02232476,3,0.6312878166200341,N/A,Review,0.8
L000356,16.0,0.9991093,0.9989077,0.99959594,0.00021660062,4,0.0634358,3,0.499624220179336,N/A,Review,0.8
L000356,17.0,0.9988005,0.999134,0.99963284,0.00015727272,4,0.029054925,2,0.691348457863352,N/A,Review,0.8
L000356,18.0,0.99893504,0.9990984,0.9996728,0.0001634527,4,0.08384575,3,0.5644330912815487,N/A,Review,0.8
L000356,19.0,0.9991762,0.9990608,0.9996675,0.00016089047,4,0.07872211,2,0.580145527249508,N/A,Review,0.8
L000356,20.0,0.9992487,0.99894875,0.9996259,0.0001695976,4,0.10482081,2,0.5921714636147046,N/A,Review,0.8
L000356,21.0,0.9990368,0.99919873,0.99968994,0.00021405116,4,0.05172528,2,0.4216937422515473,N/A,Review,0.8
L000356,22.0,0.9990262,0.99851006,0.9996586,0.0002555565,4,0.16555808,2,0.47348798828003325,N/A,Review,0.8
L000356,23.0,0.9989887,0.9989053,0.9996542,0.00017510176,4,0.084339194,2,0.5109005221705226,N/A,Review,0.8
L000356,24.0,0.9993326,0.9986547,0.99958056,0.00019815094,4,0.15039323,2,0.49544935106334304,N/A,Review,0.8
L000356,25.0,0.9949846,0.9985733,0.99725986,0.0006506878,4,0.14680237,3,0.4534793654040143,N/A,Review,0.8
L000356,26.0,0.9987632,0.9983689,0.9996401,0.00026552987,4,0.16142868,3,0.5076534427714854,N/A,Review,0.8
L000356,27.0,0.99924755,0.9990314,0.9996388,0.00019772103,4,0.11609664,3,0.5310131215872406,N/A,Review,0.8
L000356,28.0,0.9993079,0.9991192,0.999622,0.00024261746,4,0.17405297,2,0.46096388296148444,N/A,Review,0.8
L000356,29.0,0.999243,0.9990013,0.9996612,0.00032830652,4,0.2047372,2,0.4209654399847809,N/A,Review,0.8
L000356,30.0,0.999218,0.99923766,0.9996829,0.00014690525,4,0.11811132,3,0.4896963011588912,N/A,Review,0.8
L000356,31.0,0.9993882,0.9988354,0.9996698,0.00010605595,4,0.15621716,2,0.4830277001191712,N/A,Review,0.8
L000356,32.0,0.99876535,0.99907553,0.9996778,0.00013847825,4,0.14137052,0,0.48604166445918473,N/A,Review,0.8
L000356,33.0,0.99920267,0.99918586,0.9997236,0.00011783018,4,0.2581366,2,0.497092822654714,N/A,Review,0.8
L000356,34.0,0.99589396,0.99742484,0.9981534,0.00043336538,4,0.17257442,3,0.49076178784715224,N/A,Review,0.8
L000356,35.0,0.9990207,0.9991328,0.99971396,0.00014450397,4,0.1783023,3,0.46767569489998184,N/A,Review,0.8
L000356,36.0,0.99922216,0.99929154,0.999742,0.00011210029,4,0.21173029,3,0.5307370469238081,N/A,Review,0.8
L000356,37.0,0.99912864,0.999342,0.99971837,6.71277e-05,4,0.12756205,3,0.5003316771657373,N/A,Review,0.8
L000356,38.0,0.9993765,0.99929345,0.9996619,0.00012051959,4,0.25616243,0,0.4640426612603218,N/A,Review,0.8
L000356,39.0,0.99919933,0.99945384,0.99969506,0.00015547304,4,0.123103656,0,0.44869229152970425,N/A,Review,0.8
L000356,40.0,0.99911493,0.9994765,0.9996929,7.26057e-05,4,0.05011673,0,0.4976343995349599,N/A,Review,0.8
L000356,41.0,0.9993529,0.9994629,0.9997427,0.00011970502,4,0.09583059,0,0.5347945472527825,N/A,Review,0.8
L000356,42.0,0.9992048,0.9995253,0.99971133,0.00014355934,4,0.08826588,2,0.4269401871434654,N/A,Review,0.8
L000356,43.0,0.9991911,0.99945706,0.9997243,3.130354e-05,4,0.1198397,0,0.4561737997556959,N/A,Review,0.8
L000356,44.0,0.9994142,0.99934727,0.9997003,4.7553865e-05,4,0.25302702,0,0.520031955885633,N/A,Review,0.8
L000356,45.0,0.99944025,0.99930274,0.99970067,7.2470604e-05,4,0.31262743,0,0.5436136941113822,N/A,Review,0.8
L000356,46.0,0.999218,0.99964786,0.99971694,2.4114335e-05,4,0.17007604,0,0.4745900613919093,N/A,Review,0.8
L000356,47.0,0.99944025,0.99928963,0.99970067,6.0296683e-05,4,0.3291208,0,0.5571752421007845,N/A,Review,0.8
L000356,48.0,0.9992304,0.9994159,0.99975044,4.4274904e-05,4,0.17472245,1,0.6025500249683269,N/A,Review,0.8
L000356,49.0,0.9993032,0.99947685,0.9996921,5.176651e-05,4,0.12853801,1,0.5164705542858463,N/A,Review,0.8
L000356,50.0,0.99697125,0.99871397,0.9984773,8.63224e-05,4,0.04829793,1,0.5838497189521236,N/A,Review,0.8
L000356,,0.9988456,0.9992749,0.9996668,4.8122693e-05,4,0.03376714,1,0.5677831070413581,N/A,Review,0.8
L000356,52.0,0.99943465,0.9995402,0.999688,3.3140983e-05,4,0.09453438,1,0.5652910573732914,N/A,Review,0.8
L000356,53.0,0.99917763,0.9995641,0.99971205,3.725223e-05,4,0.15173541,1,0.5626035529640878,N/A,Review,0.8
L000356,54.0,0.9992324,0.9994935,0.9997003,4.1727413e-05,4,0.1645242,1,0.5776251846485314,N/A,Review,0.8
L000356,55.0,0.9992568,0.9995592,0.9997403,3.656533e-05,4,0.2553633,3,0.5977918099955328,N/A,Review,0.8
L000356,56.0,0.99922526,0.99963987,0.9997117,2.7303518e-05,4,0.052462973,0,0.5523202928318307,N/A,Review,0.8
L000356,57.0,0.9992607,0.99937916,0.99966073,7.827888e-05,4,0.2106427,1,0.656390290855072,N/A,Review,0.8
L000356,58.0,0.9989128,0.99951637,0.99967766,1.9467745e-05,4,0.034862682,0,0.5850590276427085,N/A,Review,0.8
L000356,59.0,0.99940443,0.99951184,0.9996761,2.60317e-05,4,0.073578216,3,0.6688179268361373,N/A,Review,0.8
L000356,60.0,0.99944764,0.99956495,0.9996995,3.6653902e-05,4,0.09747036,2,0.6607895553041843,N/A,Review,0.8
L000356,61.0,0.9991887,0.99951804,0.9996816,0.00020093998,4,0.0455785,1,0.6735627732860185,N/A,Review,0.8
L000356,62.0,0.9993111,0.9996358,0.9996792,7.628747e-05,4,0.06855056,3,0.5477744889762711,N/A,Review,0.8
L000356,63.0,0.99918765,0.99966156,0.9997032,0.00018761307,4,0.024656156,3,0.6984603663681019,N/A,Review,0.8
L000356,64.0,0.9990845,0.9995946,0.9996904,6.901468e-05,4,0.04772861,3,0.578339273154101,N/A,Review,0.8
L000356,65.0,0.99914813,0.9994869,0.9997476,8.3817045e-05,4,0.059983492,3,0.5682550131240731,N/A,Review,0.8
L000356,66.0,0.9992878,0.9994179,0.9996947,7.85755e-05,4,0.08632502,2,0.664190288723431,N/A,Review,0.8
L000356,67.0,0.99935764,0.99942786,0.9996841,0.00011145109,4,0.064410366,1,0.6170645736949114,N/A,Review,0.8
L000356,68.0,0.99726284,0.9984201,0.997815,0.00025262905,4,0.120340295,2,0.6369236769313092,N/A,Review,0.8
L000356,69.0,0.99916863,0.9994784,0.9997173,0.000120881574,4,0.07574726,2,0.6223688298008159,N/A,Review,0.8
L000356,70.0,0.99917245,0.9993513,0.999686,9.877506e-05,4,0.051011108,2,0.7060263353963735,N/A,Review,0.8
L000356,71.0,0.99938,0.999514,0.99966574,0.00019929578,4,0.012225511,2,0.5921589064931683,N/A,Review,0.8
L000356,72.0,0.9990785,0.9993112,0.9996487,0.00015948707,4,0.041459423,2,0.6059416384133907,N/A,Review,0.8
L000356,73.0,0.999373,0.999356,0.9996145,0.00011823018,4,0.063246965,2,0.6124296660487298,N/A,Review,0.8
L000356,74.0,0.99929,0.99943036,0.9996611,9.58087e-05,4,0.029109659,2,0.6519746655946821,N/A,Review,0.8
L000356,75.0,0.9993212,0.99952936,0.9996699,7.558212e-05,4,0.062995404,0,0.6825934579146011,N/A,Review,0.8
L000356,76.0,0.99936897,0.9994261,0.99969304,7.433027e-05,4,0.09922097,0,0.6951365919887322,N/A,Review,0.8
L000356,77.0,0.9994449,0.9996012,0.99972695,3.3713262e-05,4,0.14228855,2,0.6515122532391975,N/A,Review,0.8
L000356,78.0,0.9994246,0.9994516,0.9996989,6.1029918e-05,4,0.050082352,0,0.7037400845966826,N/A,Review,0.8
L000356,79.0,0.9991579,0.99947494,0.9997248,6.3072024e-05,4,0.02692455,0,0.7291636981437917,N/A,Review,0.8
L000356,80.0,0.99927026,0.99942327,0.9997185,4.3121203e-05,4,0.016206993,2,0.7300522958266638,N/A,Review,0.8
L000356,81.0,0.99923456,0.9995889,0.9997118,6.0408394e-05,4,0.12884843,0,0.6929085273792255,N/A,Review,0.8
L000356,82.0,0.999388,0.99952614,0.9997048,5.890842e-05,4,0.07128893,0,0.7631269550164453,N/A,Review,0.8
L000356,83.0,0.99926215,0.9995328,0.9997062,0.00015097397,4,0.033517458,0,0.8656012843272511,N/A,Review,0.8
L000356,84.0,0.99911207,0.9995154,0.9997255,0.000116861156,4,0.012255513,0,0.8002568846703937,N/A,Review,0.8
L000356,85.0,0.9994,0.9995316,0.999681,7.4621385e-05,4,0.020525968,2,0.78685016187454,N/A,Review,0.8
L000356,86.0,0.99918944,0.9993505,0.9997265,7.0363356e-05,4,0.010286237,2,0.8008418992402062,N/A,Review,0.8
L000356,87.0,0.9990564,0.99938047,0.99974674,0.00011917429,4,0.028562114,0,0.7960730932911935,N/A,Review,0.8
L000356,88.0,0.999114,0.9993649,0.99968445,0.00020678119,4,0.06828103,0,0.7901251815320313,N/A,Review,0.8
L000356,89.0,0.9993655,0.9994752,0.9996973,0.00011248738,4,0.053710982,0,0.8342239414118653,N/A,Review,0.8
L000356,90.0,0.99734,0.9988085,0.9977424,0.00039862253,4,0.014775972,0,0.942444989132942,N/A,Review,0.8
L000356,91.0,0.99926,0.9995426,0.99971277,0.0001928872,4,0.06295464,0,0.6165380142821326,N/A,Review,0.8
L000356,92.0,0.9991516,0.999546,0.99969554,0.00012744452,4,0.052066755,0,0.832817016842152,N/A,Review,0.8
L000356,93.0,0.9993974,0.99937636,0.99964416,0.00010967725,4,0.01694037,2,0.8711105209254477,N/A,Review,0.8
L000356,94.0,0.99921715,0.99950206,0.9997029,0.00016575975,4,0.058396306,0,0.8984479739220101,N/A,Review,0.8
L000356,95.0,0.9993636,0.9995654,0.999676,8.309191e-05,4,0.18528926,0,0.7489700355670692,N/A,Review,0.8
L000356,96.0,0.99928266,0.9995796,0.9997112,0.00010482729,4,0.052908346,0,0.8384753968114393,N/A,Review,0.8
L000356,97.0,0.99928266,0.99949443,0.9997048,0.00014361671,4,0.023246141,0,0.8907817379279528,N/A,Review,0.8
L000367,0.0,0.056668688,0.08821286,0.041893195,0.3750231,3,0.16411573,2,0.5127064398916729,N/A,Review,0.8
L000367,1.0,0.041891128,0.1180273,0.06290226,0.33359805,3,0.21789181,3,0.45847854939406363,N/A,Review,0.8
L000367,2.0,0.040098764,0.13156377,0.050628446,0.7141199,3,0.29619595,3,0.4213806600702139,N/A,Review,0.8
L000367,3.0,0.032262366,0.08346369,0.041036136,0.76456064,3,0.1107502,3,0.45271837472729193,N/A,Review,0.8
L000367,4.0,0.044604056,0.0890109,0.043591622,0.6657653,3,0.090041004,3,0.41720425120542015,N/A,Review,0.8
L000367,5.0,0.06465203,0.119115405,0.06421349,0.44521055,3,0.28203097,3,0.3810063289497111,N/A,Review,0.8
L000367,6.0,0.07122932,0.2040154,0.05869815,0.3069137,3,0.13547325,3,0.42020420136062087,N/A,Review,0.8
L000367,7.0,0.84720063,0.8145395,0.053346146,0.0151514765,0,0.21403883,3,0.4455968044420461,N/A,Review,0.8
L000367,8.0,0.99794906,0.99758863,0.0662149,0.00044201553,0,0.26206183,2,0.5105795370182101,N/A,Review,0.8
L000367,9.0,0.9964833,0.9983419,0.0274821,0.00034952455,0,0.6445037,2,0.48614532110072073,N/A,Review,0.8
L000367,10.0,0.9971102,0.99729353,0.038831208,0.00035315298,0,0.6660648,2,0.451886524012388,N/A,Review,0.8
L000367,11.0,0.99782133,0.9983429,0.03884563,0.0002774611,0,0.21127611,2,0.45264965723076017,N/A,Review,0.8
L000367,12.0,0.997092,0.9979012,0.031316936,0.00026777934,0,0.10082655,2,0.5191643204968708,N/A,Review,0.8
L000367,13.0,0.99787354,0.9979759,0.070335306,0.00065976364,0,0.34174293,2,0.4725495743551379,N/A,Review,0.8
L000367,14.0,0.99576086,0.99765116,0.9931098,0.00037145024,1,0.22827402,2,0.3361267496552537,N/A,Review,0.8
L000367,15.0,0.99813664,0.99744713,0.99594647,0.0009877769,1,0.21556428,2,0.3809617920721783,N/A,Review,0.8
L000367,16.0,0.1865345,0.058325566,0.058762934,0.2810321,3,0.16666259,2,0.39551608773323177,N/A,Review,0.8
L000367,17.0,0.13525979,0.080375016,0.09358173,0.5715397,3,0.17660277,2,0.42584485703887964,N/A,Review,0.8
L000367,18.0,0.13076484,0.06472152,0.079765156,0.7772662,3,0.13172576,2,0.4450128951349217,N/A,Review,0.8
L000367,19.0,0.09226026,0.05460538,0.033004098,0.547982,3,0.17779443,2,0.4252285767654307,N/A,Review,0.8
L000367,20.0,0.071654044,0.06562419,0.027152343,0.47395262,3,0.2934297,2,0.4649841181455719,N/A,Review,0.8
L000367,21.0,0.06479139,0.06814602,0.039685115,0.5547024,3,0.2597753,1,0.39815510191856923,N/A,Review,0.8
L000367,22.0,0.06223803,0.05618153,0.03665867,0.3161114,3,0.24830508,2,0.42916260559836594,N/A,Review,0.8
L000367,23.0,0.06373478,0.084208414,0.0622457,0.35999492,3,0.28718793,2,0.3804493590667418,N/A,Review,0.8
L000367,24.0,0.07014846,0.14891042,0.059220437,0.331714,3,0.22953384,3,0.3658874908092515,N/A,Review,0.8
L000367,25.0,0.08018848,0.1207362,0.067943186,0.30789837,3,0.27877238,0,0.38567853072507907,N/A,Review,0.8
L000367,26.0,0.054086596,0.18669276,0.066235304,0.63454914,3,0.30833724,3,0.40085450410456336,N/A,Review,0.8
L000367,27.0,0.06414317,0.23084134,0.074372515,0.8251416,3,0.18719636,0,0.38744609539843383,N/A,Review,0.8
L000367,28.0,0.8928688,0.96869296,0.116482355,0.035713103,0,0.13212581,3,0.43609546860265835,N/A,Review,0.8
L000367,29.0,0.87336785,0.94564086,0.78950894,0.0033823652,1,0.07408634,3,0.42445902318224393,N/A,Review,0.8
L000367,30.0,0.9941346,0.99669206,0.9966672,0.0002666291,1,0.24257207,3,0.5409807617088959,N/A,Review,0.8
L000367,31.0,0.99697053,0.99733645,0.99513876,8.2498496e-05,1,0.12461627,3,0.5145196950208772,N/A,Review,0.8
L000367,32.0,0.9968214,0.9959858,0.99588853,0.0001944179,1,0.34494913,1,0.5174689881529224,N/A,Review,0.8
L000367,33.0,0.9973578,0.99362963,0.9986308,0.00033166038,1,0.3440016,1,0.48168538456317067,N/A,Review,0.8
L000367,34.0,0.99709976,0.9971149,0.99813026,0.0004542358,1,0.24979667,1,0.46681018239264577,N/A,Review,0.8
L000367,35.0,0.9955515,0.9977633,0.9979183,0.00028789218,1,0.3182957,0,0.46740829915612525,N/A,Review,0.8
L000367,36.0,0.9974095,0.9985385,0.9994374,0.00028150968,2,0.19615322,0,0.497422460457569,N/A,Review,0.8
L000367,37.0,0.9982712,0.9988028,0.99922633,0.000358598,2,0.22222213,0,0.4815910024604834,N/A,Review,0.8
L000367,38.0,0.9980001,0.9975629,0.99940836,0.00026327296,2,0.39397964,0,0.5442004995387313,N/A,Review,0.8
L000367,39.0,0.99692446,0.9982963,0.99945253,0.00019073478,2,0.44838184,1,0.553289698998471,N/A,Review,0.8
L000367,40.0,0.9979855,0.9987147,0.99945086,0.00014561882,2,0.2618801,1,0.5264417980820952,N/A,Review,0.8
L000367,41.0,0.9986298,0.9988838,0.99956614,0.00032006964,4,0.083830856,1,0.5733852652611986,N/A,Review,0.8
L000367,42.0,0.9982127,0.99907494,0.9995952,0.0005744442,4,0.2193007,3,0.5583488666483201,N/A,Review,0.8
L000367,43.0,0.9988984,0.99903,0.9995976,4.9116305e-05,4,0.15880181,1,0.5834547132201151,N/A,Review,0.8
L000367,44.0,0.9987847,0.99897003,0.99961096,0.00010203749,4,0.35700557,1,0.5183815573588799,N/A,Review,0.8
L000367,45.0,0.99862087,0.9992435,0.9996057,0.00027483096,4,0.21491535,3,0.5612209476672161,N/A,Review,0.8
L000367,46.0,0.99486804,0.99873084,0.9975309,0.00046947543,4,0.17008232,0,0.5073835426767221,N/A,Review,0.8
L000367,47.0,0.9991442,0.9994524,0.9996251,0.00021958249,4,0.34325862,0,0.4391762003374633,N/A,Review,0.8
L000367,48.0,0.99911743,0.9991786,0.9995889,0.00027830756,4,0.34821674,0,0.48288231368593626,N/A,Review,0.8
L000367,49.0,0.99901354,0.99929726,0.99962425,0.00031345026,4,0.22594982,0,0.5282987734789905,N/A,Review,0.8
L000367,50.0,0.99892896,0.99933136,0.9996026,0.0003674606,4,0.2861062,0,0.43146453294133225,N/A,Review,0.8
L000367,51.0,0.99868864,0.9993175,0.9996221,0.00048016265,4,0.14347708,3,0.4927421481861827,N/A,Review,0.8
L000367,52.0,0.99893135,0.9993704,0.9996909,0.00045245534,4,0.24512887,2,0.41432826355728114,N/A,Review,0.8
L000367,53.0,0.9989208,0.99928904,0.99959034,0.00023933862,4,0.22330834,3,0.42339258545666536,N/A,Review,0.8
L000367,54.0,0.9988913,0.9993605,0.9995876,0.00016646378,4,0.215773,3,0.46603315204856954,N/A,Review,0.8
L000367,55.0,0.99920744,0.99927074,0.9996476,0.00020202924,4,0.35882828,0,0.46237500690008937,N/A,Review,0.8
L000367,56.0,0.99890983,0.9993086,0.9996557,0.00022657258,4,0.34258786,3,0.49939401079544515,N/A,Review,0.8
L000367,57.0,0.9988416,0.9994221,0.9996555,0.00023735675,4,0.2468551,3,0.46663941293066985,N/A,Review,0.8
L000367,58.0,0.99918777,0.99934655,0.9996395,0.00020095416,4,0.3365658,3,0.49391597756330835,N/A,Review,0.8
L000367,59.0,0.99917275,0.99935573,0.9996408,0.00024077184,4,0.28859276,3,0.4725579742346748,N/A,Review,0.8
L000367,60.0,0.99875295,0.9994822,0.9996524,0.00017818021,4,0.21803947,3,0.4565472271515716,N/A,Review,0.8
L000367,61.0,0.9991235,0.9995005,0.999653,0.00025396625,4,0.28973413,3,0.4691395305123043,N/A,Review,0.8
L000367,62.0,0.9988042,0.9994653,0.99967134,0.00020559279,4,0.24915849,3,0.5443060837120192,N/A,Review,0.8
L000367,63.0,0.9989613,0.99970204,0.99971527,0.00018725617,4,0.28858343,0,0.4511420502705263,N/A,Review,0.8
L000367,64.0,0.99917275,0.99937564,0.9996408,0.00026726793,4,0.13485906,3,0.5028142409846333,N/A,Review,0.8
L000367,65.0,0.99923265,0.9992643,0.99964154,0.00024871313,4,0.2796981,2,0.5334713079703788,N/A,Review,0.8
L000367,66.0,0.99919623,0.999426,0.99960726,0.00015790503,4,0.17435426,2,0.5526836474458059,N/A,Review,0.8
L000367,67.0,0.9991235,0.9995573,0.999653,0.00018734047,4,0.17106062,2,0.5306970476022779,N/A,Review,0.8
L000367,68.0,0.9990722,0.99956185,0.9996598,0.00014786934,4,0.3410245,0,0.6003699162328042,N/A,Review,0.8
L000367,69.0,0.9990288,0.9995721,0.99971324,0.0002206663,4,0.19071494,1,0.5170764680353224,N/A,Review,0.8
L000367,70.0,0.9993765,0.9995259,0.999701,0.00019218316,4,0.25982317,1,0.5926841775175374,N/A,Review,0.8
L000367,71.0,0.9990688,0.9996369,0.9996488,0.0001271304,4,0.13729946,1,0.5840586078377732,N/A,Review,0.8
L000367,72.0,0.99911433,0.99945563,0.9996362,0.00015826711,4,0.41732064,0,0.5486192574658061,N/A,Review,0.8
L000367,73.0,0.9989525,0.9996234,0.99965584,0.00024364298,4,0.25418535,1,0.5822295338961693,N/A,Review,0.8
L000367,74.0,0.9992455,0.99939704,0.9996357,0.00034126738,4,0.52826315,1,0.6576294046360054,N/A,Review,0.8
L000367,75.0,0.9991316,0.9994368,0.9996107,0.00028948442,4,0.24765372,1,0.6564296639849905,N/A,Review,0.8
L000367,76.0,0.9992555,0.9994962,0.9997069,0.00041644546,4,0.20367423,0,0.6194953434607391,N/A,Review,0.8
L000367,77.0,0.9989786,0.9995283,0.99963856,0.00019644153,4,0.22695772,1,0.6529076373050382,N/A,Review,0.8
L000367,,0.9986456,0.9994338,0.9996425,0.00020226576,4,0.14888288,0,0.6944796457719089,N/A,Review,0.8
L000367,79.0,0.9990638,0.99952686,0.99960786,0.0001734199,4,0.042482123,0,0.6925461234034376,N/A,Review,0.8
L000367,80.0,0.99924266,0.999466,0.99966407,0.0002849132,4,0.26111183,0,0.6940476288257817,N/A,Review,0.8
L000367,81.0,0.9990382,0.99956864,0.99964297,0.00015844105,4,0.091687925,0,0.6686736890568548,N/A,Review,0.8
L000367,82.0,0.9989478,0.99940026,0.9996283,0.00014451153,4,0.06579965,1,0.698189565489255,N/A,Review,0.8
L000367,83.0,0.9991934,0.9994979,0.99965787,0.00020425007,4,0.11399508,0,0.751805434007139,N/A,Review,0.8
L000367,84.0,0.9991934,0.9994979,0.99965787,0.00020425007,4,0.13794418,0,0.7334086159426068,N/A,Review,0.8
L000367,85.0,0.9990676,0.99963,0.99963796,0.00025649654,4,0.102481894,0,0.6927495783724664,N/A,Review,0.8
L000367,86.0,0.99883276,0.9994696,0.99959356,0.0001517671,4,0.014987305,0,0.6900486558729698,N/A,Review,0.8
L000367,87.0,0.9988084,0.99951506,0.9996425,0.0005968784,4,0.019317217,0,0.6365556248100255,N/A,Review,0.8
L000367,88.0,0.99889565,0.99930143,0.9995943,0.0005315862,4,0.05235244,0,0.8267345927768404,N/A,Review,0.8
L000367,89.0,0.99918145,0.9992861,0.9996152,0.0004075708,4,0.0832666,0,0.7426825598306559,N/A,Review,0.8
L000367,90.0,0.9990792,0.9993487,0.9996141,0.00030048285,4,0.022246914,0,0.7361031913698519,N/A,Review,0.8
L000367,91.0,0.994942,0.9982796,0.996181,0.0007834399,4,0.028182402,0,0.8105423405395181,N/A,Review,0.8
L000367,92.0,0.9964868,0.99898905,0.9978254,0.00041927802,4,0.073452964,0,0.7210621771989124,N/A,Review,0.8
L000367,93.0,0.99851745,0.9994222,0.9995819,0.00035144715,4,0.056829415,0,0.662394506582223,N/A,Review,0.8
L000367,94.0,0.99898416,0.9994567,0.99959403,0.0007376925,4,0.08487804,0,0.7257583927536859,N/A,Review,0.8
L000367,,0.99849665,0.999164,0.99959034,0.0006059521,4,0.04018372,0,0.7308911549351004,N/A,Review,0.8
L000368,0.0,0.10024051,0.082616284,0.090672426,0.1705191,3,0.28811377,2,0.619177749105774,N/A,Review,0.8
L000368,1.0,0.96130246,0.8720808,0.09933613,0.0005803425,0,0.11389512,2,0.7144236825447101,N/A,Review,0.8
L000368,2.0,0.9704293,0.95231885,0.07264013,0.0016719723,1,0.1874267,2,0.7114708985814477,N/A,Review,0.8
L000368,3.0,0.9980451,0.9974655,0.061829127,0.0020161336,0,0.088433854,2,0.6732301581825347,N/A,Review,0.8
L000368,,0.99789125,0.99786454,0.06503792,0.0012052504,0,0.09274231,2,0.658965384295483,N/A,Review,0.8
L000368,5.0,0.9977952,0.9984131,0.06503093,0.00081937364,0,0.17119035,2,0.6891481489417868,N/A,Review,0.8
L000368,6.0,0.99714977,0.9977915,0.06329476,0.0009912065,0,0.21437217,2,0.6230532070529174,N/A,Review,0.8
L000368,7.0,0.9968688,0.9974348,0.11116196,0.00061628217,0,0.053956766,2,0.5831493795842221,N/A,Review,0.8
L000368,8.0,0.9973923,0.9964831,0.9930148,0.0006385253,1,0.19642854,2,0.6133220754254345,N/A,Review,0.8
L000368,9.0,0.9968479,0.99805707,0.9962618,0.00024342937,1,0.23045239,2,0.6080580705400762,N/A,Review,0.8
L000368,10.0,0.9977216,0.9988539,0.999183,0.00013350413,2,0.13324521,2,0.6164330142835457,N/A,Review,0.8
L000368,11.0,0.99798346,0.9984825,0.9992355,0.00013851932,2,0.073741645,2,0.6280007338105117,N/A,Review,0.8
L000368,12.0,0.99792105,0.99891686,0.99909866,9.0750196e-05,2,0.14572035,2,0.6351676515653304,N/A,Review,0.8
L000368,13.0,0.9962817,0.9984291,0.99909616,0.00030403477,2,0.20563021,2,0.5801747064117455,N/A,Review,0.8
L000368,14.0,0.99748373,0.99921846,0.999281,9.958766e-05,2,0.273028,2,0.6370017636607964,N/A,Review,0.8
L000368,15.0,0.9977076,0.9993562,0.99931943,0.00018510057,2,0.26003435,2,0.6236418197993775,N/A,Review,0.8
L000368,16.0,0.9972752,0.9991755,0.99937797,0.00033139455,2,0.26371154,2,0.58702206458939,N/A,Review,0.8
L000368,17.0,0.99818355,0.9992586,0.9996401,0.00037891668,2,0.28282484,2,0.6328770996500097,N/A,Review,0.8
L000368,18.0,0.99822444,0.9993382,0.99950004,0.00014661626,2,0.29895243,2,0.7684656619506425,N/A,Review,0.8
L000368,19.0,0.9980798,0.9994148,0.9995148,0.0001418688,2,0.31151205,2,0.6691493961680852,N/A,Review,0.8
L000368,20.0,0.997934,0.9988965,0.9996039,0.00032127966,2,0.06739127,2,0.5726455193990427,N/A,Review,0.8
L000368,21.0,0.99796605,0.99929464,0.9995228,9.3838375e-05,2,0.08885949,2,0.6315817965554829,N/A,Review,0.8
L000368,22.0,0.99797875,0.9990753,0.9995777,0.00015172674,2,0.10215968,2,0.6766672936588165,N/A,Review,0.8
L000368,23.0,0.99810934,0.99943405,0.99955314,0.00010364961,2,0.21809724,2,0.6136339875692438,N/A,Review,0.8
L000368,24.0,0.9982993,0.99932516,0.9995289,0.0001859144,2,0.16932179,2,0.6669840540332252,N/A,Review,0.8
L000368,25.0,0.99703336,0.99941266,0.99958223,0.00014924238,4,0.21641935,2,0.5775608509848031,N/A,Review,0.8
L000368,26.0,0.9979365,0.99922085,0.9995022,0.00033634828,2,0.13981415,2,0.6458970081726394,N/A,Review,0.8
L000368,27.0,0.99801326,0.99940133,0.9995546,0.0003610405,2,0.26633546,2,0.6122781818434788,N/A,Review,0.8
L000368,28.0,0.9977223,0.9993499,0.9995442,0.0003016174,2,0.18341409,2,0.7283421749476541,N/A,Review,0.8
L000368,29.0,0.9983169,0.99909914,0.99950266,0.0003111277,2,0.31148264,2,0.641842251009233,N/A,Review,0.8
L000368,30.0,0.9980197,0.9995357,0.9995571,0.0007444516,4,0.11777111,2,0.5949659464373728,N/A,Review,0.8
L000368,31.0,0.99889946,0.9995272,0.9996166,0.0001507523,4,0.11791708,2,0.7457388793572307,N/A,Review,0.8
L000368,32.0,0.9986482,0.9996019,0.99965847,0.00025720574,4,0.053256962,2,0.7988203396543845,N/A,Review,0.8
L000368,33.0,0.99869967,0.99962294,0.9996338,4.5439316e-05,4,0.07951882,0,0.7213430739027233,N/A,Review,0.8
L000368,34.0,0.9959617,0.99827707,0.9971438,0.00038502362,4,0.20095256,2,0.7265741632023055,N/A,Review,0.8
L000368,35.0,0.9987777,0.9995443,0.9996356,7.92864e-05,4,0.10805156,2,0.7077262939868738,N/A,Review,0.8
L000368,36.0,0.99888164,0.99952435,0.9996439,5.4231463e-05,4,0.23560546,0,0.5826958407532961,N/A,Review,0.8
L000368,37.0,0.99898344,0.99958044,0.9996171,5.2611067e-05,4,0.2624281,2,0.6087525920573774,N/A,Review,0.8
L000368,38.0,0.9990115,0.9996087,0.99961996,4.8842878e-05,4,0.06796694,2,0.609160654185148,N/A,Review,0.8
L000368,39.0,0.9991161,0.99952626,0.9995565,0.00014313738,4,0.29791504,2,0.6058539452485663,N/A,Review,0.8
L000368,40.0,0.99906963,0.99957305,0.9996395,9.151075e-05,4,0.18534598,2,0.623577696209358,N/A,Review,0.8
L000368,41.0,0.99906427,0.9995547,0.999616,9.669699e-05,4,0.22331741,2,0.5764322448779331,N/A,Review,0.8
L000368,42.0,0.9990393,0.9995246,0.9995839,6.353437e-05,4,0.33107832,2,0.6422507472020784,N/A,Review,0.8
L000368,43.0,0.9989814,0.99953616,0.99962056,3.445245e-05,4,0.15407197,2,0.6953286431561254,N/A,Review,0.8
L000368,44.0,0.99909294,0.99956876,0.99963653,2.6053283e-05,4,0.2554266,2,0.6351245353330719,N/A,Review,0.8
L000368,45.0,0.99886787,0.99958664,0.9996277,2.9607167e-05,4,0.28080937,2,0.6341252991487208,N/A,Review,0.8
L000368,46.0,0.99884987,0.9994752,0.9996345,3.8091515e-05,4,0.31273913,2,0.6805899235192547,N/A,Review,0.8
L000368,47.0,0.9992092,0.99939597,0.9996582,7.249196e-05,4,0.42700973,0,0.6632033574120513,N/A,Review,0.8
L000369,0.0,0.04246424,0.047666494,0.05446951,0.46679226,3,0.7545639,2,0.5241609527500245,N/A,Review,0.8
L000369,1.0,0.081011534,0.106573336,0.074009456,0.4770496,3,0.1731713,2,0.43278104095701786,N/A,Review,0.8
L000369,2.0,0.08201551,0.09735825,0.04420538,0.7740512,3,0.45351276,2,0.44147782508827926,N/A,Review,0.8
L000369,3.0,0.071253054,0.059333444,0.03847239,0.7425546,3,0.2452355,2,0.4462679959304742,N/A,Review,0.8
L000369,4.0,0.05131125,0.028884118,0.04739682,0.7808149,3,0.24546175,2,0.4316083056177043,N/A,Review,0.8
L000369,5.0,0.99761665,0.9977743,0.060809955,0.00094321114,0,0.36614814,3,0.47440378078774376,N/A,Review,0.8
L000369,6.0,0.99773586,0.9968934,0.08901119,0.0006042724,0,0.28137136,0,0.4926774710784988,N/A,Review,0.8
L000369,7.0,0.99772924,0.99838626,0.064670645,0.00039093746,0,0.12074985,0,0.5360089589094393,N/A,Review,0.8
L000369,8.0,0.9982887,0.99781066,0.04702512,0.00047334106,0,0.28829485,0,0.4674705712391949,N/A,Review,0.8
L000369,9.0,0.9977552,0.99826956,0.037201818,0.0006075687,0,0.46641323,0,0.39893827813868,N/A,Review,0.8
L000369,10.0,0.9973232,0.9982608,0.04654026,0.00074214744,0,0.3657661,0,0.44802033055918605,N/A,Review,0.8
L000369,11.0,0.997269,0.9980469,0.033986226,0.0009821581,0,0.46865293,0,0.5199250571753582,N/A,Review,0.8
L000369,12.0,0.99794513,0.99831545,0.05186005,0.0009384705,0,0.3286843,0,0.46535923820097325,N/A,Review,0.8
L000369,13.0,0.99678326,0.9988373,0.08626293,0.0007403853,0,0.33840057,0,0.4578505519081701,N/A,Review,0.8
L000370,0.0,0.025214674,0.06612106,0.030654,0.06145012,3,0.35875094,2,0.5164891812252538,N/A,Review,0.8
L000370,1.0,0.041586865,0.05436316,0.06301931,0.023498448,3,0.038018987,3,0.45724582664825336,N/A,Review,0.8
L000370,2.0,0.06860977,0.097848475,0.06548396,0.05009238,3,0.13834052,3,0.48854625441892136,N/A,Review,0.8
L000370,3.0,0.058272254,0.06790764,0.043980714,0.03706855,3,0.34242028,3,0.48924659632628387,N/A,Review,0.8
L000370,4.0,0.057900075,0.06815803,0.03836124,0.05415608,3,0.37513968,3,0.4715123818765348,N/A,Review,0.8
L000370,5.0,0.07086948,0.08427217,0.047426693,0.100253336,3,0.45343214,3,0.48802486499624903,N/A,Review,0.8
L000370,6.0,0.9957467,0.9956346,0.04587026,0.00025413727,0,0.3252505,2,0.5012930789216629,N/A,Review,0.8
L000370,7.0,0.9971046,0.9975303,0.07755376,0.00024026896,0,0.1788889,0,0.49838629261977574,N/A,Review,0.8
L000370,8.0,0.99709916,0.9980421,0.111587495,0.00026359645,0,0.24524698,0,0.4610451469375455,N/A,Review,0.8
L000370,9.0,0.9973431,0.9988617,0.05612536,0.0002473024,0,0.44800118,0,0.5152394738541772,N/A,Review,0.8
L000370,10.0,0.99483573,0.99714833,0.99216944,0.0001894441,1,0.5156219,0,0.4742843013519442,N/A,Review,0.8
L000370,11.0,0.9962955,0.99793845,0.9962084,0.00012658908,1,0.4013887,0,0.4897769637921664,N/A,Review,0.8
L000370,12.0,0.9959364,0.99737465,0.9975478,0.00014348776,1,0.42296135,0,0.4557362259647474,N/A,Review,0.8
L000370,13.0,0.9958164,0.9978885,0.99685466,0.0005701173,1,0.29853728,2,0.35560588362256296,N/A,Review,0.8
L000370,14.0,0.9611064,0.9909623,0.98975325,0.0043267235,1,0.28258362,2,0.366814373004482,N/A,Review,0.8
L000370,15.0,0.996816,0.998214,0.99897444,0.00087278575,2,0.30307552,0,0.4072339430990326,N/A,Review,0.8
L000370,16.0,0.99716693,0.998602,0.9987935,0.0005190693,2,0.21479897,2,0.40718919181307145,N/A,Review,0.8
L000370,17.0,0.99593604,0.99770015,0.99910694,0.00043633024,4,0.08215515,0,0.6572759873268958,N/A,Review,0.8
L000370,18.0,0.99827766,0.9986112,0.9994124,8.590803e-05,4,0.23040472,0,0.5689071560737503,N/A,Review,0.8
L000370,19.0,0.9986626,0.998917,0.999597,0.00015695751,4,0.17400816,2,0.6887760048248477,N/A,Review,0.8
L000370,20.0,0.9982603,0.9985911,0.9994617,0.00014701119,4,0.13368364,0,0.5540617736555904,N/A,Review,0.8
L000370,21.0,0.99850035,0.999175,0.9995326,0.0010026017,4,0.31444797,0,0.4507353274348669,N/A,Review,0.8
L000370,22.0,0.99829406,0.99864966,0.9995921,0.000119550125,4,0.13735233,0,0.535627671770524,N/A,Review,0.8
L000370,23.0,0.9983261,0.9991153,0.999446,0.00072127953,4,0.23773761,0,0.5083913884108328,N/A,Review,0.8
L000370,24.0,0.99891245,0.999428,0.9995432,0.00036160694,4,0.27408874,2,0.4760804162305705,N/A,Review,0.8
L000370,25.0,0.9976926,0.9980342,0.99954116,0.00019969563,4,0.49474925,2,0.5039619411382339,N/A,Review,0.8
L000370,26.0,0.9981194,0.9988463,0.9995185,0.0009453168,4,0.46469536,3,0.4235082040625181,N/A,Review,0.8
L000370,27.0,0.99830604,0.9991454,0.99951255,0.00023710977,4,0.40534016,2,0.46706670403625994,N/A,Review,0.8
L000370,28.0,0.9984707,0.9991579,0.99954814,0.00022997109,4,0.26769167,2,0.4838094101161777,N/A,Review,0.8
L000370,29.0,0.998285,0.99898785,0.9996941,0.00056775304,4,0.3005703,3,0.6432949622450832,N/A,Review,0.8
L000370,30.0,0.9986547,0.9996803,0.99962807,0.0010154078,4,0.5090986,2,0.40607404243167433,N/A,Review,0.8
L000370,31.0,0.9983333,0.9992574,0.99958867,0.00039121206,4,0.6014384,2,0.5106279957972748,N/A,Review,0.8
L000370,32.0,0.99832946,0.9991136,0.9995478,0.0003800628,4,0.42106184,0,0.3840811570866677,N/A,Review,0.8
L000370,33.0,0.9985166,0.9992656,0.9995478,0.00020647662,4,0.47486526,0,0.36305171436022865,N/A,Review,0.8
L000370,34.0,0.9985227,0.9993507,0.99966204,7.660984e-05,4,0.42750084,0,0.47634945547737534,N/A,Review,0.8
L000370,35.0,0.9989945,0.99978226,0.99962354,0.00016468657,4,0.2065674,2,0.5121879041368831,N/A,Review,0.8
L000370,36.0,0.99882513,0.99935335,0.999567,0.00016473384,4,0.52714056,2,0.48018186754747816,N/A,Review,0.8
L000370,37.0,0.99857366,0.99943084,0.99955624,4.969648e-05,4,0.25438413,0,0.5093438151217393,N/A,Review,0.8
L000370,38.0,0.99845684,0.99932337,0.99963725,7.0649985e-05,4,0.37225252,0,0.48249792771376193,N/A,Review,0.8
L000370,39.0,0.9986627,0.99938715,0.9995365,9.260198e-05,4,0.4401891,2,0.48113421963276953,N/A,Review,0.8
L000370,40.0,0.99842274,0.9993206,0.9995908,4.0500654e-05,4,0.2609005,0,0.45679944254240107,N/A,Review,0.8
L000370,41.0,0.998669,0.999474,0.999587,9.106314e-05,4,0.31570494,2,0.48012113411465707,N/A,Review,0.8
L000370,42.0,0.9990005,0.99951077,0.9995993,0.00010389452,4,0.49400815,2,0.4832153660346973,N/A,Review,0.8
L000370,43.0,0.99877447,0.99947375,0.999637,4.9295508e-05,4,0.30484274,2,0.5181769930501693,N/A,Review,0.8
L000370,44.0,0.99889284,0.9995085,0.9996797,3.797125e-05,4,0.44537303,2,0.5168152258479842,N/A,Review,0.8
L000370,45.0,0.9990933,0.9998579,0.9995772,5.7436708e-05,4,0.39744765,0,0.3585953129239661,N/A,Review,0.8
L000370,46.0,0.9988372,0.9995454,0.9995648,2.9763914e-05,4,0.32631588,0,0.5062691161909875,N/A,Review,0.8
L000370,47.0,0.9986089,0.9994654,0.99965274,2.3574168e-05,4,0.25279412,0,0.5420734882890669,N/A,Review,0.8
L000370,48.0,0.9988803,0.99952924,0.9996352,2.6896896e-05,4,0.27287275,0,0.4992793028078192,N/A,Review,0.8
L000370,49.0,0.99890363,0.9994374,0.9996356,5.0584094e-05,4,0.26810604,0,0.5093249028739751,N/A,Review,0.8
L000370,50.0,0.99890316,0.9995258,0.99960035,8.190253e-05,4,0.3161272,0,0.4942989601481693,N/A,Review,0.8
L000370,,0.9983541,0.999305,0.9996126,3.184926e-05,4,0.19613187,0,0.5717158247296243,N/A,Review,0.8
L000370,52.0,0.9987858,0.9995802,0.9996923,2.7900785e-05,4,0.20136799,0,0.5313336732875726,N/A,Review,0.8
L000370,53.0,0.998696,0.9995797,0.9996093,3.490552e-05,4,0.2965477,0,0.5143831796530789,N/A,Review,0.8
L000370,54.0,0.9988445,0.99971086,0.99964356,5.34947e-05,4,0.10462468,2,0.5078892778519897,N/A,Review,0.8
L000370,55.0,0.9985856,0.9996145,0.99963844,1.38183295e-05,4,0.41431504,0,0.5483126989764645,N/A,Review,0.8
L000370,56.0,0.99874437,0.9996339,0.9996916,1.5010541e-05,4,0.24119484,0,0.6163218784520903,N/A,Review,0.8
L000370,57.0,0.9987264,0.9995592,0.99969316,3.20843e-05,4,0.42872325,0,0.5954483185397292,N/A,Review,0.8
L000370,58.0,0.99863213,0.9996195,0.9996203,1.6930922e-05,4,0.38296628,0,0.5530735376886264,N/A,Review,0.8
L000370,59.0,0.998754,0.99958915,0.9996178,2.65419e-05,4,0.36961055,0,0.5979789480531927,N/A,Review,0.8
L000370,60.0,0.9988991,0.99967766,0.9996012,2.582937e-05,4,0.41182464,1,0.5851895130602403,N/A,Review,0.8
L000370,61.0,0.9987545,0.9997894,0.9996476,2.3815566e-05,4,0.029601788,1,0.5940363189402239,N/A,Review,0.8
L000370,62.0,0.9989415,0.9997856,0.9995665,3.7292004e-05,4,0.01669486,1,0.5138888404215805,N/A,Review,0.8
L000370,63.0,0.99881774,0.9996791,0.9995419,1.5747846e-05,4,0.029456675,1,0.6336577803724044,N/A,Review,0.8
L000370,64.0,0.9985856,0.99960583,0.9996333,1.1075281e-05,4,0.09140099,1,0.6465441110060866,N/A,Review,0.8
L000370,65.0,0.99913543,0.99968696,0.99960166,2.7778658e-05,4,0.15209877,1,0.6852051338524783,N/A,Review,0.8
L000370,66.0,0.9989506,0.99960715,0.99956244,2.7170738e-05,4,0.11899726,1,0.6936726842273535,N/A,Review,0.8
L000370,67.0,0.99886996,0.9997532,0.9996038,4.1371957e-05,4,0.013808274,1,0.5906887490920123,N/A,Review,0.8
L000370,68.0,0.9985856,0.99961805,0.9996333,1.0663998e-05,4,0.087344214,2,0.6862325809728904,N/A,Review,0.8
L000370,69.0,0.9954457,0.9989711,0.99695945,4.1015024e-05,4,0.14000662,1,0.7034061150137931,N/A,Review,0.8
L000370,70.0,0.9990196,0.99953246,0.9996246,3.5370853e-05,4,0.16719936,2,0.7089149910552182,N/A,Review,0.8
L000370,71.0,0.9987789,0.9996407,0.9996872,1.154455e-05,4,0.052473858,2,0.7357134798628973,N/A,Review,0.8
L000370,72.0,0.99874914,0.99954623,0.99963105,1.0484352e-05,4,0.035713077,2,0.7193919793719428,N/A,Review,0.8
L000370,73.0,0.9989052,0.9996445,0.9996618,1.7311655e-05,4,0.026578626,2,0.7487056051865029,N/A,Review,0.8
L000370,74.0,0.9989052,0.9996445,0.9996618,1.533877e-05,4,0.06681478,2,0.722656803519386,N/A,Review,0.8
L000370,75.0,0.99897397,0.99955755,0.9996119,3.053436e-05,4,0.16402459,0,0.7649002721477927,N/A,Review,0.8
L000370,76.0,0.9988697,0.99975365,0.99960476,2.1443966e-05,4,0.06872821,0,0.6884484831913131,N/A,Review,0.8
L000370,77.0,0.9987882,0.9995927,0.9996145,2.2462798e-05,4,0.15173912,0,0.7563352889137683,N/A,Review,0.8
L000370,78.0,0.998955,0.9996927,0.999658,1.9977066e-05,4,0.02792531,0,0.8153746885341426,N/A,Review,0.8
L000370,79.0,0.99892175,0.9996407,0.9995908,2.0803156e-05,4,0.14068684,0,0.7636532002507483,N/A,Review,0.8
L000372,0.0,0.11185041,0.12817538,0.07920721,0.243953,3,0.14448248,2,0.6214264723541701,N/A,Review,0.8
L000372,1.0,0.06363566,0.2296924,0.066525854,0.55809367,3,0.2473213,0,0.5699742253354076,N/A,Review,0.8
L000372,2.0,0.069944926,0.16222095,0.04356505,0.7714185,3,0.28166747,0,0.5016430229394673,N/A,Review,0.8
L000372,3.0,0.99677664,0.9963477,0.037147827,0.004210119,0,0.07769435,2,0.558828021617572,N/A,Review,0.8
L000372,4.0,0.049316023,0.1340103,0.07363204,0.71344274,3,0.0154921,2,0.4528177581704384,N/A,Review,0.8
L000372,5.0,0.058517765,0.1796902,0.051882878,0.7091826,3,0.112687536,0,0.5067295547749451,N/A,Review,0.8
L000372,6.0,0.12101703,0.052269656,0.03640648,0.47458366,3,0.072139256,2,0.504043691797779,N/A,Review,0.8
L000372,7.0,0.058117002,0.0764344,0.04153871,0.6267416,3,0.25519168,2,0.5332264288335145,N/A,Review,0.8
L000372,8.0,0.11688883,0.1545837,0.06453873,0.5858569,3,0.2557655,0,0.5540723710089686,N/A,Review,0.8
L000372,9.0,0.109329104,0.14776048,0.05530943,0.41280526,3,0.24878883,0,0.6606087974082102,N/A,Review,0.8
L000372,10.0,0.04740341,0.13194782,0.061925437,0.832964,3,0.4481793,0,0.523867839124635,N/A,Review,0.8
L000372,11.0,0.9964707,0.993885,0.032315742,0.006832961,0,0.4199067,2,0.5282729887553008,N/A,Review,0.8
L000372,12.0,0.9970475,0.9957112,0.038044028,0.0028260224,0,0.290635,2,0.5606821986564863,N/A,Review,0.8
L000372,13.0,0.996797,0.9980052,0.054498766,0.002964304,0,0.4294765,0,0.4932819569583496,N/A,Review,0.8
L000372,14.0,0.9977963,0.99734914,0.13977754,0.00079465396,0,0.28665125,2,0.5181066255392388,N/A,Review,0.8
L000372,15.0,0.99714416,0.99841595,0.051540658,0.0010863815,0,0.17277732,2,0.517602687401254,N/A,Review,0.8
L000372,16.0,0.99841094,0.9982686,0.07228202,0.000899563,0,0.2546377,2,0.4553969779260906,N/A,Review,0.8
L000372,,0.9983171,0.9981425,0.06953696,0.0012030103,0,0.2673711,2,0.4767722637194264,N/A,Review,0.8
L000372,18.0,0.9987225,0.9968676,0.08437095,0.0010538824,0,0.349821,2,0.44853239854113236,N/A,Review,0.8
L000372,19.0,0.99838316,0.9965244,0.05068508,0.0013431784,0,0.56198496,2,0.43583045385983676,N/A,Review,0.8
L000372,20.0,0.998064,0.9947312,0.99443024,0.0015909064,1,0.21194811,2,0.37670223310741513,N/A,Review,0.8
L000372,21.0,0.99762744,0.99798965,0.9983707,0.0002538188,2,0.14145543,2,0.3874565047320626,N/A,Review,0.8
L000372,22.0,0.99433243,0.99481565,0.99797827,0.0002715709,4,0.062218744,2,0.5934327679588911,N/A,Review,0.8
L000372,23.0,0.9982627,0.9956767,0.9990853,0.0003543593,4,0.15257849,2,0.6462185451034957,N/A,Review,0.8
L000372,24.0,0.9982609,0.99415755,0.9992174,0.00025740592,4,0.22105739,2,0.6674484934468223,N/A,Review,0.8
L000372,25.0,0.9984738,0.9970651,0.99933225,0.00017812365,4,0.1628283,2,0.6206202938069081,N/A,Review,0.8
L000372,26.0,0.9987054,0.99831617,0.9995758,0.00042077672,4,0.16157085,2,0.5749621886176152,N/A,Review,0.8
L000372,27.0,0.99928683,0.99880207,0.99968445,0.00020724958,4,0.22355866,2,0.605502470033398,N/A,Review,0.8
L000372,28.0,0.99934155,0.99906415,0.9996543,0.00014621056,4,0.2278719,2,0.507354854598778,N/A,Review,0.8
L000372,29.0,0.99890625,0.9992256,0.9995981,0.00022744853,4,0.18054001,2,0.39547151450208773,N/A,Review,0.8
L000372,30.0,0.99907494,0.9993868,0.99960953,0.00012318508,4,0.27713683,2,0.4704887505649151,N/A,Review,0.8
L000372,31.0,0.9990859,0.9994654,0.9996282,7.875342e-05,4,0.21045837,2,0.49962255488362195,N/A,Review,0.8
L000372,32.0,0.9993781,0.9991749,0.9996469,9.8356526e-05,4,0.23692179,2,0.5384588193715076,N/A,Review,0.8
L000372,33.0,0.9992349,0.99955934,0.9996947,7.2153816e-05,4,0.12230851,2,0.5387655995982392,N/A,Review,0.8
L000372,34.0,0.996385,0.9988636,0.9980451,0.00019792229,4,0.13062485,2,0.5282617233379013,N/A,Review,0.8
L000372,35.0,0.9992005,0.9994178,0.9996574,0.00011413066,4,0.2799912,2,0.4770905580948502,N/A,Review,0.8
L000372,36.0,0.9989718,0.99966097,0.9996427,0.00012618235,4,0.1786912,2,0.44625203154445015,N/A,Review,0.8
L000372,37.0,0.99914193,0.9996704,0.9996512,5.865108e-05,4,0.30380914,2,0.4648538789210674,N/A,Review,0.8
L000372,38.0,0.9993407,0.99955195,0.99962044,7.4007185e-05,4,0.21767762,2,0.48926987737146505,N/A,Review,0.8
L000372,39.0,0.9992065,0.99962544,0.99961424,4.2560197e-05,4,0.18082938,2,0.4640739290269802,N/A,Review,0.8
L000372,40.0,0.9994522,0.99947435,0.99957436,8.988001e-05,4,0.06264344,1,0.44953381151726607,N/A,Review,0.8
L000372,41.0,0.9993259,0.9995378,0.9995919,0.00014759057,4,0.13117765,1,0.4372735563041752,N/A,Review,0.8
L000372,42.0,0.9993087,0.999665,0.9996264,4.525825e-05,4,0.116838045,1,0.47284487524132557,N/A,Review,0.8
L000372,43.0,0.99926883,0.99971944,0.9996443,2.9016093e-05,4,0.08416954,1,0.5121214798657407,N/A,Review,0.8
L000372,44.0,0.99929047,0.9996809,0.9996661,5.84586e-05,4,0.08750068,1,0.48248758801944236,N/A,Review,0.8
L000372,45.0,0.99943024,0.99968016,0.99961686,4.01661e-05,4,0.3517668,1,0.455077787535398,N/A,Review,0.8
L000372,46.0,0.9984863,0.9984212,0.9978381,7.456028e-05,4,0.24689229,1,0.5720625416909526,N/A,Review,0.8
L000372,47.0,0.99929774,0.9995653,0.99964964,8.484907e-05,4,0.2714546,1,0.4890819824901882,N/A,Review,0.8
L000372,48.0,0.9993864,0.9995777,0.9996107,4.947513e-05,4,0.2387775,0,0.5097662229238993,N/A,Review,0.8
L000372,49.0,0.9994734,0.99967754,0.9996376,5.2206e-05,4,0.12248721,0,0.4971735154297253,N/A,Review,0.8
L000372,,0.9988738,0.99913484,0.99956614,0.00015303514,4,0.0809686,2,0.6102439303548189,N/A,Review,0.8
L000372,51.0,0.9992925,0.999546,0.9995148,0.00013875212,4,0.1966775,2,0.5273134662496709,N/A,Review,0.8
L000372,52.0,0.9991303,0.9994875,0.99950516,0.00014657769,4,0.09971543,2,0.48109907541909636,N/A,Review,0.8
L000372,53.0,0.9991289,0.9995346,0.9994648,0.00012503633,4,0.20576808,2,0.46454612028728104,N/A,Review,0.8
L000372,54.0,0.99907076,0.9995096,0.9994648,8.915163e-05,4,0.10879361,2,0.4696779848297149,N/A,Review,0.8
L000372,55.0,0.99924695,0.9993988,0.9995004,9.697993e-05,4,0.39569974,2,0.5786839243340913,N/A,Review,0.8
L000372,56.0,0.99912196,0.99952376,0.9994759,6.587903e-05,4,0.16615386,2,0.4477386922762331,N/A,Review,0.8
L000372,57.0,0.99943894,0.99960107,0.9995784,6.846764e-05,4,0.17470534,2,0.5170166368060709,N/A,Review,0.8
L000372,58.0,0.99919575,0.99974054,0.99954224,8.233001e-05,4,0.07226513,2,0.45259459868815616,N/A,Review,0.8
L000372,59.0,0.9993705,0.99946517,0.9995363,0.000115945426,4,0.30754292,2,0.5032890824677071,N/A,Review,0.8
L000372,60.0,0.9991615,0.9995345,0.999527,8.443846e-05,4,0.16548009,2,0.516875937536789,N/A,Review,0.8
L000372,61.0,0.9994838,0.9994167,0.9995677,6.299069e-05,4,0.34041005,2,0.527411064199148,N/A,Review,0.8
L000372,62.0,0.9992132,0.99971634,0.99956185,4.1849715e-05,4,0.033699997,2,0.5214838549762669,N/A,Review,0.8
L000372,63.0,0.9993327,0.99966145,0.99955994,4.2765005e-05,4,0.038934253,2,0.4942150838575696,N/A,Review,0.8
L000372,64.0,0.99917895,0.9997292,0.9996183,4.795173e-05,4,0.03632965,2,0.5012920590156337,N/A,Review,0.8
L000372,65.0,0.999209,0.999691,0.99953485,4.213327e-05,4,0.032111697,2,0.5201089316251482,N/A,Review,0.8
L000372,,0.998642,0.99929214,0.9995547,5.7932557e-05,4,0.024965156,2,0.5538033697424075,N/A,Review,0.8
L000372,67.0,0.99954295,0.99937385,0.9996444,6.915302e-05,4,0.033948373,2,0.5907056908606604,N/A,Review,0.8
L000372,68.0,0.999382,0.9996878,0.9996055,4.0267238e-05,4,0.09366711,2,0.5630646110741292,N/A,Review,0.8
L000372,69.0,0.9992422,0.99964464,0.9995803,2.9199271e-05,4,0.06890675,2,0.5680333278195702,N/A,Review,0.8
L000372,70.0,0.99928856,0.9996617,0.9995943,3.649033e-05,4,0.032947723,2,0.6107038975825292,N/A,Review,0.8
L000372,71.0,0.9995223,0.99946374,0.9996259,3.7540274e-05,4,0.068145975,2,0.6851224229482415,N/A,Review,0.8
L000372,72.0,0.999493,0.9995214,0.9995915,3.584909e-05,4,0.051151592,2,0.6726036817491232,N/A,Review,0.8
L000372,73.0,0.9992193,0.9996699,0.999587,3.5376892e-05,4,0.04337046,2,0.632782930949934,N/A,Review,0.8
L000372,74.0,0.999385,0.9995894,0.9996055,3.9457107e-05,4,0.33739185,2,0.6787057698312884,N/A,Review,0.8
L000372,75.0,0.9994043,0.99967337,0.9995957,5.0290695e-05,4,0.08956798,0,0.6554494974577834,N/A,Review,0.8
L000372,76.0,0.9991647,0.99961394,0.9995351,8.254036e-05,4,0.019435372,0,0.743939233767769,N/A,Review,0.8
L000372,77.0,0.9991906,0.99961275,0.99954516,6.716292e-05,4,0.029109694,0,0.6604135518197651,N/A,Review,0.8
L000372,78.0,0.99920183,0.99961424,0.9995166,8.587003e-05,4,0.01987183,0,0.6561994678483698,N/A,Review,0.8
L000372,79.0,0.9991738,0.9996791,0.9995442,8.4615225e-05,4,0.07790907,0,0.5906906588951588,N/A,Review,0.8
L000372,80.0,0.9990947,0.99963915,0.9994734,5.4108055e-05,4,0.008999605,0,0.6998982706882085,N/A,Review,0.8
L000372,81.0,0.99935347,0.99963856,0.99951124,8.887652e-05,4,0.0076014544,0,0.8259434734862867,N/A,Review,0.8
L000372,82.0,0.99717474,0.9987411,0.9965473,0.00013011516,4,0.02033365,0,0.7473244909604715,N/A,Review,0.8
L000372,83.0,0.9994307,0.99953103,0.99951506,9.854232e-05,4,0.01487806,2,0.7371705899597534,N/A,Review,0.8
L000372,84.0,0.99913424,0.9995322,0.99955565,9.779884e-05,4,0.01173524,0,0.7669409886308052,N/A,Review,0.8
L000372,85.0,0.99926156,0.9994955,0.99955934,8.6156935e-05,4,0.030645644,0,0.7072328771590227,N/A,Review,0.8
L000372,86.0,0.9994049,0.9996031,0.99956113,8.242804e-05,4,0.022526396,0,0.6972589746454625,N/A,Review,0.8
L000372,87.0,0.9993772,0.99951243,0.9995565,9.102381e-05,4,0.022760525,0,0.7496278261519096,N/A,Review,0.8
L000378,0.0,0.1018459,0.12519222,0.061351985,0.5280378,3,0.03924263,2,0.5650554104154739,N/A,Review,0.8
L000378,1.0,0.09195557,0.12744258,0.03373845,0.2786082,3,0.060450803,2,0.6219684945366762,N/A,Review,0.8
L000378,2.0,0.9959282,0.99598855,0.055541884,0.00089417415,0,0.10292119,3,0.5337942610390065,N/A,Review,0.8
L000378,3.0,0.9959527,0.9959857,0.0552185,0.00091928564,0,0.037400592,2,0.5676077344144691,N/A,Review,0.8
L000378,,0.9971027,0.9974706,0.05329577,0.00059177744,0,0.2381794,2,0.5962293245894736,N/A,Review,0.8
L000378,5.0,0.997053,0.9977271,0.03374697,0.0017625752,0,0.28952378,2,0.5540526338938676,N/A,Review,0.8
L000378,,0.996058,0.99737966,0.041898344,0.00036020076,0,0.25421765,2,0.55915223331151,N/A,Review,0.8
L000378,7.0,0.9972882,0.9981425,0.04279096,0.00081153226,0,0.18398292,2,0.5565250195241751,N/A,Review,0.8
L000378,8.0,0.9959953,0.99695325,0.039441824,0.0008836376,0,0.079677716,2,0.4737286734859326,N/A,Review,0.8
L000378,,0.9962859,0.9984738,0.033768184,0.0004263635,0,0.32914913,2,0.5514428625446447,N/A,Review,0.8
L000378,10.0,0.9965946,0.9987173,0.03525574,0.0007737591,0,0.25453156,2,0.5198321492586083,N/A,Review,0.8
L000378,11.0,0.9955368,0.9987219,0.035800252,0.00068144867,0,0.1705692,2,0.539371348471535,N/A,Review,0.8
L000378,12.0,0.9960912,0.9988495,0.036068007,0.0009857819,0,0.16809833,2,0.4381126157653466,N/A,Review,0.8
L000378,13.0,0.99658465,0.9982566,0.040483575,0.0006795883,0,0.2718991,2,0.5276311356808321,N/A,Review,0.8
L000378,14.0,0.99686384,0.9989367,0.118203245,0.00020353524,0,0.21729313,2,0.5487085897849734,N/A,Review,0.8
L000378,15.0,0.9970938,0.999052,0.060096536,0.0006942691,0,0.446418,2,0.5207845548067469,N/A,Review,0.8
L000378,16.0,0.99629164,0.9984127,0.03824028,0.00056982914,0,0.36088684,2,0.5064249995668786,N/A,Review,0.8
L000378,17.0,0.9962429,0.99902177,0.99185,0.00087672734,1,0.37216392,2,0.4665790757775685,N/A,Review,0.8
L000378,18.0,0.9965695,0.99808145,0.9964226,0.001819329,1,0.2473007,1,0.5073919134159666,N/A,Review,0.8
L000378,,0.9954515,0.9981585,0.9957105,0.00046681915,1,0.41832668,1,0.5013394895094251,N/A,Review,0.8
L000378,20.0,0.9965798,0.9983437,0.99647164,0.0009098493,1,0.1785986,1,0.5093329501618208,N/A,Review,0.8
L000378,21.0,0.99658537,0.9991309,0.99900776,0.00011137226,2,0.07273377,1,0.525790728894812,N/A,Review,0.8
L000378,22.0,0.9973264,0.9991146,0.998931,0.00012507748,2,0.1797664,1,0.5649028052891105,N/A,Review,0.8
L000378,23.0,0.9973062,0.9993524,0.99904066,0.00016696787,2,0.16207802,1,0.5452159022281456,N/A,Review,0.8
L000378,24.0,0.99653316,0.99907076,0.999186,0.00056815956,4,0.15361197,2,0.5946061423010008,N/A,Review,0.8
L000378,25.0,0.9902407,0.9987645,0.9959617,0.0005126281,4,0.40075466,2,0.6663682023515735,N/A,Review,0.8
L000380,0.0,0.04099256,0.03401458,0.02171563,0.7656597,3,0.4189015,2,0.5184814716122492,N/A,Review,0.8
L000380,1.0,0.023768894,0.02722577,0.045383103,0.2655402,3,0.13338302,3,0.3736853760012492,N/A,Review,0.8
L000380,2.0,0.029168244,0.03409644,0.01664049,0.7492855,3,0.3165211,3,0.41803677509570614,N/A,Review,0.8
L000380,3.0,0.032801583,0.052291445,0.015100664,0.5734166,3,0.16987291,3,0.41759539944932433,N/A,Review,0.8
L000380,4.0,0.025835088,0.07438931,0.019457575,0.45847026,3,0.13264483,3,0.4127970333587269,N/A,Review,0.8
L000380,5.0,0.99682415,0.9964947,0.018443713,0.0007599678,0,0.24363816,2,0.4570424617455788,N/A,Review,0.8
L000380,6.0,0.9968881,0.9978573,0.049161483,0.00010290195,0,0.12948407,2,0.4242239001928583,N/A,Review,0.8
L000380,7.0,0.9969535,0.9976349,0.022279117,0.00039410027,0,0.4003446,2,0.45533009403621294,N/A,Review,0.8
L000380,8.0,0.052067686,0.12002091,0.017379027,0.1178202,3,0.31347784,2,0.4209012541480202,N/A,Review,0.8
L000380,9.0,0.02926159,0.13057724,0.021332262,0.40497693,3,0.5272277,2,0.41476437835158253,N/A,Review,0.8
L000380,10.0,0.0277761,0.09114322,0.017961903,0.59537613,3,0.5637481,2,0.39889849305205516,N/A,Review,0.8
L000380,11.0,0.025120042,0.079637215,0.017640017,0.6205506,3,0.49070317,2,0.38468390472031383,N/A,Review,0.8
L000380,12.0,0.7836666,0.85757214,0.01608944,0.02177958,0,0.597028,2,0.39535714875050043,N/A,Review,0.8
L000380,13.0,0.99633163,0.998971,0.019369725,0.0012401739,0,0.39579704,2,0.44111420242207705,N/A,Review,0.8
L000380,14.0,0.9932989,0.9954769,0.9881712,0.00035823695,1,0.6403301,2,0.4394856977843788,N/A,Review,0.8
L000380,15.0,0.037769802,0.10154186,0.024291491,0.20419706,3,0.31526273,2,0.44875506101907525,N/A,Review,0.8
L000380,16.0,0.99782073,0.9983454,0.019528536,0.0005134876,0,0.50877553,2,0.415482475253902,N/A,Review,0.8
L000380,17.0,0.99832577,0.9984993,0.021267865,0.00066912756,0,0.30695373,2,0.38153286963617944,N/A,Review,0.8
L000380,18.0,0.9771269,0.9857943,0.082106255,0.009495099,0,0.42592716,2,0.37757246881146844,N/A,Review,0.8
L000380,19.0,0.97336143,0.97893137,0.98954165,0.0012815142,5,0.42399767,2,0.6104569543520866,N/A,Review,0.8
L000380,20.0,0.9709302,0.97769904,0.98486406,0.0010226483,5,0.4057652,2,0.6366660210675914,N/A,Review,0.8
L000380,21.0,0.9740155,0.97213584,0.9874013,0.0016809776,5,0.26967672,2,0.6304760485543834,N/A,Review,0.8
L000381,0.0,0.01992497,0.06265562,0.028376337,0.56074435,3,0.64009404,2,0.4805667278038073,N/A,Review,0.8
L000381,,0.06470019,0.04135432,0.051563714,0.117157966,3,0.4058116,3,0.3899219537705387,N/A,Review,0.8
L000381,2.0,0.023540026,0.022804458,0.03968033,0.3543449,3,0.27361596,2,0.33868323928755595,N/A,Review,0.8
L000381,3.0,0.03223851,0.02828294,0.047418915,0.21053389,3,0.37674952,3,0.4318319082289117,N/A,Review,0.8
L000381,4.0,0.026755733,0.042228617,0.031536315,0.16544382,3,0.25448316,0,0.39953007588499906,N/A,Review,0.8
L000381,5.0,0.036679927,0.044411536,0.04579945,0.07743796,3,0.4973775,3,0.4029740643579043,N/A,Review,0.8
L000381,6.0,0.029217003,0.028954865,0.048676882,0.2750527,3,0.28829095,1,0.4050848615665732,N/A,Review,0.8
L000381,7.0,0.019866977,0.034256343,0.036825728,0.27292615,3,0.3427281,0,0.34394644494887133,N/A,Review,0.8
L000381,8.0,0.027104046,0.030498698,0.040851068,0.19772744,3,0.36433095,3,0.30156850129454116,N/A,Review,0.8
L000381,9.0,0.02751106,0.07078344,0.04678248,0.17500618,3,0.61751884,0,0.3753522444272484,N/A,Review,0.8
L000381,10.0,0.02389607,0.049615324,0.04678248,0.24580027,3,0.6415557,0,0.3784168784632105,N/A,Review,0.8
L000381,11.0,0.03223245,0.07931021,0.06935982,0.15661584,3,0.28687367,3,0.5288896455192105,N/A,Review,0.8
L000381,12.0,0.02795747,0.05969502,0.07724378,0.24609463,3,0.23934016,3,0.3600543576142122,N/A,Review,0.8
L000381,13.0,0.025970586,0.08042882,0.059818666,0.34787047,3,0.21342413,0,0.3801550371796939,N/A,Review,0.8
L000381,14.0,0.036097918,0.07128316,0.05982866,0.28471336,3,0.3175328,3,0.32920133437595867,N/A,Review,0.8
L000381,15.0,0.040821988,0.071057,0.06576922,0.24179591,3,0.26117063,2,0.36316395890016817,N/A,Review,0.8
L000381,16.0,0.04055302,0.050945383,0.057478607,0.06900917,3,0.3078216,3,0.3434123222957326,N/A,Review,0.8
L000381,17.0,0.046519432,0.04353603,0.05611426,0.24405989,3,0.15144055,0,0.37329450734207426,N/A,Review,0.8
L000381,,0.09777243,0.10433266,0.098739296,0.060248308,3,0.1901872,3,0.5845100248572457,N/A,Review,0.8
L000381,19.0,0.041005652,0.034805037,0.070376895,0.16136786,3,0.17841673,3,0.3378426414619653,N/A,Review,0.8
L000381,20.0,0.037404045,0.029482635,0.058542073,0.17990857,3,0.2116575,0,0.3884057857621282,N/A,Review,0.8
L000381,21.0,0.041199002,0.037534364,0.053641126,0.13984463,3,0.17873631,0,0.3715007442881428,N/A,Review,0.8
L000381,22.0,0.056408443,0.08589603,0.073477805,0.09112328,3,0.18233767,0,0.3275376318474643,N/A,Review,0.8
L000381,23.0,0.9957831,0.9971042,0.041224107,0.00093860994,0,0.29583403,3,0.39871754164777595,N/A,Review,0.8
L000381,24.0,0.9977754,0.998251,0.044851456,0.00027512747,0,0.14586991,0,0.3803273206109484,N/A,Review,0.8
L000381,25.0,0.997633,0.9984615,0.058205128,0.00044565258,0,0.20162238,0,0.3965509177915497,N/A,Review,0.8
L000381,,0.9968779,0.9985917,0.04464143,0.0008306919,0,0.24257931,0,0.40352451134374995,N/A,Review,0.8
L000381,27.0,0.9690205,0.9756467,0.04583033,0.006387691,0,0.15138778,0,0.3568013060927744,N/A,Review,0.8
L000381,28.0,0.97342277,0.98445463,0.04452934,0.0045806407,0,0.18958697,3,0.3598967533684644,N/A,Review,0.8
L000381,29.0,0.97786134,0.9733696,0.0364947,0.0029567485,0,0.22057141,3,0.3558813161773548,N/A,Review,0.8
L000381,30.0,0.99775165,0.9962447,0.030012647,0.00089063315,0,0.1646542,0,0.31510883174309684,N/A,Review,0.8
L000381,31.0,0.99768543,0.99607134,0.040162317,0.00032788457,0,0.1920065,3,0.40949885697040844,N/A,Review,0.8
L000381,,0.99662894,0.99609274,0.032704618,0.0003021389,0,0.23581094,3,0.3797219340658384,N/A,Review,0.8
L000381,33.0,0.9956607,0.9976793,0.044361964,0.00024988878,0,0.32211813,3,0.4251668757843221,N/A,Review,0.8
L000381,,0.99566674,0.9972807,0.0373234,0.000662831,0,0.33883685,3,0.5043792570186502,N/A,Review,0.8
L000388,0.0,0.0132872155,0.043462593,0.026571738,0.16109249,3,0.23399901,2,0.49912137397984413,N/A,Review,0.8
L000388,1.0,0.020649277,0.034192115,0.073642544,0.044566177,3,0.067321606,3,0.4790735027370161,N/A,Review,0.8
L000388,2.0,0.026532853,0.024067672,0.0447014,0.3432348,3,0.25473583,3,0.4086580987109554,N/A,Review,0.8
L000388,3.0,0.99547476,0.9965982,0.02461231,0.00028327692,0,0.2543866,3,0.5113113256682048,N/A,Review,0.8
L000388,4.0,0.029696686,0.07546253,0.059213746,0.066209756,3,0.22933201,3,0.4470437706084995,N/A,Review,0.8
L000388,5.0,0.02414808,0.068977304,0.06405915,0.16900311,3,0.25765187,3,0.4686467051813705,N/A,Review,0.8
L000388,6.0,0.022051424,0.047919758,0.05154729,0.20951645,3,0.24494037,3,0.5709677527648451,N/A,Review,0.8
L000388,7.0,0.020027952,0.06786535,0.068424,0.069528304,3,0.19746418,0,0.5104821254756116,N/A,Review,0.8
L000388,8.0,0.023431923,0.048257343,0.04260089,0.18070723,3,0.31665066,0,0.4553394329525424,N/A,Review,0.8
L000388,9.0,0.025337433,0.0660505,0.040970203,0.30023038,3,0.3607532,1,0.4560666247759185,N/A,Review,0.8
L000388,10.0,0.022532074,0.036566637,0.030094247,0.4534348,3,0.24229304,2,0.4038930234397051,N/A,Review,0.8
L000388,11.0,0.9968353,0.9971781,0.0336959,0.0013498662,0,0.10433956,2,0.49808122460512827,N/A,Review,0.8
L000388,12.0,0.9973629,0.9976094,0.0372334,0.0007966229,0,0.11743398,2,0.4655800625810612,N/A,Review,0.8
L000388,13.0,0.9965495,0.99775296,0.03710453,0.0012392907,0,0.34767517,3,0.4252415860606529,N/A,Review,0.8
L000388,14.0,0.99640167,0.99820876,0.036843907,0.0006988984,0,0.16451068,3,0.4341914456834466,N/A,Review,0.8
L000388,15.0,0.99625707,0.9988783,0.021970456,0.00051153114,0,0.3434655,2,0.42790230935327167,N/A,Review,0.8
L000388,16.0,0.9983494,0.9982169,0.039009977,0.00019681142,0,0.23251548,2,0.4154233180848914,N/A,Review,0.8
L000388,17.0,0.99710006,0.9955232,0.9874801,0.0003825163,1,0.281319,0,0.41461110206625407,N/A,Review,0.8
L000388,18.0,0.9987941,0.997308,0.9993414,0.00021910148,2,0.21558426,0,0.5040123968508159,N/A,Review,0.8
L000388,19.0,0.9984383,0.99809533,0.9992556,0.00023177237,2,0.20081942,0,0.5256613104960869,N/A,Review,0.8
L000388,20.0,0.99790084,0.99857426,0.9989159,0.00051959377,4,0.19389412,0,0.6330662308146113,N/A,Review,0.8
L000388,21.0,0.99766374,0.9971554,0.99831057,0.00030894924,4,0.21081011,0,0.652242684920198,N/A,Review,0.8
L000388,22.0,0.9977494,0.99768734,0.99932146,0.00037073225,4,0.10730876,0,0.6021861555524123,N/A,Review,0.8
L000388,23.0,0.9986525,0.9992379,0.99962974,0.00018723743,4,0.12742679,0,0.589865235260177,N/A,Review,0.8
L000388,24.0,0.9989881,0.99932754,0.9994717,0.00029577743,4,0.2965123,0,0.5711119279198222,N/A,Review,0.8
L000388,25.0,0.99916506,0.9987715,0.99946254,0.00020367812,4,0.444169,0,0.5422526245667125,N/A,Review,0.8
L000388,26.0,0.9978179,0.9986498,0.99948764,0.00030239855,4,0.39776227,0,0.4147496189022526,N/A,Review,0.8
L000388,27.0,0.9989988,0.9990067,0.9995022,0.00019228562,4,0.3946865,0,0.47888568150335387,N/A,Review,0.8
L000388,28.0,0.9988211,0.99842155,0.99962175,0.00031498345,4,0.3013914,1,0.4167451851243804,N/A,Review,0.8
L000388,29.0,0.99876547,0.9988759,0.99952686,0.0001647131,4,0.36431253,0,0.46277698669380385,N/A,Review,0.8
L000388,,0.9990644,0.99866486,0.9994715,0.00011908545,4,0.37802982,0,0.4760186455769223,N/A,Review,0.8
L000388,31.0,0.9991541,0.99882895,0.9995907,0.00012539944,4,0.237184,1,0.5372636672033373,N/A,Review,0.8
L000388,32.0,0.99923563,0.99886096,0.9995239,0.00012764228,4,0.39577276,1,0.5300454585369988,N/A,Review,0.8
L000388,33.0,0.9988539,0.99924004,0.99964917,7.4788295e-05,4,0.22972935,0,0.5119762483065854,N/A,Review,0.8
L000388,34.0,0.9992568,0.9990343,0.99957174,0.00012258806,4,0.41760534,1,0.5196016201277626,N/A,Review,0.8
L000388,35.0,0.999281,0.99887925,0.99951994,0.00013535806,4,0.4368869,1,0.5667356690910529,N/A,Review,0.8
L000388,36.0,0.99932134,0.99911565,0.99954623,0.00013609602,4,0.28605065,1,0.4770858957553721,N/A,Review,0.8
L000388,37.0,0.9988871,0.99905044,0.9995734,0.00027652067,4,0.12477508,0,0.5789154953683058,N/A,Review,0.8
L000388,38.0,0.9990258,0.99951184,0.9996012,0.00048655356,4,0.19222125,3,0.4942143882814293,N/A,Review,0.8
L000388,39.0,0.99895084,0.99923956,0.99961936,0.00018013394,4,0.089155346,0,0.46720813890851387,N/A,Review,0.8
L000388,40.0,0.9993063,0.99929845,0.9995745,0.00022357427,4,0.18517417,1,0.5062712849854282,N/A,Review,0.8
L000388,41.0,0.9992969,0.99923193,0.99962234,0.00019620717,4,0.088000216,1,0.46752387666194967,N/A,Review,0.8
L000388,42.0,0.9990571,0.9990502,0.9997074,8.418231e-05,4,0.18557599,0,0.4531325112920782,N/A,Review,0.8
L000388,43.0,0.9992937,0.9989452,0.999627,7.895977e-05,4,0.31845668,0,0.4345814625532029,N/A,Review,0.8
L000388,44.0,0.9992768,0.9989365,0.9996667,0.00014796214,4,0.17837895,0,0.4695608642645965,N/A,Review,0.8
L000388,45.0,0.9992268,0.9988882,0.9996666,0.00024865696,4,0.29333752,1,0.4874933265035946,N/A,Review,0.8
L000388,46.0,0.9992124,0.9988961,0.9996061,0.00026187205,4,0.41036928,0,0.440015790386846,N/A,Review,0.8
L000388,47.0,0.9992237,0.998982,0.99957734,0.00024276949,4,0.39567092,1,0.451765928182058,N/A,Review,0.8
L000388,48.0,0.9990088,0.9988814,0.9996018,0.00017722153,4,0.257631,3,0.5001718766971724,N/A,Review,0.8
L000388,49.0,0.999376,0.9990031,0.9995815,0.00014034314,4,0.31467125,1,0.5142673470693221,N/A,Review,0.8
L000388,50.0,0.99927,0.9993352,0.9996032,9.239187e-05,4,0.2579163,2,0.48070949395636464,N/A,Review,0.8
L000388,51.0,0.9993094,0.99935037,0.9995989,0.00010391712,4,0.13144314,2,0.49788502990544314,N/A,Review,0.8
L000395,0.0,0.042355333,0.044339783,0.023825368,0.80638486,3,0.16722192,0,0.45448374082207854,N/A,Review,0.8
L000395,1.0,0.03437006,0.05225052,0.045595698,0.22314496,3,0.10737274,3,0.521290456959878,N/A,Review,0.8
L000395,2.0,0.034059018,0.041707747,0.03246507,0.7312018,3,0.29231998,3,0.4996114996231276,N/A,Review,0.8
L000395,3.0,0.99737597,0.9954293,0.029144362,0.0010267694,0,0.37835476,3,0.4874171653159954,N/A,Review,0.8
L000395,4.0,0.99729997,0.99796945,0.0325782,0.0003542764,0,0.29638994,3,0.5159553116178058,N/A,Review,0.8
L000395,5.0,0.9604166,0.95665604,0.061087444,0.052402567,0,0.18801789,3,0.593839542857582,N/A,Review,0.8
L000395,6.0,0.99389946,0.99584323,0.06674148,0.0003009338,0,0.145014,3,0.4561641847166221,N/A,Review,0.8
L000395,7.0,0.99745876,0.9982146,0.041056182,0.0004768696,0,0.13857986,3,0.4160634818049307,N/A,Review,0.8
L000395,8.0,0.04952621,0.052594557,0.03984153,0.33723933,3,0.20871308,1,0.44364881231639763,N/A,Review,0.8
L000395,9.0,0.039570354,0.10977882,0.032677993,0.1999185,3,0.19870631,0,0.4704731885738681,N/A,Review,0.8
L000395,10.0,0.031754296,0.060027912,0.027179737,0.50367993,3,0.18582581,0,0.407788621719467,N/A,Review,0.8
L000395,11.0,0.026166575,0.0815956,0.033125587,0.41559857,3,0.14818582,3,0.46397357977123027,N/A,Review,0.8
L000395,12.0,0.033805016,0.04860937,0.038112108,0.2869828,3,0.11306952,3,0.4123479151929428,N/A,Review,0.8
L000395,13.0,0.02343058,0.07633342,0.04323043,0.79791987,3,0.2736376,0,0.4101567202400657,N/A,Review,0.8
L000395,,0.025219264,0.043926932,0.03713549,0.5942878,3,0.36780116,3,0.36033836778783784,N/A,Review,0.8
L000395,15.0,0.99689853,0.997996,0.02762566,0.00036777128,0,0.12252916,0,0.49426470549594476,N/A,Review,0.8
L000395,16.0,0.9973573,0.9983259,0.037132658,0.00028837568,0,0.09199087,2,0.4646177553432559,N/A,Review,0.8
L000395,17.0,0.9971812,0.9990169,0.027574265,0.0005015647,0,0.09366784,2,0.47674302723886586,N/A,Review,0.8
L000395,18.0,0.99788564,0.9992161,0.030147215,0.0007010685,0,0.30560437,2,0.3603571265657802,N/A,Review,0.8
L000395,19.0,0.22158952,0.46862495,0.06864951,0.060175203,3,0.1259007,3,0.5375730338761295,N/A,Review,0.8
L000395,20.0,0.032009915,0.053660326,0.04889584,0.3133878,3,0.074981816,0,0.4687893657733318,N/A,Review,0.8
L000395,21.0,0.028614273,0.07177248,0.036698356,0.3857424,3,0.12820454,0,0.3827671562631286,N/A,Review,0.8
L000395,22.0,0.021746097,0.10960127,0.0452777,0.10933988,3,0.12320803,0,0.42762449761368504,N/A,Review,0.8
L000395,23.0,0.03095291,0.06271258,0.04019012,0.4994563,3,0.094880044,0,0.4285549211151748,N/A,Review,0.8
L000395,24.0,0.028287906,0.056772582,0.0511098,0.3436245,3,0.1262367,0,0.4314091397962093,N/A,Review,0.8
L000395,25.0,0.03910405,0.09927047,0.04818484,0.46044764,3,0.16194552,3,0.36329605945012367,N/A,Review,0.8
L000395,26.0,0.029583752,0.033303548,0.04316551,0.67642933,3,0.16068502,3,0.38715363246863754,N/A,Review,0.8
L000395,27.0,0.029774457,0.04107725,0.039588127,0.6467085,3,0.1474618,3,0.3868950689552412,N/A,Review,0.8
L000395,28.0,0.02945497,0.04999658,0.05244295,0.5255547,3,0.11314147,3,0.4138485334488309,N/A,Review,0.8
L000395,29.0,0.03633168,0.03032803,0.033770308,0.47849852,3,0.10855496,3,0.3984732136565838,N/A,Review,0.8
L000395,30.0,0.026294053,0.03343817,0.04570294,0.5057698,3,0.18139695,3,0.5343146867723733,N/A,Review,0.8
L000395,31.0,0.02340431,0.033251777,0.04090943,0.23022118,3,0.25314805,3,0.3792762142733564,N/A,Review,0.8
L000395,32.0,0.022234414,0.029811168,0.043153897,0.44748655,3,0.24325642,3,0.41239607056312244,N/A,Review,0.8
L000395,33.0,0.022059213,0.037878774,0.053154152,0.26607928,3,0.23596886,3,0.4844970338840402,N/A,Review,0.8
L000395,34.0,0.019411178,0.022565793,0.055604637,0.42777753,3,0.2523433,3,0.46302020920656606,N/A,Review,0.8
L000395,35.0,0.017325325,0.028033683,0.07217039,0.39251167,3,0.24542986,3,0.5249863999469306,N/A,Review,0.8
L000395,36.0,0.083305195,0.090379834,0.07789999,0.49533492,3,0.13934898,3,0.46523952871837215,N/A,Review,0.8
L000395,37.0,0.06206589,0.0913536,0.032379467,0.259396,3,0.07790581,3,0.43610517798086185,N/A,Review,0.8
L000395,38.0,0.028096864,0.03512771,0.039859977,0.62362176,3,0.13808072,3,0.5205698168761987,N/A,Review,0.8
L000395,39.0,0.040502623,0.08767702,0.0618774,0.5742523,3,0.11851991,3,0.5380522596390102,N/A,Review,0.8
L000395,40.0,0.052159958,0.031208823,0.0552061,0.15253435,3,0.099246725,3,0.6331215078123635,N/A,Review,0.8
L000395,41.0,0.024309665,0.03330243,0.04472682,0.2807772,3,0.048242234,3,0.5111714612504252,N/A,Review,0.8
L000395,,0.029565211,0.021752046,0.031164542,0.41156006,3,0.14138325,3,0.4616168034129553,N/A,Review,0.8
L000395,43.0,0.028145494,0.03099926,0.04298833,0.251778,3,0.0831105,3,0.6272127258153473,N/A,Review,0.8
L000395,44.0,0.0257453,0.03930245,0.047309615,0.13487417,3,0.08193467,3,0.5403977476979385,N/A,Review,0.8
L000395,45.0,0.03858657,0.01637669,0.048844807,0.20841363,3,0.18302901,0,0.5240374527970821,N/A,Review,0.8
L000395,,0.015714332,0.020335574,0.054837693,0.5806881,3,0.07674891,3,0.5105462958806666,N/A,Review,0.8
L000395,47.0,0.09853188,0.08142512,0.06673868,0.2362121,3,0.09617157,0,0.49014546293780487,N/A,Review,0.8
L000395,48.0,0.026928293,0.022267813,0.083236344,0.5345805,3,0.18085086,0,0.5542948451078811,N/A,Review,0.8
L000395,49.0,0.039694767,0.022182165,0.08705991,0.46945032,3,0.101336025,3,0.5565004020390698,N/A,Review,0.8
L000395,50.0,0.033943854,0.026343873,0.09413189,0.3753205,3,0.12311198,0,0.5267319204113003,N/A,Review,0.8
L000395,51.0,0.028424554,0.029188534,0.058460522,0.37884745,3,0.10936541,3,0.5641120527829139,N/A,Review,0.8
L000395,52.0,0.025067708,0.034439955,0.056391098,0.29534823,3,0.18079838,0,0.5814146044793577,N/A,Review,0.8
L000395,53.0,0.026585963,0.029057933,0.062873036,0.20774378,3,0.14379929,3,0.5979785123944124,N/A,Review,0.8
L000395,54.0,0.029833954,0.032411553,0.055053964,0.22825071,3,0.122432664,0,0.5599517752551904,N/A,Review,0.8
L000395,55.0,0.046435192,0.11361798,0.041566383,0.031031927,3,0.08417639,3,0.4409747304676747,N/A,Review,0.8
L000395,56.0,0.03233024,0.035101783,0.07673735,0.16117892,3,0.109445035,3,0.7191662990409495,N/A,Review,0.8
L000395,57.0,0.029912889,0.033493146,0.06984034,0.071142584,3,0.100433245,3,0.6481257016289298,N/A,Review,0.8
L000395,58.0,0.027987868,0.024071038,0.1158391,0.04510529,3,0.12977517,3,0.6103255896502793,N/A,Review,0.8
L000407,0.0,0.04199928,0.020713214,0.03697392,0.7176279,3,0.07559785,3,0.625879479491569,N/A,Review,0.8
L000407,1.0,0.026832432,0.04477832,0.05568955,0.13086917,3,0.2206805,3,0.5226667694190789,N/A,Review,0.8
L000407,2.0,0.024029717,0.05390743,0.04796104,0.3203908,3,0.24927072,3,0.557820161646944,N/A,Review,0.8
L000407,3.0,0.99657226,0.99512875,0.045185123,0.0003017802,0,0.01828585,3,0.5439079386468382,N/A,Review,0.8
L000407,4.0,0.99677026,0.99749315,0.03340403,0.00032690418,0,0.008501531,3,0.5248495799259962,N/A,Review,0.8
L000407,5.0,0.9975122,0.99672097,0.035697725,0.00013979635,0,0.029108863,3,0.6501935543144974,N/A,Review,0.8
L000407,,0.996912,0.99690336,0.029951643,7.468054e-05,0,0.06466664,3,0.45275841656979077,N/A,Review,0.8
L000407,7.0,0.99698836,0.99450386,0.033211466,0.00013104804,0,0.0048565925,3,0.5236711025344523,N/A,Review,0.8
L000407,8.0,0.9979086,0.9965269,0.028029907,0.00036188835,0,0.052891146,2,0.4271710017547191,N/A,Review,0.8
L000407,9.0,0.99784076,0.9965861,0.037104674,0.0006560892,0,0.037916813,2,0.4890151829278348,N/A,Review,0.8
L000407,10.0,0.997914,0.9976891,0.026626676,0.0012212058,0,0.17091173,1,0.5100997645684215,N/A,Review,0.8
L000407,11.0,0.99778783,0.997996,0.025146957,0.0007997478,0,0.022229604,3,0.48704253871301606,N/A,Review,0.8
L000407,,0.99668795,0.9972928,0.024247838,0.0007975841,0,0.037343066,3,0.41913679123098047,N/A,Review,0.8
L000407,13.0,0.997235,0.99709475,0.025309129,0.0012146865,0,0.14045821,3,0.4427029542102969,N/A,Review,0.8
L000407,14.0,0.99660814,0.99602437,0.045864314,0.0004621194,0,0.6401069,3,0.4515217071450933,N/A,Review,0.8
L000407,15.0,0.99807215,0.99755955,0.024715891,0.0005918381,0,0.2790284,3,0.4336474790463965,N/A,Review,0.8
L000407,16.0,0.99783164,0.99772197,0.020435411,0.00036644054,0,0.21638818,3,0.48867688294014877,N/A,Review,0.8
L000407,17.0,0.99813473,0.99795496,0.04133183,0.00080706284,0,0.575763,3,0.44631839750184776,N/A,Review,0.8
L000407,18.0,0.997804,0.99747604,0.029438445,0.00045095824,0,0.19064578,3,0.49113798415900545,N/A,Review,0.8
L000407,19.0,0.9981962,0.99704295,0.037453666,0.0009145653,0,0.23918831,3,0.488381665976628,N/A,Review,0.8
L000407,20.0,0.997675,0.9981352,0.028604588,0.00035148434,0,0.43458444,0,0.41841778563468573,N/A,Review,0.8
L000407,21.0,0.99782467,0.9974003,0.027537407,0.00030806157,0,0.10704086,0,0.49876352208759844,N/A,Review,0.8
L000407,22.0,0.99799794,0.9982368,0.030062517,0.000512244,0,0.0958503,2,0.42280028148383286,N/A,Review,0.8
L000407,23.0,0.99627715,0.9973508,0.019457884,0.00016552741,0,0.21699236,0,0.3957524529337406,N/A,Review,0.8
L000407,24.0,0.9974017,0.9979298,0.03103946,0.00021051883,0,0.12701681,2,0.5024946365028984,N/A,Review,0.8
L000407,25.0,0.99690753,0.9982815,0.029593559,0.0001076455,0,0.102588214,2,0.5483491807010183,N/A,Review,0.8
L000407,26.0,0.99638295,0.99625385,0.025316129,0.00012706667,0,0.15453678,0,0.4881096649622364,N/A,Review,0.8
L000407,27.0,0.99661654,0.9961597,0.025826298,0.00025007562,0,0.1544697,0,0.5353369657844032,N/A,Review,0.8
L000407,28.0,0.9963086,0.99620456,0.026627662,0.00032639905,0,0.045272514,1,0.44196408175069624,N/A,Review,0.8
L000407,29.0,0.9952872,0.9921524,0.986437,0.00043073075,1,0.10587572,1,0.513914571620176,N/A,Review,0.8
L000407,30.0,0.9957541,0.9936261,0.99396837,0.0001950678,1,0.104890235,1,0.5461412958422694,N/A,Review,0.8
L000407,31.0,0.99578106,0.99611014,0.9956899,0.00013261105,1,0.048703916,1,0.5804675210315986,N/A,Review,0.8
L000407,32.0,0.9962,0.9951251,0.9965724,0.00014716758,1,0.01633914,1,0.538493618964818,N/A,Review,0.8
L000407,33.0,0.99505556,0.9967721,0.9966455,6.528366e-05,1,0.037367944,1,0.5371455337183344,N/A,Review,0.8
L000407,34.0,0.99712,0.9977812,0.99900466,8.145133e-05,2,0.034985017,0,0.5858953198820702,N/A,Review,0.8
L000407,35.0,0.9975866,0.99751043,0.9990958,9.125238e-05,2,0.0152515285,0,0.6047849434637438,N/A,Review,0.8
L000407,36.0,0.997022,0.9981304,0.99931157,0.00018489084,4,0.017322103,1,0.6768707274029555,N/A,Review,0.8
L000407,37.0,0.9986675,0.99930406,0.9994628,4.316148e-05,4,0.017411262,1,0.6915501415905052,N/A,Review,0.8
L000407,38.0,0.9989858,0.99902225,0.99949205,9.324716e-05,4,0.013553419,1,0.6950716052364305,N/A,Review,0.8
L000407,39.0,0.9989617,0.99897325,0.9995777,0.00020125098,4,0.0022289963,1,0.6202299653844222,N/A,Review,0.8
L000407,40.0,0.9988022,0.9995171,0.99958533,6.536913e-05,4,0.008723425,1,0.5949894869397467,N/A,Review,0.8
L000407,41.0,0.99902046,0.9995436,0.9996408,5.549512e-05,4,0.013753835,0,0.6006472328194723,N/A,Review,0.8
L000407,42.0,0.9991111,0.9995603,0.99960977,1.7913118e-05,4,0.047796406,3,0.5894650615931463,N/A,Review,0.8
L000407,43.0,0.99918836,0.9993414,0.9995839,1.6408065e-05,4,0.02271473,0,0.6222576192197264,N/A,Review,0.8
L000407,44.0,0.9989542,0.99925977,0.9995691,1.7898896e-05,4,0.03048343,0,0.6149128042887342,N/A,Review,0.8
L000407,45.0,0.99881566,0.99947375,0.99960834,1.6521604e-05,4,0.05291209,0,0.5934567928438544,N/A,Review,0.8
L000407,46.0,0.9989009,0.99936277,0.99960786,2.5032246e-05,4,0.15674126,0,0.62566264380055,N/A,Review,0.8
L000407,47.0,0.99903214,0.99937975,0.99957985,5.8041936e-05,4,0.060585897,0,0.6506811249756856,N/A,Review,0.8
L000407,48.0,0.9990159,0.99965024,0.99965143,3.1538402e-05,4,0.045630436,0,0.5139886627893319,N/A,Review,0.8
L000407,,0.99830294,0.9989785,0.99958557,7.7549565e-05,4,0.12975915,0,0.6253352497743319,N/A,Review,0.8
L000407,50.0,0.9990626,0.99949956,0.9995834,0.00023291922,4,0.015839495,0,0.6945058076210698,N/A,Review,0.8
L000411,0.0,0.055303987,0.03930708,0.04260767,0.67902607,3,0.5810297,2,0.3539086836024889,N/A,Review,0.8
L000411,1.0,0.028981313,0.039351027,0.03464295,0.15310456,3,0.16176216,2,0.5578561120596196,N/A,Review,0.8
L000411,2.0,0.040347237,0.020279583,0.063161924,0.68740606,3,0.26472402,3,0.5687719508108094,N/A,Review,0.8
L000411,3.0,0.04196634,0.021508975,0.04402542,0.7737027,3,0.20988666,3,0.3897119363013941,N/A,Review,0.8
L000411,4.0,0.03523194,0.033889104,0.054337993,0.7248258,3,0.122942634,3,0.44884551937247363,N/A,Review,0.8
L000411,5.0,0.024297928,0.026993586,0.031239431,0.7506098,3,0.24171688,0,0.40861785594474964,N/A,Review,0.8
L000411,6.0,0.0477094,0.03393811,0.06301576,0.49796686,3,0.2712347,0,0.4154396525674139,N/A,Review,0.8
L000411,7.0,0.05176984,0.038923353,0.0429986,0.51397514,3,0.17503488,0,0.4450777404207199,N/A,Review,0.8
L000411,8.0,0.05226591,0.04058525,0.03690516,0.35346422,3,0.23982663,0,0.420334614823223,N/A,Review,0.8
L000411,9.0,0.044013694,0.090631954,0.025343146,0.20024744,3,0.38892558,0,0.4116396181644494,N/A,Review,0.8
L000411,10.0,0.9965843,0.9961771,0.024422307,0.0015535813,0,0.2809589,2,0.36640519661145476,N/A,Review,0.8
L000411,11.0,0.99771345,0.9984611,0.03488453,0.0007641274,0,0.13334648,0,0.475811180336866,N/A,Review,0.8
L000411,12.0,0.9982029,0.99858093,0.040769547,0.0003326756,0,0.129424,0,0.4614707656097185,N/A,Review,0.8
L000411,13.0,0.99646217,0.99920374,0.03806714,0.0009883718,0,0.4025157,0,0.5443656153330452,N/A,Review,0.8
L000411,14.0,0.9976961,0.998838,0.02998957,0.0002634889,0,0.10096661,0,0.4847594311570897,N/A,Review,0.8
L000411,15.0,0.99794096,0.99875546,0.02262513,0.00045318142,0,0.20321217,0,0.40050375482878714,N/A,Review,0.8
L000411,16.0,0.9979413,0.9986224,0.033558276,0.00046747125,0,0.27753216,2,0.3882128418588774,N/A,Review,0.8
L000411,17.0,0.9980726,0.99830097,0.043369904,0.00093982794,0,0.1873372,0,0.6100455198475685,N/A,Review,0.8
L000411,18.0,0.97119415,0.978875,0.04010719,0.00543485,0,0.26901942,0,0.3068551264131624,N/A,Review,0.8
L000412,0.0,0.08815768,0.05195442,0.09308163,0.22970606,3,0.38935345,2,0.5214604885669882,N/A,Review,0.8
L000412,1.0,0.052522175,0.07503581,0.08352319,0.07863475,3,0.021138508,2,0.6314416589828087,N/A,Review,0.8
L000412,2.0,0.99715436,0.9935364,0.06518106,0.00051724236,0,0.3392475,3,0.5202820987377926,N/A,Review,0.8
L000412,3.0,0.8825283,0.8238986,0.5024913,0.0068360483,1,0.14508918,3,0.539457537688014,N/A,Review,0.8
L000412,4.0,0.99602747,0.9936,0.99589276,0.00011204109,1,0.04951479,2,0.7342291485450032,N/A,Review,0.8
L000412,5.0,0.997698,0.9968823,0.99645424,0.00017790298,1,0.1844705,2,0.5681680856097593,N/A,Review,0.8
L000412,,0.99752825,0.99705637,0.9981298,0.0002126216,1,0.100063615,2,0.5264468321473387,N/A,Review,0.8
L000412,7.0,0.9980305,0.9968641,0.99866796,0.00024119139,1,0.055546127,2,0.5727938109372307,N/A,Review,0.8
L000412,8.0,0.9981687,0.9948651,0.99708444,0.0004025186,1,0.11099704,2,0.474020821962642,N/A,Review,0.8
L000412,9.0,0.998454,0.99744534,0.99930036,0.00025936266,2,0.28319022,2,0.4852794069428902,N/A,Review,0.8
L000412,10.0,0.998256,0.99705374,0.9993923,0.00017176617,2,0.18534116,2,0.5221305886314475,N/A,Review,0.8
L000412,11.0,0.9984322,0.99870074,0.9994318,0.00030119557,2,0.27681798,2,0.524594807642653,N/A,Review,0.8
L000412,12.0,0.9981756,0.9989166,0.9993432,0.00020225515,2,0.16688916,2,0.6333771178418268,N/A,Review,0.8
L000412,13.0,0.99790466,0.9983816,0.9992762,0.0003220672,2,0.26656213,2,0.45241806343778335,N/A,Review,0.8
L000412,14.0,0.99801195,0.99859554,0.9995427,0.0002053054,2,0.27252677,2,0.5228116263304258,N/A,Review,0.8
L000412,15.0,0.99851996,0.99924576,0.99958426,0.0002048295,2,0.34222254,2,0.5215308193637314,N/A,Review,0.8
L000412,16.0,0.99860173,0.9987174,0.99946314,8.957378e-05,2,0.3739464,2,0.5377257887793037,N/A,Review,0.8
L000412,17.0,0.9984255,0.9983308,0.99950707,0.00010588385,2,0.40180805,2,0.5492513380680579,N/A,Review,0.8
L000412,18.0,0.9987105,0.9984596,0.99960154,0.00021178032,2,0.24195799,2,0.5350738444064171,N/A,Review,0.8
L000412,19.0,0.99850535,0.99834156,0.99963593,0.00022688994,2,0.18540673,2,0.5472393986369231,N/A,Review,0.8
L000412,20.0,0.9979736,0.99760985,0.99933475,0.0003176941,2,0.17027915,0,0.4784937683538395,N/A,Review,0.8
L000412,21.0,0.99798465,0.9980223,0.9993948,9.085358e-05,2,0.11372163,0,0.5071132980873385,N/A,Review,0.8
L000412,22.0,0.9979791,0.9979309,0.9994723,0.000102375,2,0.17702916,2,0.5442922618601138,N/A,Review,0.8
L000412,23.0,0.9982249,0.99831414,0.9995498,0.00013008105,2,0.17416687,2,0.5740941252325289,N/A,Review,0.8
L000412,24.0,0.99811447,0.99831295,0.9994286,8.723414e-05,2,0.26281705,0,0.5237215176343057,N/A,Review,0.8
L000412,25.0,0.99802965,0.9983998,0.9995351,0.00012613722,4,0.2725982,2,0.47237732041135627,N/A,Review,0.8
L000412,26.0,0.9989875,0.99879164,0.9996582,0.00013206025,4,0.23805922,2,0.6250040259125469,N/A,Review,0.8
L000412,27.0,0.9985279,0.9991856,0.99959975,0.00011102668,4,0.1564526,1,0.6057699864993176,N/A,Review,0.8
L000412,28.0,0.9990477,0.9992656,0.9996118,7.87017e-05,4,0.14361057,2,0.5980625917395355,N/A,Review,0.8
L000412,29.0,0.9989072,0.9990559,0.9997017,0.00012057488,4,0.11573454,2,0.5529504829022145,N/A,Review,0.8
L000412,30.0,0.9991704,0.99914384,0.99959046,6.4771695e-05,4,0.10441747,2,0.4993508802143791,N/A,Review,0.8
L000412,31.0,0.99526703,0.99647576,0.9965989,0.00035374163,4,0.19236644,2,0.5922159378763778,N/A,Review,0.8
L000412,32.0,0.998968,0.99921,0.9996313,0.00013878189,4,0.2911311,1,0.578882868940842,N/A,Review,0.8
L000412,,0.99886537,0.99905676,0.99968874,8.588378e-05,4,0.2053411,2,0.5733957690476901,N/A,Review,0.8
L000412,34.0,0.99922335,0.9993574,0.99966395,0.00012405714,4,0.2629493,1,0.5248019880856276,N/A,Review,0.8
L000412,35.0,0.9987118,0.99929965,0.9997019,0.00015750504,4,0.23561499,1,0.4752983471462372,N/A,Review,0.8
L000412,36.0,0.9991856,0.9996817,0.9996773,0.00012273449,4,0.42074412,2,0.5467152807525212,N/A,Review,0.8
L000412,,0.99888164,0.9991824,0.9996151,9.980338e-05,4,0.05726367,2,0.5136855695009066,N/A,Review,0.8
L000412,38.0,0.9988397,0.99942064,0.9996358,8.008266e-05,4,0.119406074,0,0.5272130446045831,N/A,Review,0.8
L000412,39.0,0.999094,0.9995751,0.9997023,8.055854e-05,4,0.13159488,0,0.5794026296800274,N/A,Review,0.8
L000412,40.0,0.9991598,0.99972016,0.99966824,8.7978406e-05,4,0.2295272,2,0.557922793973789,N/A,Review,0.8
L000412,41.0,0.9990237,0.9995005,0.9996754,6.22681e-05,4,0.10671385,0,0.5353160000397481,N/A,Review,0.8
L000412,42.0,0.99931717,0.99961686,0.9996778,5.0857572e-05,4,0.031554013,0,0.5433714236176492,N/A,Review,0.8
L000412,43.0,0.99917835,0.9995105,0.9996631,4.6796602e-05,4,0.08601757,1,0.6278532791980678,N/A,Review,0.8
L000412,44.0,0.99903536,0.99943095,0.9996506,6.234159e-05,4,0.24619834,1,0.4607649887598706,N/A,Review,0.8
L000412,45.0,0.99924374,0.9995981,0.9996581,4.9545528e-05,4,0.15942025,1,0.5810335508107394,N/A,Review,0.8
L000412,46.0,0.9991204,0.99947697,0.99968183,4.6136367e-05,4,0.14428167,1,0.565069529752444,N/A,Review,0.8
L000412,47.0,0.9990221,0.99949384,0.99966335,3.2665987e-05,4,0.24087636,1,0.558640245845109,N/A,Review,0.8
L000412,48.0,0.99922264,0.9995233,0.99966073,3.6595156e-05,4,0.36332172,1,0.5796755289966422,N/A,Review,0.8
L000412,49.0,0.9992279,0.9994942,0.99965954,2.8777806e-05,4,0.09047388,1,0.6412007809715174,N/A,Review,0.8
L000412,50.0,0.99911517,0.999619,0.99972063,2.5572292e-05,4,0.17357197,1,0.616293662483812,N/A,Review,0.8
L000412,51.0,0.99910235,0.9996463,0.99972636,2.4634955e-05,4,0.15288171,2,0.6521282330785511,N/A,Review,0.8
L000427,0.0,0.029957684,0.022692982,0.027538814,0.38932464,3,0.22048478,2,0.5393729361996468,N/A,Review,0.8
L000427,1.0,0.029189046,0.03584286,0.032763634,0.53668654,3,0.22951801,3,0.5029755863557822,N/A,Review,0.8
L000427,2.0,0.021161815,0.012873895,0.039853167,0.26819745,3,0.17894532,3,0.6118382422221236,N/A,Review,0.8
L000427,3.0,0.9969613,0.99019593,0.034510683,0.00056517305,0,0.26292852,3,0.4966805546591541,N/A,Review,0.8
L000427,4.0,0.18247643,0.25639585,0.11773891,0.02402721,3,0.4476198,2,0.5204709759567128,N/A,Review,0.8
L000427,5.0,0.03323544,0.03085883,0.046143156,0.38757184,3,0.5844719,2,0.5138043169345671,N/A,Review,0.8
L000427,6.0,0.036849085,0.045608316,0.038374227,0.25799483,3,0.5059554,3,0.44991795894803016,N/A,Review,0.8
L000427,7.0,0.052110508,0.027681062,0.031950627,0.37988216,3,0.4743037,1,0.40308995376438284,N/A,Review,0.8
L000427,8.0,0.038228936,0.037086237,0.028100569,0.39305186,3,0.5252751,2,0.4529962496362179,N/A,Review,0.8
L000427,9.0,0.9970214,0.9962245,0.022674767,0.0005544683,0,0.8193427,2,0.47007290157489334,N/A,Review,0.8
L000427,10.0,0.9975473,0.9965575,0.030216677,0.0022751507,0,0.75033355,3,0.5939300857958374,N/A,Review,0.8
L000427,11.0,0.9935354,0.99609643,0.054714594,0.0004393763,0,0.6587032,3,0.49800355873502455,N/A,Review,0.8
L000427,12.0,0.95401984,0.97161037,0.033257112,0.010202835,0,0.4633947,2,0.44106106390817734,N/A,Review,0.8
L000427,13.0,0.9942697,0.997664,0.9899042,0.0016193545,1,0.523596,2,0.6093731633981827,N/A,Review,0.8
L000427,14.0,0.99772435,0.9971283,0.9947503,0.00021143873,1,0.36377287,2,0.4878918906794662,N/A,Review,0.8
L000427,15.0,0.997097,0.9983027,0.99505806,0.0002337125,1,0.2742453,2,0.4983638187181379,N/A,Review,0.8
L000427,16.0,0.9984817,0.9986933,0.99915636,0.00019363662,2,0.20762809,2,0.47576671945896426,N/A,Review,0.8
L000427,17.0,0.99880993,0.99829334,0.99936646,0.00044141445,2,0.1689907,2,0.5162223913204376,N/A,Review,0.8
L000427,18.0,0.99881613,0.99853575,0.9993311,0.000438249,2,0.30740649,1,0.4950892330963711,N/A,Review,0.8
L000427,19.0,0.06168001,0.10216245,0.11010769,0.4565718,3,0.2741046,2,0.45563776550767754,N/A,Review,0.8
L000427,20.0,0.03989304,0.021377051,0.015686346,0.27289337,3,0.18584307,0,0.6757124632057522,N/A,Review,0.8
L000427,21.0,0.027467895,0.014215768,0.024773633,0.3472706,3,0.12491444,3,0.5260315258391667,N/A,Review,0.8
L000435,0.0,0.036882125,0.03092694,0.029063227,0.35596249,3,0.47712865,2,0.5183930054042293,N/A,Review,0.8
L000435,1.0,0.9961177,0.9955177,0.06750503,0.0013074104,0,0.2213042,3,0.534491055745866,N/A,Review,0.8
L000435,2.0,0.99695766,0.988929,0.04800196,0.00023972389,0,0.39214638,0,0.4877642910925375,N/A,Review,0.8
L000435,3.0,0.997813,0.9970964,0.04386136,0.00071760087,0,0.18283041,0,0.48962347988659444,N/A,Review,0.8
L000435,4.0,0.9952211,0.997389,0.02751773,0.0010996148,0,0.16506603,0,0.5120111411993987,N/A,Review,0.8
L000435,5.0,0.99805814,0.9982672,0.030960057,0.00048484493,0,0.38235834,0,0.4719389067698907,N/A,Review,0.8
L000435,6.0,0.9966665,0.9977696,0.03391762,0.0005303836,0,0.20077547,0,0.4715736182068039,N/A,Review,0.8
L000435,7.0,0.99647236,0.99671704,0.03211299,0.00045744388,0,0.22230686,2,0.4401259114359012,N/A,Review,0.8
L000435,8.0,0.99710935,0.9967334,0.032075353,0.0002892174,0,0.2160386,2,0.42296428078707166,N/A,Review,0.8
L000435,9.0,0.99779665,0.9978637,0.029456308,0.00023571808,0,0.7406653,2,0.42514055861072736,N/A,Review,0.8
L000435,10.0,0.06069314,0.060776517,0.0383943,0.33750385,3,0.49279693,0,0.4207712174300979,N/A,Review,0.8
L000435,11.0,0.04545006,0.07155945,0.047035765,0.43583623,3,0.22797747,0,0.41547164753891,N/A,Review,0.8
L000440,0.0,0.021209283,0.029939404,0.041401822,0.54735255,3,0.058346365,2,0.7663677330454118,N/A,Review,0.8
L000440,1.0,0.029436389,0.014591352,0.13872088,0.065306604,3,0.021790896,3,0.5810803602877874,N/A,Review,0.8
L000440,2.0,0.99594575,0.9965154,0.040222984,0.00030212884,0,0.11544846,2,0.5194281413102787,N/A,Review,0.8
L000440,3.0,0.99739873,0.9977186,0.031746455,6.316905e-05,0,0.047310993,2,0.6777003700619822,N/A,Review,0.8
L000440,,0.9979406,0.9982331,0.037291,0.0005528271,0,0.079264045,2,0.6009414745639892,N/A,Review,0.8
L000440,5.0,0.9976654,0.99752074,0.032190774,0.0007048764,0,0.16298622,2,0.5755960976211862,N/A,Review,0.8
L000440,6.0,0.9955089,0.9957558,0.05373851,0.0003233961,0,0.09004067,2,0.5351479871739733,N/A,Review,0.8
L000440,7.0,0.9977094,0.9956802,0.039172005,0.00014064605,0,0.06115367,2,0.5313859254625601,N/A,Review,0.8
L000440,8.0,0.9978497,0.9960277,0.029848048,0.00029740532,0,0.014236271,2,0.5380167209087301,N/A,Review,0.8
L000440,9.0,0.9958866,0.9979231,0.029499639,0.0007269297,0,0.10506137,0,0.4400545519373974,N/A,Review,0.8
L000440,10.0,0.99346864,0.9958112,0.9869681,0.0004888363,1,0.046836488,0,0.47010850221767175,N/A,Review,0.8
L000440,11.0,0.9947154,0.99625707,0.99423605,0.0002588365,1,0.02891293,2,0.5514582514407593,N/A,Review,0.8
L000440,12.0,0.9948242,0.99758065,0.99480045,4.0657418e-05,1,0.0114854155,2,0.5812586678531394,N/A,Review,0.8
L000440,13.0,0.9962729,0.99843854,0.9987992,0.0001085851,2,0.07714536,2,0.559731913901357,N/A,Review,0.8
L000440,14.0,0.9969414,0.99823415,0.99861586,0.00042434747,2,0.028636979,2,0.5891137472295396,N/A,Review,0.8
L000440,15.0,0.9979983,0.99823123,0.9986632,0.00028266048,2,0.019588616,1,0.6180383990850287,N/A,Review,0.8
L000440,16.0,0.9975146,0.99788743,0.9988605,0.00023953973,2,0.04016622,2,0.6304254435506542,N/A,Review,0.8
L000440,17.0,0.99688345,0.9981937,0.9986959,0.00032578196,2,0.0322867,2,0.5900730905285068,N/A,Review,0.8
L000440,18.0,0.9967344,0.99796873,0.9953235,0.0010768048,2,0.04057809,2,0.5495295203969157,N/A,Review,0.8
L000440,19.0,0.9978264,0.99790215,0.9990852,0.0006489677,2,0.020179363,2,0.6202611575239787,N/A,Review,0.8
L000440,20.0,0.9978027,0.99615306,0.99901056,0.000600367,2,0.034139376,2,0.6323166100205285,N/A,Review,0.8
L000440,21.0,0.9971379,0.9965257,0.99615127,0.0012050563,2,0.038810767,2,0.520510924204666,N/A,Review,0.8
L000440,22.0,0.99719524,0.9977063,0.9990706,0.00042720442,2,0.06630265,2,0.5682434910990096,N/A,Review,0.8
L000440,23.0,0.99791414,0.99805754,0.99923515,0.0005379474,2,0.28071102,2,0.5346483600118102,N/A,Review,0.8
L000440,24.0,0.99802125,0.9975223,0.9990854,0.00063137105,2,0.13006055,2,0.6328575069317046,N/A,Review,0.8
L000440,25.0,0.99809164,0.99715316,0.9990854,0.000477661,2,0.17293982,2,0.6071004271394765,N/A,Review,0.8
L000440,26.0,0.99752194,0.99670416,0.9991109,0.00042302496,2,0.12077263,2,0.6082995342095643,N/A,Review,0.8
L000440,27.0,0.997652,0.9978678,0.99910706,0.0005287832,2,0.13006417,2,0.6057182517445718,N/A,Review,0.8
L000440,28.0,0.997417,0.9980367,0.9992631,0.00043719538,2,0.05930186,2,0.6453680547182985,N/A,Review,0.8
L000440,29.0,0.99782073,0.998447,0.9992285,0.0005277537,2,0.46547025,2,0.5828336045216218,N/A,Review,0.8
L000440,30.0,0.99762195,0.9978656,0.9991173,0.00043503713,2,0.07693209,2,0.6367982350216812,N/A,Review,0.8
L000440,31.0,0.9983266,0.9980044,0.9992341,0.0006005284,2,0.055324882,1,0.640772051588341,N/A,Review,0.8
L000440,32.0,0.9976788,0.9978428,0.99917406,0.0006515622,2,0.011148896,1,0.6340725014796589,N/A,Review,0.8
L000440,33.0,0.9977703,0.99825317,0.999193,0.00047108726,2,0.023224946,1,0.6297640136646634,N/A,Review,0.8
L000440,34.0,0.997912,0.9978809,0.9991722,0.00041685256,2,0.030764434,1,0.6895224362482075,N/A,Review,0.8
L000440,35.0,0.99772173,0.9982337,0.99926144,0.00031741406,2,0.028443966,1,0.6405350978863819,N/A,Review,0.8
L000440,36.0,0.99710315,0.99839264,0.9992366,0.00023589323,4,0.026107043,1,0.6342112592027839,N/A,Review,0.8
L000440,37.0,0.9975586,0.99828064,0.9991732,0.00024460102,2,0.04454957,1,0.6563173241198879,N/A,Review,0.8
L000440,38.0,0.9973896,0.998422,0.9992537,0.00028889,4,0.020162452,1,0.658860200120892,N/A,Review,0.8
L000440,39.0,0.99745506,0.9979972,0.9991461,0.0012407239,2,0.027886882,2,0.7573149124823146,N/A,Review,0.8
L000440,40.0,0.9970579,0.9975922,0.999236,0.00026283154,2,0.10574248,1,0.5219657080560867,N/A,Review,0.8
L000440,41.0,0.9979159,0.9982644,0.9993057,0.0009488558,2,0.026241846,2,0.8009883075750275,N/A,Review,0.8
L000440,42.0,0.99762887,0.9979656,0.99919826,0.00028779753,2,0.06625521,2,0.6246809355784424,N/A,Review,0.8
L000448,0.0,0.10519191,0.24964547,0.14337793,0.6745244,3,0.11004872,1,0.5429006017959217,N/A,Review,0.8
L000448,1.0,0.09052021,0.13908865,0.12019088,0.7042183,3,0.14092523,3,0.4561396361504001,N/A,Review,0.8
L000448,2.0,0.07881496,0.17853336,0.057724804,0.8608246,3,0.21294232,3,0.44127214057190634,N/A,Review,0.8
L000448,3.0,0.11389605,0.119734846,0.041764416,0.7922835,3,0.1743068,3,0.4367487910954808,N/A,Review,0.8
L000448,4.0,0.9970239,0.9971125,0.05334817,0.0012493975,0,0.22998674,3,0.4465058510589368,N/A,Review,0.8
L000448,5.0,0.9922242,0.99597114,0.99452704,0.0007864251,1,0.23314473,3,0.4766956185320607,N/A,Review,0.8
L000448,6.0,0.9970618,0.99742824,0.994393,0.0011422602,1,0.32833025,3,0.5789794448390597,N/A,Review,0.8
L000448,7.0,0.9980509,0.99719846,0.9927095,0.00034683902,1,0.26202157,1,0.5159604178048046,N/A,Review,0.8
L000448,8.0,0.99823785,0.9983348,0.99440104,0.00033361636,1,0.23677401,1,0.5299717621165653,N/A,Review,0.8
L000448,9.0,0.99814343,0.99856263,0.9968465,0.00020772021,1,0.1335165,2,0.4617098939736832,N/A,Review,0.8
L000448,,0.9982364,0.9979438,0.9967482,0.0007997966,1,0.28684032,1,0.4601104178169676,N/A,Review,0.8
L000448,11.0,0.99763346,0.99861693,0.99675876,0.000970147,1,0.22698446,1,0.4348530856439389,N/A,Review,0.8
L000448,12.0,0.99737537,0.99863523,0.99708253,0.0010970728,1,0.14100912,1,0.39192733417649156,N/A,Review,0.8
L000448,13.0,0.99673945,0.9988582,0.9970848,0.0011198225,1,0.3159238,1,0.4385256152677669,N/A,Review,0.8
L000448,14.0,0.9970583,0.99881554,0.9975435,0.00062641053,1,0.30855128,1,0.4408731498888019,N/A,Review,0.8
L000448,15.0,0.9954254,0.9991184,0.998574,0.0015639843,1,0.26084876,1,0.3842824958557371,N/A,Review,0.8
L000448,16.0,0.9959544,0.9985494,0.997633,0.00052418374,1,0.23342475,1,0.42640145677683455,N/A,Review,0.8
L000448,17.0,0.9973876,0.9989918,0.99937326,0.0013162487,2,0.15250672,1,0.4375997704219218,N/A,Review,0.8
L000448,,0.998013,0.999169,0.9993344,0.0009671597,2,0.22614314,1,0.4835056330457602,N/A,Review,0.8
L000448,19.0,0.99807525,0.9990722,0.99923575,0.0010169074,4,0.27464297,1,0.5054154723714523,N/A,Review,0.8
L000448,20.0,0.9988726,0.99955434,0.9994536,0.0009430405,4,0.38577595,0,0.5254098949790015,N/A,Review,0.8
L000448,21.0,0.998992,0.9994923,0.9996082,0.0006075563,4,0.06310081,0,0.5798253269841782,N/A,Review,0.8
L000448,22.0,0.9991647,0.9995346,0.99960905,0.00034740375,4,0.21525854,1,0.5147888680823185,N/A,Review,0.8
L000448,23.0,0.9989491,0.9995809,0.9996395,0.0006231694,4,0.22615293,0,0.5018621995225877,N/A,Review,0.8
L000448,24.0,0.998762,0.99969363,0.9996234,0.0006245721,4,0.16527903,0,0.43761737108953236,N/A,Review,0.8
L000448,25.0,0.99922705,0.9997285,0.9996062,0.00040304544,4,0.1238287,0,0.48072818742628143,N/A,Review,0.8
L000448,26.0,0.998998,0.9995926,0.9996132,0.00093274616,4,0.31649622,1,0.44608421184744307,N/A,Review,0.8
L000448,27.0,0.9990735,0.99971145,0.99956566,0.0008948624,4,0.31208596,0,0.5159485400554222,N/A,Review,0.8
L000448,28.0,0.99611497,0.99916613,0.9974106,0.0045958417,4,0.13790321,1,0.5539392278910744,N/A,Review,0.8
L000448,29.0,0.9991472,0.99963033,0.9996166,0.00072371867,4,0.26663974,1,0.4078416708046187,N/A,Review,0.8
L000448,30.0,0.99920195,0.9996705,0.9996019,0.0009775301,4,0.25194138,1,0.38690650520760184,N/A,Review,0.8
L000448,31.0,0.9969265,0.99891543,0.9972209,0.0024046586,4,0.19261332,1,0.4417477469484492,N/A,Review,0.8
L000448,32.0,0.99883085,0.9996159,0.9996132,0.000615412,4,0.21768124,1,0.3623494654014246,N/A,Review,0.8
L000448,33.0,0.99882,0.99970657,0.9996233,0.0004087059,4,0.35675213,0,0.4206675133759098,N/A,Review,0.8
L000448,34.0,0.998899,0.99968827,0.99962354,0.00096988044,4,0.50337124,1,0.40136960132815447,N/A,Review,0.8
L000448,35.0,0.9988932,0.9996377,0.99960655,0.0005330322,4,0.47125286,0,0.33745401961914956,N/A,Review,0.8
L000448,36.0,0.99883395,0.99973625,0.9996146,0.00041043301,4,0.45687595,0,0.3608718454314988,N/A,Review,0.8
L000448,37.0,0.99900645,0.9996803,0.9995815,0.00027872898,4,0.36759257,0,0.4360218866598757,N/A,Review,0.8
L000448,38.0,0.9989403,0.9996362,0.9995565,0.0003816476,4,0.5503063,0,0.38519156293094525,N/A,Review,0.8
L000448,39.0,0.9992756,0.99975735,0.999574,0.000272981,4,0.14184013,0,0.3950003147756797,N/A,Review,0.8
L000448,40.0,0.99914026,0.99970466,0.9996556,0.0001321706,4,0.32702956,0,0.3940120264890063,N/A,Review,0.8
L000448,41.0,0.99926513,0.99971634,0.9996525,0.00022233537,4,0.40430298,1,0.3945677047466057,N/A,Review,0.8
L000448,42.0,0.9992741,0.9997937,0.9996253,0.00022633788,4,0.3804728,3,0.3808540968349938,N/A,Review,0.8
L000448,43.0,0.9990068,0.9996196,0.9996056,0.000112239766,4,0.21445048,3,0.6160772214482857,N/A,Review,0.8
L000448,44.0,0.99937075,0.9996985,0.99961215,0.00012667662,4,0.2191321,3,0.43933925313200584,N/A,Review,0.8
L000448,,0.99901307,0.9995377,0.999579,0.0003393576,4,0.16204612,3,0.4198003341075708,N/A,Review,0.8
L000448,46.0,0.999426,0.9996804,0.9995784,0.0002583791,4,0.08647578,0,0.41083299102657633,N/A,Review,0.8
L000448,47.0,0.9993611,0.999652,0.9996221,0.00037431286,4,0.25211608,0,0.35681261547362975,N/A,Review,0.8
L000448,48.0,0.9994,0.999627,0.99961406,0.00039256387,4,0.31398746,0,0.36829115330597856,N/A,Review,0.8
L000448,49.0,0.99747664,0.9991629,0.9974251,0.0012903885,4,0.21518481,0,0.3978579517611741,N/A,Review,0.8
L000448,50.0,0.99934524,0.99977297,0.9996556,0.00029103275,4,0.22105221,0,0.33968219992172,N/A,Review,0.8
L000448,51.0,0.99920756,0.99975115,0.999655,0.0003496937,4,0.0843752,0,0.41196006796230805,N/A,Review,0.8
L000448,52.0,0.99927276,0.99971277,0.9996087,0.0006137052,4,0.24709569,1,0.3765436977577252,N/A,Review,0.8
L000448,,0.99864155,0.9995677,0.9996276,0.00033788953,4,0.112680025,1,0.40893510683681966,N/A,Review,0.8
L000448,54.0,0.99921465,0.99966514,0.999569,0.00034491782,4,0.12610386,2,0.3938594899459143,N/A,Review,0.8
L000448,55.0,0.9991881,0.99967015,0.99964297,0.00021232785,4,0.16459276,1,0.598650228427487,N/A,Review,0.8
L000448,56.0,0.99928826,0.99973077,0.9995517,0.00021774799,4,0.48198473,1,0.3677432194178031,N/A,Review,0.8
L000448,57.0,0.9993599,0.99965,0.9995435,0.00028149036,4,0.16165629,1,0.47320161796258187,N/A,Review,0.8
L000448,58.0,0.9992512,0.9997179,0.9996532,0.00029817017,4,0.16506049,1,0.3722648528034301,N/A,Review,0.8
L000448,59.0,0.99916816,0.99970394,0.9996132,0.00024923868,4,0.10093932,3,0.45715873200170337,N/A,Review,0.8
L000448,60.0,0.9992986,0.99966073,0.9996137,0.00064848823,4,0.1258978,1,0.3921563910134812,N/A,Review,0.8
L000448,61.0,0.9992617,0.99973816,0.99966705,0.00030096105,4,0.14082548,1,0.4525601379412797,N/A,Review,0.8
L000448,62.0,0.9991798,0.9997143,0.99963343,0.0003689456,4,0.16936122,1,0.42055825872044816,N/A,Review,0.8
L000448,63.0,0.99916494,0.99968636,0.9996481,0.0003086369,4,0.09714299,3,0.4575986812608066,N/A,Review,0.8
L000448,64.0,0.9993099,0.9997073,0.99957365,0.00035145838,4,0.14182724,1,0.46048282710703314,N/A,Review,0.8
L000448,65.0,0.99916077,0.9996679,0.9995993,0.00029449686,4,0.16000141,1,0.44779765208804523,N/A,Review,0.8
L000448,66.0,0.9993487,0.99967897,0.9996049,0.0003054491,4,0.17135735,2,0.49860271440161974,N/A,Review,0.8
L000448,67.0,0.99914074,0.99972063,0.9995976,0.00025385877,4,0.11669086,2,0.5253266735805733,N/A,Review,0.8
L000448,68.0,0.9992349,0.99966407,0.9996495,0.00028792623,4,0.25736105,2,0.4816029973562742,N/A,Review,0.8
L000448,69.0,0.9993824,0.9997441,0.9995467,0.00019547666,4,0.21368587,1,0.5025916732848665,N/A,Review,0.8
L000448,70.0,0.99931943,0.9997634,0.99958163,0.0002012882,4,0.25208956,1,0.5144891757159697,N/A,Review,0.8
L000448,71.0,0.9992274,0.9997396,0.99961025,0.00019093456,4,0.082031034,2,0.5783221440191755,N/A,Review,0.8
L000448,72.0,0.99926215,0.9998599,0.99963975,9.821556e-05,4,0.114898056,1,0.4788878574658789,N/A,Review,0.8
L000448,73.0,0.99923694,0.9998062,0.9995697,0.00012854014,4,0.061019264,2,0.6193703493230915,N/A,Review,0.8
L000448,74.0,0.99918574,0.99964964,0.99962306,0.00024617978,4,0.040351775,1,0.7631696089569483,N/A,Review,0.8
L000448,75.0,0.9992483,0.9995407,0.99953926,0.00038312704,4,0.12693825,0,0.7136006441830947,N/A,Review,0.8
L000448,76.0,0.9992343,0.9997228,0.9996439,0.00018018186,4,0.050749335,0,0.589054858098832,N/A,Review,0.8
L000448,77.0,0.9993205,0.99970406,0.99962556,0.00026884503,4,0.09610522,0,0.5915916589802546,N/A,Review,0.8
L000448,78.0,0.9993567,0.9996039,0.9995952,0.00020629006,4,0.021392174,0,0.6183398553836162,N/A,Review,0.8
L000448,79.0,0.99893683,0.99950826,0.99959487,0.0002409018,4,0.03379473,0,0.716141052620554,N/A,Review,0.8
L000448,80.0,0.9994043,0.99964905,0.9996019,0.00024140721,4,0.11257368,0,0.6269096085973316,N/A,Review,0.8
L000448,81.0,0.9992687,0.999655,0.9996598,0.00019118615,4,0.03395769,0,0.6620473384233901,N/A,Review,0.8
L000448,82.0,0.9991033,0.99963427,0.99963486,0.00029230828,4,0.035818122,0,0.8015769489866578,N/A,Review,0.8
L000448,83.0,0.9991672,0.9996872,0.99962926,0.00022412706,4,0.21739757,0,0.5954934945666386,N/A,Review,0.8
L000448,84.0,0.9992711,0.99953663,0.99959666,0.0004361834,4,0.08625051,0,0.688475667033368,N/A,Review,0.8
L000448,85.0,0.9993599,0.99965036,0.99957603,0.00024703823,4,0.21466477,0,0.6863725236590721,N/A,Review,0.8
L000448,86.0,0.9993262,0.99967766,0.9995828,0.0002631909,4,0.08076259,0,0.6752492750496035,N/A,Review,0.8
L000448,87.0,0.999403,0.99970007,0.99958426,0.00030651063,4,0.1270134,0,0.6864765446632783,N/A,Review,0.8
L000448,,0.9988084,0.99956554,0.99959356,0.0002079963,4,0.029778486,0,0.6783206669843551,N/A,Review,0.8
L000450,0.0,0.076317854,0.04217449,0.05467563,0.016260907,3,0.17636491,2,0.7697212858993716,N/A,Review,0.8
L000450,1.0,0.041457772,0.024235299,0.043121472,0.14753027,3,0.027351195,2,0.5351390934318444,N/A,Review,0.8
L000450,2.0,0.040371984,0.028508822,0.032408074,0.5530831,3,0.022217352,2,0.5329759858509784,N/A,Review,0.8
L000450,3.0,0.051230147,0.022806741,0.025423426,0.5017676,3,0.02939618,2,0.5242905551666524,N/A,Review,0.8
L000450,4.0,0.02578097,0.017393805,0.029511655,0.21723618,3,0.030816201,2,0.4972830271858892,N/A,Review,0.8
L000450,5.0,0.06637934,0.027826965,0.031563334,0.39647022,3,0.15300886,2,0.5061559311342676,N/A,Review,0.8
L000450,6.0,0.022592433,0.0125805,0.024302376,0.25732687,3,0.18689406,2,0.4245763013156093,N/A,Review,0.8
L000450,7.0,0.0672625,0.031547334,0.021952398,0.14757727,3,0.1977993,2,0.46423657528832113,N/A,Review,0.8
L000450,,0.10862818,0.041788984,0.027128514,0.1921679,3,0.2184415,2,0.46682598107384465,N/A,Review,0.8
L000450,9.0,0.058755394,0.04339552,0.030471617,0.22360902,3,0.37766114,2,0.4610232532304692,N/A,Review,0.8
L000450,10.0,0.057322953,0.04921244,0.024095885,0.38470078,3,0.40368992,2,0.4445263769895154,N/A,Review,0.8
L000450,11.0,0.07153169,0.032620877,0.030599337,0.18351799,3,0.3334391,2,0.45601555183047693,N/A,Review,0.8
L000450,12.0,0.06621535,0.04641004,0.019013051,0.20489356,3,0.37535354,2,0.42617525663086875,N/A,Review,0.8
L000450,13.0,0.99675363,0.9947725,0.034100275,0.00021744074,0,0.24587944,2,0.5303633537894089,N/A,Review,0.8
L000450,14.0,0.058401145,0.061143897,0.027538098,0.098546304,3,0.35408992,2,0.5731248559169267,N/A,Review,0.8
L000450,15.0,0.06336914,0.08348646,0.026735103,0.14300336,3,0.34621564,2,0.46172984458448685,N/A,Review,0.8
L000450,16.0,0.18052548,0.4277764,0.05198429,0.0061288257,3,0.20795363,2,0.45863777310809045,N/A,Review,0.8
L000450,,0.094598904,0.062377263,0.027763383,0.17000346,3,0.22706147,2,0.46122844803752283,N/A,Review,0.8
L000450,18.0,0.10973505,0.063101485,0.04046166,0.42977843,3,0.33801544,2,0.45778850478224187,N/A,Review,0.8
L000450,19.0,0.11632378,0.052087482,0.042457726,0.35677817,3,0.24992634,2,0.5096422790906816,N/A,Review,0.8
L000450,20.0,0.076104626,0.048371308,0.024643552,0.20053713,3,0.22939119,2,0.4662459673211001,N/A,Review,0.8
L000450,21.0,0.063938744,0.04807246,0.022779638,0.1610337,3,0.21029338,2,0.4211674969592688,N/A,Review,0.8
L000450,22.0,0.06963219,0.08410377,0.021057345,0.20743167,3,0.2855621,2,0.4483424566208277,N/A,Review,0.8
L000450,,0.089608334,0.05827826,0.023260508,0.24459846,3,0.24508396,2,0.4479815204993376,N/A,Review,0.8
L000450,24.0,0.09689625,0.07147238,0.02731745,0.14000158,3,0.25810874,2,0.4963070792681651,N/A,Review,0.8
L000450,25.0,0.077845566,0.040381677,0.042114716,0.13568343,3,0.55882215,2,0.6166097104329178,N/A,Review,0.8
L000450,26.0,0.08078428,0.082666606,0.039776925,0.25919223,3,0.43824825,2,0.4704034007900161,N/A,Review,0.8
L000450,27.0,0.06858652,0.055990256,0.04004843,0.220691,3,0.40220284,2,0.48972620498716984,N/A,Review,0.8
L000450,28.0,0.100718126,0.06661984,0.037919555,0.39749482,3,0.31129992,2,0.4606226033640141,N/A,Review,0.8
L000450,29.0,0.101116635,0.037781663,0.032444127,0.18557917,3,0.2188394,2,0.4854440000617206,N/A,Review,0.8
L000450,30.0,0.99722004,0.9969638,0.026918955,0.00017047489,0,0.2047217,2,0.5556926198557381,N/A,Review,0.8
L000450,31.0,0.99691963,0.9977315,0.019034175,0.00014948835,0,0.09519181,2,0.5741564641872059,N/A,Review,0.8
L000450,32.0,0.9965044,0.99766964,0.023358889,0.0003382023,0,0.13101007,2,0.5603810735456091,N/A,Review,0.8
L000450,33.0,0.99696654,0.99873775,0.04063384,0.00064875215,0,0.115676165,2,0.42281460578072955,N/A,Review,0.8
L000450,34.0,0.99187016,0.9973254,0.042444315,0.00033101218,0,0.09977733,2,0.5656352450241192,N/A,Review,0.8
L000450,35.0,0.9744135,0.9913191,0.03534084,0.0005485859,0,0.06885484,0,0.4915582474782633,N/A,Review,0.8
L000450,36.0,0.99708337,0.9988551,0.028809164,0.00012526212,0,0.12527896,2,0.5350751048628403,N/A,Review,0.8
L000450,37.0,0.9966965,0.99811894,0.9842317,8.73008e-05,1,0.13833684,0,0.4658535218976952,N/A,Review,0.8
L000450,38.0,0.9975963,0.99756867,0.99519867,0.0006608256,1,0.088422276,2,0.5312428065638031,N/A,Review,0.8
L000450,39.0,0.09302769,0.09840618,0.039406784,0.25460473,3,0.17753421,2,0.5658403355911554,N/A,Review,0.8
L000450,40.0,0.05727403,0.05283218,0.024467463,0.4061785,3,0.13519226,0,0.5264049561623608,N/A,Review,0.8
L000450,41.0,0.09965448,0.10177214,0.039181866,0.25214174,3,0.10960129,2,0.5460348733715343,N/A,Review,0.8
L000450,42.0,0.21394241,0.56665266,0.1534942,0.03897424,3,0.060839325,2,0.5865638189577377,N/A,Review,0.8
L000450,43.0,0.056425028,0.13823389,0.04574121,0.07980599,3,0.15478413,2,0.6064769941162321,N/A,Review,0.8
L000450,44.0,0.053695086,0.09107758,0.05209162,0.1000655,3,0.22763602,2,0.6040631804472466,N/A,Review,0.8
L000450,45.0,0.9975096,0.9980627,0.04207553,0.0010853239,0,0.26836568,0,0.6027910003030337,N/A,Review,0.8
L000450,46.0,0.9973375,0.99785787,0.045742303,0.0005508486,0,0.24357381,0,0.6501264148364682,N/A,Review,0.8
L000450,47.0,0.99367636,0.9921739,0.9918383,0.00044638853,1,0.2498706,0,0.6253913838694953,N/A,Review,0.8
L000450,48.0,0.99722594,0.99586475,0.9952413,0.00032210562,1,0.15586145,0,0.654206156904654,N/A,Review,0.8
L000450,49.0,0.9982316,0.9975642,0.99908316,0.00030766564,2,0.16942714,0,0.6295250353007399,N/A,Review,0.8
L000450,50.0,0.9980831,0.99824154,0.9985518,0.00022727923,2,0.0722976,0,0.6570746293827527,N/A,Review,0.8
L000450,51.0,0.99850047,0.9991429,0.99931943,0.00025402583,2,0.24132767,0,0.6870678264858207,N/A,Review,0.8
L000450,52.0,0.9984048,0.9990671,0.99932754,0.00021530589,4,0.26507613,0,0.7394692966201531,N/A,Review,0.8
L000450,53.0,0.9993988,0.99955744,0.9994873,6.563892e-05,4,0.20792592,0,0.7868934174691742,N/A,Review,0.8
L000450,54.0,0.9990256,0.99951625,0.999658,0.00017912051,4,0.10632121,0,0.6761552122011518,N/A,Review,0.8
L000450,55.0,0.9990983,0.99946517,0.99967873,0.00010056899,4,0.05787533,0,0.7131536457185343,N/A,Review,0.8
L000450,56.0,0.9993862,0.99951184,0.9996171,7.100139e-05,4,0.04652033,1,0.7371067890203847,N/A,Review,0.8
L000450,57.0,0.99625254,0.9988945,0.99751437,0.00015274838,4,0.03430802,1,0.6716655994297951,N/A,Review,0.8
L000450,58.0,0.99924785,0.9997907,0.99967444,3.5034245e-05,4,0.051214043,1,0.6069247010388442,N/A,Review,0.8
L000450,59.0,0.9993494,0.9996835,0.99960715,5.5036027e-05,4,0.07352335,1,0.6438639579855733,N/A,Review,0.8
L000450,60.0,0.999332,0.9997136,0.99964976,6.598529e-05,4,0.13061881,1,0.6017900129298208,N/A,Review,0.8
L000450,61.0,0.9994093,0.9996244,0.9996494,6.9190224e-05,4,0.18959685,1,0.6610484214232054,N/A,Review,0.8
L000450,62.0,0.9991468,0.9996463,0.9996563,5.602355e-05,4,0.037387874,1,0.5719882715265445,N/A,Review,0.8
L000450,63.0,0.99932265,0.99960464,0.99962914,0.0001992234,4,0.09234461,3,0.6911882846408102,N/A,Review,0.8
L000450,64.0,0.99915254,0.9997185,0.9997168,2.966485e-05,4,0.09329062,2,0.6134681462547578,N/A,Review,0.8
L000450,65.0,0.99908316,0.99964046,0.99967325,6.6492445e-05,4,0.079422906,3,0.5776783761338753,N/A,Review,0.8
L000450,66.0,0.9991277,0.9995308,0.9996363,0.00016652839,4,0.15019819,2,0.6033137682863173,N/A,Review,0.8
L000450,67.0,0.9992637,0.99958855,0.9996136,0.00010734137,4,0.28837243,2,0.606041543720603,N/A,Review,0.8
L000450,68.0,0.99908006,0.9995117,0.9996172,0.000100200545,4,0.5433506,2,0.5611412641930346,N/A,Review,0.8
L000450,69.0,0.99930394,0.9995845,0.9995906,0.00010547059,4,0.29961392,2,0.6393037380065463,N/A,Review,0.8
L000450,70.0,0.9992637,0.9995876,0.99962866,0.00010736195,4,0.09965067,2,0.6525519870352066,N/A,Review,0.8
L000450,71.0,0.9992555,0.9996575,0.9996213,0.00011447661,4,0.083648935,2,0.6248952879844001,N/A,Review,0.8
L000450,72.0,0.99905413,0.9994956,0.99958605,0.00012604501,4,0.19130786,2,0.6285134845980369,N/A,Review,0.8
L000450,73.0,0.99912375,0.999607,0.99963486,0.000111964626,4,0.07125651,2,0.5265974368910946,N/A,Review,0.8
L000450,74.0,0.99686277,0.9990225,0.99702173,7.7529156e-05,4,0.15289518,2,0.5807860338402846,N/A,Review,0.8
L000450,75.0,0.9993038,0.9995757,0.99958867,8.3095234e-05,4,0.08783203,2,0.6853794515511161,N/A,Review,0.8
L000450,76.0,0.99911577,0.99958116,0.9996588,8.795617e-05,4,0.21595287,0,0.6905143104670591,N/A,Review,0.8
L000450,77.0,0.9991999,0.99959797,0.9996841,9.50649e-05,4,0.12447415,0,0.6694436437532895,N/A,Review,0.8
L000450,78.0,0.9974976,0.9988379,0.9966858,0.00017117674,4,0.105184816,0,0.770025775296796,N/A,Review,0.8
L000450,79.0,0.9990583,0.9995339,0.99966216,0.000103350765,4,0.07163534,0,0.803028302201509,N/A,Review,0.8
L000450,80.0,0.99732,0.9990588,0.99684983,0.0001623799,4,0.11356027,0,0.7540964466930937,N/A,Review,0.8
L000450,81.0,0.9990164,0.9996475,0.99964595,8.217681e-05,4,0.025913129,0,0.7076689719015,N/A,Review,0.8
L000450,82.0,0.9993279,0.99963737,0.99969196,0.00013692297,4,0.11770867,0,0.8256931351493522,N/A,Review,0.8
L000454,0.0,0.109222,0.22886392,0.17762314,0.38753524,3,0.07461207,2,0.6297437766154211,N/A,Review,0.8
L000454,1.0,0.15421334,0.17944185,0.07081035,0.2530749,3,0.14664958,3,0.5237349385487312,N/A,Review,0.8
L000454,2.0,0.1100132,0.29149172,0.08765976,0.7953821,3,0.18532594,3,0.5433535589211557,N/A,Review,0.8
L000454,3.0,0.15914173,0.25806838,0.05279554,0.7730426,3,0.1775036,3,0.4861992395359254,N/A,Review,0.8
L000454,4.0,0.119489335,0.2964753,0.051636357,0.7222379,3,0.22429392,3,0.5256967970984818,N/A,Review,0.8
L000454,5.0,0.99789137,0.9974113,0.06026029,0.0016794133,0,0.21280544,3,0.5321900748569455,N/A,Review,0.8
L000454,6.0,0.99780554,0.9984321,0.04825798,0.00044064407,0,0.27059317,2,0.5237329965259105,N/A,Review,0.8
L000454,7.0,0.99710625,0.9986523,0.087223746,0.00019874092,0,0.39383888,2,0.5573115903867975,N/A,Review,0.8
L000454,8.0,0.99769574,0.99883217,0.08654874,0.0004122505,0,0.3333764,2,0.5533793026743729,N/A,Review,0.8
L000454,9.0,0.9957569,0.9987425,0.99244374,0.00013336138,1,0.5937116,2,0.5528365113186663,N/A,Review,0.8
L000454,10.0,0.99720335,0.9985085,0.9964702,0.00018119595,1,0.3189744,2,0.5025015635448585,N/A,Review,0.8
L000454,11.0,0.99654835,0.9984719,0.9974331,0.00028978763,2,0.47557104,2,0.42175643711181066,N/A,Review,0.8
L000454,12.0,0.9976539,0.9987357,0.99952877,0.0001234353,2,0.12004772,2,0.5424350478472405,N/A,Review,0.8
L000454,13.0,0.99847263,0.9989215,0.9992342,8.3136525e-05,2,0.18850718,2,0.5586291198079663,N/A,Review,0.8
L000454,14.0,0.9985927,0.999134,0.99929523,2.738331e-05,2,0.14956675,2,0.5839030426121278,N/A,Review,0.8
L000454,,0.99820065,0.9996662,0.9992718,0.00010689806,4,0.12481704,1,0.6301133721276981,N/A,Review,0.8
L000454,16.0,0.9985656,0.9996474,0.9995453,0.00014023132,4,0.4818288,2,0.5332151052888775,N/A,Review,0.8
L000454,17.0,0.9989416,0.99962497,0.9996214,0.00023392965,4,0.07368925,2,0.5667470249850617,N/A,Review,0.8
L000454,18.0,0.9990872,0.9996362,0.9996061,0.00011082064,4,0.08597557,1,0.5829040188472356,N/A,Review,0.8
L000454,19.0,0.99905616,0.9996113,0.99958736,0.000114091374,4,0.151448,1,0.5530177705941156,N/A,Review,0.8
L000454,20.0,0.99908364,0.99966896,0.9995684,9.381395e-05,4,0.33893755,2,0.5311709855391441,N/A,Review,0.8
L000454,21.0,0.99889106,0.9996569,0.9996295,8.749223e-05,4,0.29741478,1,0.5003681068467782,N/A,Review,0.8
L000454,22.0,0.99876714,0.9996891,0.9996106,0.00017172736,4,0.08720447,2,0.35825916782925715,N/A,Review,0.8
L000454,23.0,0.9990631,0.999754,0.9996402,0.00018069043,4,0.22967266,1,0.46672067650654236,N/A,Review,0.8
L000454,24.0,0.99892765,0.99970955,0.99966335,5.252895e-05,4,0.283415,2,0.47754207657910563,N/A,Review,0.8
L000454,25.0,0.9989489,0.99971896,0.999671,5.5468772e-05,4,0.27048853,2,0.4753143517929248,N/A,Review,0.8
L000454,26.0,0.99866676,0.99965787,0.99965763,8.521005e-05,4,0.2143908,2,0.47601314174304465,N/A,Review,0.8
L000454,27.0,0.9987091,0.99971956,0.99964,8.560595e-05,4,0.19432428,2,0.448166001467942,N/A,Review,0.8
L000454,28.0,0.9962089,0.9994153,0.9971943,0.00034707406,4,0.08509986,2,0.4907291632233529,N/A,Review,0.8
L000454,29.0,0.9989973,0.99969673,0.9996494,7.570864e-05,4,0.35292423,2,0.4858665710144704,N/A,Review,0.8
L000454,30.0,0.9989498,0.9996896,0.99967015,6.858893e-05,4,0.3679275,2,0.46584062041418495,N/A,Review,0.8
L000454,31.0,0.998865,0.9996562,0.99965584,6.263358e-05,4,0.34765452,0,0.4594823530390014,N/A,Review,0.8
L000454,,0.9985819,0.99970645,0.9996395,7.914031e-05,4,0.5211984,2,0.4258270660865088,N/A,Review,0.8
L000454,33.0,0.99900156,0.99971277,0.999617,2.9262885e-05,4,0.28317484,0,0.4590033638662994,N/A,Review,0.8
L000454,34.0,0.9990645,0.99971884,0.99961036,3.308878e-05,4,0.30444992,0,0.3930336090582156,N/A,Review,0.8
L000454,35.0,0.9990308,0.99967325,0.9996437,4.6237186e-05,4,0.17997836,0,0.40440230059790716,N/A,Review,0.8
L000454,36.0,0.9991147,0.9997204,0.9996049,3.6192738e-05,4,0.1007584,0,0.46546292371905107,N/A,Review,0.8
L000454,37.0,0.99912494,0.9997378,0.99963045,3.5514975e-05,4,0.22827306,0,0.42850250333323525,N/A,Review,0.8
L000454,38.0,0.99665076,0.999466,0.997482,0.00012837588,4,0.19178434,0,0.49760797771119525,N/A,Review,0.8
L000454,39.0,0.99906546,0.99976295,0.9995745,9.326405e-05,4,0.2725444,0,0.3439777497233658,N/A,Review,0.8
L000454,40.0,0.99915457,0.9997136,0.99964166,5.2434814e-05,4,0.059726372,0,0.440043480461077,N/A,Review,0.8
L000454,41.0,0.99907863,0.99978083,0.99958533,2.524094e-05,4,0.41229624,2,0.4194861867193706,N/A,Review,0.8
L000454,42.0,0.9991605,0.99975795,0.99965227,2.8247812e-05,4,0.31203905,2,0.44932198379529487,N/A,Review,0.8
L000454,43.0,0.9990656,0.99973065,0.99958533,2.0778669e-05,4,0.17402016,0,0.4544915684012054,N/A,Review,0.8
L000454,44.0,0.9992865,0.9997998,0.99969256,6.9284506e-05,4,0.28540218,0,0.40208233768922785,N/A,Review,0.8
L000454,45.0,0.9992669,0.9996772,0.99967563,8.2395425e-05,4,0.08078037,0,0.4555636044736708,N/A,Review,0.8
L000454,46.0,0.9992483,0.9996697,0.99961877,3.3313165e-05,4,0.36844906,0,0.42595214790018976,N/A,Review,0.8
L000454,47.0,0.99885786,0.99960715,0.99961483,2.936324e-05,4,0.22571594,0,0.5361163372023914,N/A,Review,0.8
L000454,48.0,0.999265,0.9995814,0.9996666,6.308056e-05,4,0.20222303,0,0.49719880878051115,N/A,Review,0.8
L000454,49.0,0.9974337,0.9990773,0.9974469,0.00016573572,4,0.2613019,0,0.45363835131790686,N/A,Review,0.8
L000454,50.0,0.9991379,0.99962485,0.99966335,5.7663256e-05,4,0.22767152,2,0.4274933661220557,N/A,Review,0.8
L000454,51.0,0.9992348,0.99966586,0.9996302,3.9997878e-05,4,0.06682337,2,0.46095108148786235,N/A,Review,0.8
L000454,52.0,0.9992524,0.99967146,0.9995553,5.534154e-05,4,0.07604626,2,0.5989310368255845,N/A,Review,0.8
L000454,53.0,0.99929285,0.99968004,0.99960357,7.034792e-05,4,0.08909022,2,0.47442191424421704,N/A,Review,0.8
L000454,54.0,0.9992918,0.9996086,0.99961853,7.8033605e-05,4,0.115519315,2,0.5334369920560813,N/A,Review,0.8
L000454,55.0,0.9993364,0.9997526,0.999602,3.4963185e-05,4,0.038890082,2,0.40433378243818635,N/A,Review,0.8
L000454,56.0,0.9991968,0.99964595,0.9995901,2.4657944e-05,4,0.26908284,2,0.4777445604123092,N/A,Review,0.8
L000454,57.0,0.9992686,0.99960655,0.99956113,7.352771e-05,4,0.16739972,2,0.37964340716135403,N/A,Review,0.8
L000454,58.0,0.999302,0.9996737,0.999584,2.7230215e-05,4,0.16636142,2,0.47439914528693317,N/A,Review,0.8
L000454,59.0,0.9992931,0.99969685,0.99967074,6.915124e-05,4,0.08720725,2,0.4990110890986398,N/A,Review,0.8
L000454,60.0,0.99896455,0.9997203,0.9996294,9.8705386e-05,4,0.14186522,2,0.4246064278338213,N/A,Review,0.8
L000454,61.0,0.9990736,0.9997037,0.99964297,5.935338e-05,4,0.14050175,2,0.484477041448819,N/A,Review,0.8
L000454,62.0,0.99920887,0.9996761,0.99959356,3.7782414e-05,4,0.037569806,2,0.5584405647114254,N/A,Review,0.8
L000454,63.0,0.9992275,0.99974996,0.99963593,2.6219983e-05,4,0.11329311,0,0.5062099648514722,N/A,Review,0.8
L000454,64.0,0.99917966,0.9997008,0.9996164,2.6513035e-05,4,0.04321842,1,0.5324099629797665,N/A,Review,0.8
L000454,65.0,0.9992113,0.9996637,0.9996001,3.3631863e-05,4,0.08141644,2,0.5236563470306742,N/A,Review,0.8
L000454,66.0,0.9992931,0.99966323,0.9996216,6.63867e-05,4,0.056934476,1,0.550231040489892,N/A,Review,0.8
L000454,67.0,0.99933904,0.9997441,0.9996208,6.91614e-05,4,0.13048734,2,0.5392092421845556,N/A,Review,0.8
L000454,68.0,0.9992925,0.99958295,0.9996613,9.262927e-05,4,0.09170002,1,0.5959128152381905,N/A,Review,0.8
L000454,69.0,0.99923694,0.9997124,0.9996061,2.7080121e-05,4,0.14101683,2,0.5324222995541901,N/A,Review,0.8
L000454,70.0,0.9992378,0.9997085,0.9996099,2.6256714e-05,4,0.023352878,2,0.6560307299880903,N/A,Review,0.8
L000454,71.0,0.999185,0.9996642,0.99960536,3.990941e-05,4,0.05502921,1,0.6098227231615078,N/A,Review,0.8
L000454,72.0,0.9993388,0.99959034,0.9996158,4.8547536e-05,4,0.090512395,1,0.6624535689142799,N/A,Review,0.8
L000454,73.0,0.9992378,0.9997063,0.9995925,2.4048953e-05,4,0.055477835,1,0.6327551427220643,N/A,Review,0.8
L000454,74.0,0.99927276,0.99969673,0.99958414,3.2779233e-05,4,0.14868179,2,0.6299699014488978,N/A,Review,0.8
L000454,,0.9989471,0.9995086,0.9996207,7.219077e-05,4,0.015379987,0,0.7162085946897178,N/A,Review,0.8
L000454,76.0,0.9992378,0.9997402,0.9995925,2.2938879e-05,4,0.05281111,0,0.6791533451450762,N/A,Review,0.8
L000454,77.0,0.99912614,0.9996805,0.99960655,6.0117836e-05,4,0.023757894,0,0.7881437983643302,N/A,Review,0.8
L000454,78.0,0.99921834,0.9996884,0.9995584,3.9728584e-05,4,0.05169894,0,0.6891179671184282,N/A,Review,0.8
L000454,79.0,0.99915314,0.9996791,0.9996413,7.516581e-05,4,0.015162738,0,0.6746062225627606,N/A,Review,0.8
L000454,80.0,0.9990621,0.9995951,0.99955255,4.481011e-05,4,0.0061007906,0,0.7676586268555957,N/A,Review,0.8
L000454,81.0,0.9992211,0.9996588,0.9996208,0.00011400372,4,0.005564809,0,0.8505756726450515,N/A,Review,0.8
L000454,82.0,0.997017,0.9996062,0.99701345,0.00010733697,4,0.108711846,0,0.6832846926543009,N/A,Review,0.8
L000457,0.0,0.040284477,0.24833997,0.047248695,0.54563653,3,0.095441535,2,0.4819558511181621,N/A,Review,0.8
L000457,1.0,0.04911788,0.031111876,0.031101415,0.14980604,3,0.21911186,3,0.5145997769555011,N/A,Review,0.8
L000457,2.0,0.04694806,0.039835576,0.03646369,0.1942367,3,0.3564066,3,0.5033087259694683,N/A,Review,0.8
L000457,3.0,0.038076427,0.073210895,0.040261906,0.80667865,3,0.18128571,3,0.4723911172839477,N/A,Review,0.8
L000457,4.0,0.047867455,0.08332916,0.03987582,0.8599461,3,0.09470175,3,0.4433512553981712,N/A,Review,0.8
L000457,5.0,0.9966389,0.99625325,0.05429278,0.0015256854,0,0.16174108,3,0.49797934580881886,N/A,Review,0.8
L000457,6.0,0.9963108,0.99814475,0.08203914,0.00021393364,0,0.15763451,2,0.4723534943130132,N/A,Review,0.8
L000457,7.0,0.9978816,0.99610054,0.088808484,0.00051679765,0,0.3672063,2,0.6376955266399515,N/A,Review,0.8
L000457,8.0,0.99797434,0.99735224,0.079947,0.0003405425,0,0.42026487,2,0.47748113767870226,N/A,Review,0.8
L000457,9.0,0.996938,0.99801505,0.053635836,0.00036525767,0,0.64364296,2,0.48596628478737236,N/A,Review,0.8
L000457,10.0,0.9984804,0.9984321,0.04871132,0.0007465777,0,0.29596242,2,0.48836305073496267,N/A,Review,0.8
L000457,11.0,0.9983367,0.99859124,0.059124235,0.0012648604,0,0.2594942,2,0.4455120400839978,N/A,Review,0.8
L000457,12.0,0.9978598,0.9983827,0.059074357,0.0018224926,0,0.33789814,2,0.461360046502124,N/A,Review,0.8
L000457,13.0,0.9982256,0.9988482,0.047330514,0.00201432,0,0.27934754,2,0.4305332955752814,N/A,Review,0.8
L000457,14.0,0.9977831,0.9982691,0.05640549,0.000545095,0,0.29462913,2,0.4035771137163484,N/A,Review,0.8
L000457,15.0,0.9971221,0.9981988,0.98868257,0.000775945,1,0.366566,2,0.39861376480800065,N/A,Review,0.8
L000457,16.0,0.9778757,0.9811849,0.9927776,0.0030609292,5,0.26398036,2,0.6667182910080128,N/A,Review,0.8
L000457,17.0,0.9835052,0.9791366,0.9935183,0.0076299245,5,0.15490305,2,0.5773268455733771,N/A,Review,0.8
L000457,18.0,0.70625275,0.6296747,0.7373169,0.02314734,5,0.13732862,2,0.5158575600279002,N/A,Review,0.8
L000457,19.0,0.98195124,0.9620754,0.992077,0.00281022,5,0.08819382,2,0.6785148183045913,N/A,Review,0.8
L000457,20.0,0.73786867,0.6582749,0.7928091,0.039486498,5,0.106485695,2,0.5350349423031231,N/A,Review,0.8
L000457,21.0,0.98267084,0.9736207,0.9958187,0.0029489456,5,0.09741599,2,0.663062110610178,N/A,Review,0.8
L000457,22.0,0.98032296,0.9768623,0.99470055,0.0038053675,5,0.15945673,1,0.6644598138661532,N/A,Review,0.8
L000457,23.0,0.98620063,0.9780424,0.9950795,0.004334868,5,0.12732773,2,0.6538815283987667,N/A,Review,0.8
L000457,24.0,0.9801517,0.98851585,0.99611366,0.0028586264,5,0.05045924,2,0.5845628774265648,N/A,Review,0.8
L000457,25.0,0.98323834,0.9927826,0.996597,0.0016768465,5,0.060225137,2,0.5827774226410296,N/A,Review,0.8
L000457,26.0,0.98473996,0.9902872,0.99686533,0.0023050157,5,0.10840738,2,0.6528059773066344,N/A,Review,0.8
L000457,27.0,0.98777497,0.99361694,0.9969386,0.0021885233,5,0.18045226,0,0.6676184681032395,N/A,Review,0.8
L000457,28.0,0.9869038,0.9914336,0.9974589,0.0021002647,5,0.08817229,0,0.6462165434297804,N/A,Review,0.8
L000457,29.0,0.98833585,0.9921476,0.9976902,0.0018719719,5,0.15745611,3,0.626870237201985,N/A,Review,0.8
L000457,30.0,0.9880653,0.9899828,0.99729055,0.0011946441,5,0.12073336,0,0.661370454048711,N/A,Review,0.8
L000457,31.0,0.7783326,0.8640477,0.8934152,0.013849509,5,0.30958188,0,0.5455179754362212,N/A,Review,0.8
L000457,32.0,0.9818589,0.9927314,0.9977906,0.0014113715,5,0.16051641,0,0.7009597011027013,N/A,Review,0.8
L000457,33.0,0.986534,0.99374914,0.9978885,0.0010847775,5,0.37798294,0,0.6849794196580781,N/A,Review,0.8
L000457,34.0,0.9855004,0.9923693,0.9976037,0.0015739264,5,0.13079697,0,0.7138051021612148,N/A,Review,0.8
L000457,35.0,0.8291218,0.8902794,0.9783487,0.0030594468,5,0.1488981,0,0.6681504547815071,N/A,Review,0.8
L000457,36.0,0.7162821,0.8085286,0.83096075,0.007704668,5,0.04791841,0,0.4368281803972493,N/A,Review,0.8
L000457,37.0,0.8200635,0.8551501,0.87860024,0.0058420678,5,0.063410066,0,0.6152337791511526,N/A,Review,0.8
L000457,38.0,0.87415683,0.9223698,0.984838,0.0013250818,5,0.12022023,1,0.6934438248559062,N/A,Review,0.8
L000457,39.0,0.9885936,0.99492973,0.997889,0.00060456386,5,0.094274014,1,0.7146390696007103,N/A,Review,0.8
L000457,40.0,0.98870355,0.9954028,0.997832,0.00041867077,5,0.073947884,1,0.7021490380220887,N/A,Review,0.8
L000457,41.0,0.9910842,0.99308276,0.9977303,0.0008443361,5,0.10237559,1,0.721422405624587,N/A,Review,0.8
L000457,42.0,0.9881803,0.9943234,0.99810874,0.00021237887,5,0.1128279,1,0.7676717133404498,N/A,Review,0.8
L000457,43.0,0.98796916,0.991924,0.995424,0.00015665787,5,0.19259726,3,0.8367276854856249,N/A,Review,0.8
L000457,,0.97702354,0.99330467,0.9961448,0.0001316343,5,0.19890548,3,0.6567263726333222,N/A,Review,0.8
L000457,45.0,0.989446,0.990369,0.9955605,0.000984323,5,0.17181219,3,0.7244043274986525,N/A,Review,0.8
L000457,46.0,0.98702836,0.989815,0.9954293,0.00055174535,5,0.088860705,2,0.7116883061179309,N/A,Review,0.8
L000457,47.0,0.9882537,0.9886248,0.9955011,0.0005075248,5,0.20625786,3,0.7621343288805992,N/A,Review,0.8
L000457,48.0,0.99014354,0.9905089,0.9952931,0.00052171934,5,0.2136887,2,0.75137744768903,N/A,Review,0.8
L000457,,0.9857491,0.9903121,0.9959552,0.0019074378,5,0.105719656,2,0.7156276674930102,N/A,Review,0.8
L000457,50.0,0.88816816,0.8658789,0.9659738,0.0010692751,5,0.079389825,0,0.6633918513637247,N/A,Review,0.8
L000457,51.0,0.9892753,0.9918805,0.9966614,0.00087572885,5,0.07646836,2,0.7493406600121116,N/A,Review,0.8
L000457,52.0,0.9891611,0.984063,0.9964981,0.0014269386,5,0.10672216,2,0.6079556795939187,N/A,Review,0.8
L000457,53.0,0.98667777,0.9945239,0.9965006,0.0004228663,5,0.06130233,0,0.6204911703676199,N/A,Review,0.8
L000457,54.0,0.7482301,0.7567964,0.81542367,0.0021456461,5,0.06416698,2,0.5750047840181547,N/A,Review,0.8
L000461,0.0,0.113421194,0.06468909,0.14470963,0.24658139,3,0.16229157,2,0.6547858735127358,N/A,Review,0.8
L000461,1.0,0.10114952,0.14782545,0.13890353,0.080642514,3,0.19570147,3,0.5969657713624711,N/A,Review,0.8
L000461,2.0,0.09469867,0.23150593,0.0886313,0.07274094,3,0.28119338,3,0.6031457262724429,N/A,Review,0.8
L000461,3.0,0.11396032,0.20250799,0.07145521,0.14708959,3,0.1098943,3,0.5532961480232513,N/A,Review,0.8
L000461,4.0,0.9962597,0.9972006,0.057917215,0.00019041206,0,0.15066916,3,0.6530016524844726,N/A,Review,0.8
L000461,5.0,0.9556067,0.9753077,0.10418193,0.0068289656,0,0.29458544,3,0.610490409892298,N/A,Review,0.8
L000461,6.0,0.99561775,0.99206114,0.9949043,2.843346e-05,1,0.34087905,2,0.5563241171488872,N/A,Review,0.8
L000461,7.0,0.9527277,0.95215094,0.9520857,0.0004561113,1,0.32021323,2,0.5970556453099126,N/A,Review,0.8
L000461,8.0,0.9979134,0.9965982,0.9959174,5.142784e-05,2,0.14236987,2,0.57294311811085,N/A,Review,0.8
L000461,9.0,0.9927458,0.99419737,0.99791914,8.2274746e-05,2,0.37576777,0,0.52263135181847,N/A,Review,0.8
L000461,10.0,0.99836797,0.9964469,0.9993536,0.00016003457,2,0.2487873,2,0.5860309081816363,N/A,Review,0.8
L000461,11.0,0.99826753,0.99849606,0.9991346,7.3327734e-05,4,0.040514328,2,0.6940104375420137,N/A,Review,0.8
L000461,12.0,0.9990214,0.9989875,0.9994948,0.00012385254,4,0.047969274,2,0.7183279338461661,N/A,Review,0.8
L000461,13.0,0.99884343,0.99889344,0.99962866,0.00010621474,4,0.058833443,2,0.7454328192979682,N/A,Review,0.8
L000461,14.0,0.9947962,0.9980088,0.9969386,0.00020032935,4,0.14559217,2,0.6767342061175916,N/A,Review,0.8
L000461,15.0,0.99905056,0.9995302,0.9996573,0.00012766516,4,0.10283871,2,0.6620517954980211,N/A,Review,0.8
L000461,16.0,0.99890006,0.9994234,0.9996069,3.8457536e-05,4,0.07601037,2,0.6255915651691085,N/A,Review,0.8
L000461,17.0,0.9991559,0.9994019,0.9996482,9.0451955e-05,4,0.070738755,2,0.6264471891059809,N/A,Review,0.8
L000461,18.0,0.998968,0.9993241,0.99955314,4.1250063e-05,4,0.06354523,0,0.6545744472779373,N/A,Review,0.8
L000461,19.0,0.9988783,0.9992405,0.99959,6.118667e-05,4,0.08341957,0,0.644042705322066,N/A,Review,0.8
L000461,20.0,0.99913764,0.99941754,0.9996131,0.00010184074,4,0.10849192,0,0.5353409141847366,N/A,Review,0.8
L000461,21.0,0.99901986,0.9994722,0.9996599,5.7065947e-05,4,0.2634491,0,0.5752243471567995,N/A,Review,0.8
L000461,,0.9987055,0.99941015,0.99962425,8.400525e-05,4,0.13201895,2,0.5490738390563852,N/A,Review,0.8
L000461,23.0,0.9989491,0.9994198,0.9996383,8.055093e-05,4,0.17859304,0,0.5426112474563056,N/A,Review,0.8
L000461,24.0,0.9989644,0.999278,0.99962914,4.5067412e-05,4,0.18546957,0,0.5824203332452521,N/A,Review,0.8
L000461,25.0,0.9989869,0.9990225,0.99965656,8.5225816e-05,4,0.16861704,0,0.6007954331666936,N/A,Review,0.8
L000461,26.0,0.99848026,0.99907434,0.99966,0.00015390043,4,0.21260235,0,0.5973322979857858,N/A,Review,0.8
L000461,27.0,0.9988501,0.9992944,0.9996387,0.0002166942,4,0.21116984,0,0.5538849271514125,N/A,Review,0.8
L000461,28.0,0.99856573,0.9993575,0.99966836,0.00015823392,4,0.43516484,0,0.5968294329099175,N/A,Review,0.8
L000461,29.0,0.9986358,0.99913067,0.9996136,0.00024227142,4,0.42580163,0,0.4840166004550915,N/A,Review,0.8
L000461,30.0,0.9988268,0.999171,0.9996401,0.000121178855,4,0.31889406,0,0.5456717133329322,N/A,Review,0.8
L000461,31.0,0.998762,0.99926156,0.9996147,9.78871e-05,4,0.45251244,0,0.5496389688401908,N/A,Review,0.8
L000461,32.0,0.9989078,0.99932706,0.9996499,9.037867e-05,4,0.49963108,0,0.5626578622311926,N/A,Review,0.8
L000461,33.0,0.99876225,0.9993511,0.9996457,6.4163265e-05,4,0.28943607,0,0.5462567209895416,N/A,Review,0.8
L000461,34.0,0.99901915,0.99930596,0.9996425,0.00012109235,4,0.26031494,0,0.5841069583237284,N/A,Review,0.8
L000461,35.0,0.9985655,0.9993575,0.99969006,3.8644666e-05,4,0.51322436,0,0.5098964749539914,N/A,Review,0.8
L000461,36.0,0.99916124,0.99936444,0.99963474,9.3848306e-05,4,0.30836707,0,0.5171999228235289,N/A,Review,0.8
L000461,37.0,0.9990638,0.9993542,0.999622,6.407137e-05,4,0.25829,0,0.5032004501190714,N/A,Review,0.8
L000461,38.0,0.999114,0.999321,0.9995783,0.00014405162,4,0.24946661,0,0.6198369276386428,N/A,Review,0.8
L000461,39.0,0.9990563,0.9993111,0.99960035,6.946909e-05,4,0.30912217,0,0.5339565280777475,N/A,Review,0.8
L000461,40.0,0.99915814,0.99929345,0.99960035,7.3665135e-05,4,0.30385244,0,0.5334238672906915,N/A,Review,0.8
L000461,41.0,0.9991812,0.9993193,0.99959403,0.00015699748,4,0.41267735,0,0.5803348493164302,N/A,Review,0.8
L000461,42.0,0.99923086,0.9993099,0.99959594,0.000100102276,4,0.26757294,0,0.528150845156627,N/A,Review,0.8
L000461,43.0,0.99711716,0.9977816,0.99755764,0.00029119564,4,0.21852827,0,0.5918366589510959,N/A,Review,0.8
L000461,44.0,0.9992473,0.9993531,0.99963593,5.7820573e-05,4,0.47313026,2,0.5246098220199334,N/A,Review,0.8
L000461,45.0,0.9992131,0.9990375,0.9996346,0.00014434916,4,0.3719694,0,0.5644460325220524,N/A,Review,0.8
L000461,46.0,0.9988734,0.999376,0.99963164,4.5040084e-05,4,0.1930725,0,0.5213634935510277,N/A,Review,0.8
L000461,,0.9990031,0.99880755,0.99959904,0.0001306388,4,0.08329383,0,0.5528870327368034,N/A,Review,0.8
L000461,48.0,0.99923396,0.9990972,0.99962425,0.00015504002,4,0.20540538,0,0.5484402264937943,N/A,Review,0.8
L000461,,0.99874157,0.9987496,0.99962044,7.780831e-05,4,0.120490454,0,0.5689329689983077,N/A,Review,0.8
L000489,0.0,0.046877403,0.064655595,0.019659791,0.63575655,3,0.18545794,2,0.5623235381894529,N/A,Review,0.8
L000489,1.0,0.036518976,0.03643153,0.021578567,0.81570464,3,0.13503024,3,0.5021330295657621,N/A,Review,0.8
L000489,2.0,0.045330632,0.026759805,0.028276125,0.82106954,3,0.4382699,2,0.40133589568505645,N/A,Review,0.8
L000489,3.0,0.033863507,0.035708636,0.018725526,0.7837044,3,0.088959046,3,0.4454205177922951,N/A,Review,0.8
L000489,4.0,0.027127095,0.038671724,0.022320691,0.77388036,3,0.18664114,2,0.3678823774789126,N/A,Review,0.8
L000489,5.0,0.032086212,0.03606353,0.017974641,0.8940044,3,0.1841161,3,0.4319357413979675,N/A,Review,0.8
L000489,6.0,0.034228228,0.028836234,0.020410756,0.82731724,3,0.17825437,3,0.4042467534313613,N/A,Review,0.8
L000489,7.0,0.025575995,0.02534192,0.018746873,0.7465944,3,0.09530236,2,0.386561658664106,N/A,Review,0.8
L000489,8.0,0.03249647,0.025104577,0.019675862,0.7643229,3,0.21303613,2,0.44231179021581873,N/A,Review,0.8
L000489,9.0,0.067927934,0.11442336,0.053218976,0.65751916,3,0.41545722,2,0.4627213291349901,N/A,Review,0.8
L000489,10.0,0.033581037,0.019904798,0.02124634,0.93235266,3,0.40660596,2,0.40924549457837556,N/A,Review,0.8
L000489,11.0,0.035361104,0.023296682,0.021066371,0.9073046,3,0.33765894,2,0.4056629292219192,N/A,Review,0.8
L000489,12.0,0.026230862,0.030152695,0.020060593,0.8596481,3,0.169567,2,0.3565059337380689,N/A,Review,0.8
L000489,13.0,0.031413846,0.025438352,0.021070737,0.85460943,3,0.36397678,2,0.3987290672228616,N/A,Review,0.8
L000489,,0.0438795,0.02640531,0.030616058,0.727874,3,0.48495078,2,0.40860934822904527,N/A,Review,0.8
L000489,15.0,0.032105464,0.047524147,0.021785129,0.8065011,3,0.368071,2,0.42903156167315615,N/A,Review,0.8
L000489,16.0,0.04825565,0.04615811,0.028104106,0.65039176,3,0.49275407,2,0.34858255280501793,N/A,Review,0.8
L000489,17.0,0.040690936,0.026422618,0.02286406,0.8669797,3,0.3025241,2,0.4063756564973841,N/A,Review,0.8
L000489,,0.081286035,0.027517552,0.039797574,0.79529727,3,0.49141365,2,0.35704298512399,N/A,Review,0.8
L000489,19.0,0.9965071,0.99473983,0.020750942,0.0025809142,0,0.31222525,2,0.46857288290143906,N/A,Review,0.8
L000489,20.0,0.99795663,0.9958255,0.024095029,0.001188193,0,0.34090897,2,0.3912617937282526,N/A,Review,0.8
L000489,21.0,0.9935457,0.99375075,0.99046344,0.00056180824,1,0.54319805,2,0.4162531713039262,N/A,Review,0.8
L000489,22.0,0.99608153,0.9977603,0.99424356,0.0011024189,1,0.49212945,2,0.468080256625264,N/A,Review,0.8
L000489,23.0,0.998309,0.99747026,0.99885476,0.0005493307,2,0.23965234,2,0.4497298912585671,N/A,Review,0.8
L000495,,0.0658704,0.30026868,0.07451635,0.8454853,3,0.50359887,2,0.5401609128953646,N/A,Review,0.8
L000495,1.0,0.08895913,0.22330472,0.09078777,0.76280254,3,0.25120395,2,0.4932230928185686,N/A,Review,0.8
L000495,2.0,0.09198436,0.20006803,0.06356851,0.9053446,3,0.24361968,3,0.4756458238766197,N/A,Review,0.8
L000495,3.0,0.08752253,0.16787452,0.042825673,0.8724543,3,0.19109339,2,0.43714271318645037,N/A,Review,0.8
L000495,4.0,0.04934234,0.30120838,0.05833772,0.6882669,3,0.13765657,0,0.48040252199455324,N/A,Review,0.8
L000495,5.0,0.06720246,0.27871037,0.06404988,0.78656685,3,0.48583123,2,0.3863343688128238,N/A,Review,0.8
L000495,6.0,0.06761577,0.26468349,0.07070261,0.83320236,3,0.3882716,3,0.4505579582725844,N/A,Review,0.8
L000495,7.0,0.99604756,0.99695635,0.07775637,0.0015909865,0,0.13315368,2,0.44015576482656915,N/A,Review,0.8
L000495,8.0,0.9970182,0.9985733,0.08439337,0.0010963399,0,0.18868747,2,0.48832815542225344,N/A,Review,0.8
L000495,9.0,0.9968354,0.9993055,0.08133574,0.0011691477,0,0.45026994,2,0.49332401771156087,N/A,Review,0.8
L000495,10.0,0.9959384,0.99912566,0.06943485,0.001341137,0,0.43718106,2,0.4837212567606106,N/A,Review,0.8
L000495,11.0,0.99581856,0.9990864,0.044409554,0.0022879022,0,0.3946358,2,0.47340524127579664,N/A,Review,0.8
L000495,12.0,0.99699044,0.9982364,0.056451824,0.0016524893,0,0.22390127,2,0.3856165671527699,N/A,Review,0.8
L000495,,0.9970796,0.99839693,0.06039796,0.0017952108,0,0.36972782,2,0.4515708468218579,N/A,Review,0.8
L000495,14.0,0.99766773,0.9988186,0.05111134,0.0010229299,0,0.32141307,2,0.30453952986651894,N/A,Review,0.8
L000495,15.0,0.9977469,0.99887544,0.0698989,0.0017086536,0,0.42170787,2,0.37765181213998045,N/A,Review,0.8
L000495,16.0,0.995469,0.9980495,0.054064594,0.0025686596,0,0.18474025,0,0.3472870617315747,N/A,Review,0.8
L000495,17.0,0.99662125,0.99716103,0.059689596,0.0024754591,0,0.26339212,2,0.4139244888854594,N/A,Review,0.8
L000495,18.0,0.995701,0.99515605,0.9900732,0.001505497,1,0.35100788,2,0.4038941289712681,N/A,Review,0.8
L000495,19.0,0.99644876,0.99669766,0.9950362,0.0016899398,1,0.36109447,0,0.36661405592547414,N/A,Review,0.8
L000495,20.0,0.9954371,0.99736387,0.9965802,0.004555076,1,0.43765566,2,0.3488367535588177,N/A,Review,0.8
L000495,21.0,0.99561995,0.9966671,0.9958364,0.00074664736,1,0.26857057,2,0.41677153270695033,N/A,Review,0.8
L000495,22.0,0.9959202,0.99737763,0.9959474,0.0015301045,1,0.34326735,2,0.39755232153738385,N/A,Review,0.8
L000495,23.0,0.9958162,0.99711454,0.9954269,0.0017678863,1,0.33792663,2,0.4296766680298731,N/A,Review,0.8
L000495,24.0,0.9962437,0.997633,0.9952484,0.0013069671,1,0.466605,2,0.4257966992881536,N/A,Review,0.8
L000495,25.0,0.99642867,0.9967501,0.99451715,0.0011461055,1,0.3284124,1,0.40087781285785523,N/A,Review,0.8
L000495,26.0,0.9936474,0.9959169,0.9956226,0.0019248988,1,0.24736999,0,0.4385158741172661,N/A,Review,0.8
L000495,27.0,0.9942133,0.9965005,0.99522984,0.0013056266,1,0.18185163,1,0.4402766025132936,N/A,Review,0.8
L000495,28.0,0.99442333,0.99665606,0.99537414,0.0013675303,1,0.07413546,1,0.45957119381174294,N/A,Review,0.8
L000495,29.0,0.99330854,0.9951448,0.9961039,0.0014306137,1,0.14419097,0,0.48618834727290083,N/A,Review,0.8
L000495,30.0,0.9929854,0.9978243,0.99558556,0.0014123503,1,0.10898317,1,0.41853893993898994,N/A,Review,0.8
L000495,31.0,0.9940258,0.99515176,0.99546695,0.0015808294,1,0.12533101,1,0.4217380513066271,N/A,Review,0.8
L000495,32.0,0.09073406,0.12040675,0.045537338,0.7189711,3,0.15877496,0,0.4311246044389385,N/A,Review,0.8
L000495,33.0,0.07769609,0.09405606,0.057710126,0.37143433,3,0.2001078,0,0.5310935931049947,N/A,Review,0.8
L000495,34.0,0.08422456,0.09991861,0.029994039,0.4504198,3,0.28379372,0,0.5270090354456407,N/A,Review,0.8
L000495,,0.058391534,0.18968156,0.03363306,0.5360155,3,0.08978432,0,0.5240329672309848,N/A,Review,0.8
L000495,36.0,0.060828824,0.22526908,0.03741419,0.5942378,3,0.18194526,0,0.6699867067970253,N/A,Review,0.8
L000495,37.0,0.06824265,0.18302329,0.027746063,0.21439497,3,0.092651434,0,0.5343759942862469,N/A,Review,0.8
L000495,38.0,0.075831406,0.38222986,0.035952237,0.5684944,3,0.09065696,0,0.39589639843510016,N/A,Review,0.8
L000495,39.0,0.11437342,0.17740302,0.028286505,0.6925785,3,0.24689269,0,0.5358791516042757,N/A,Review,0.8
L000495,40.0,0.07595369,0.19984946,0.043748796,0.6179479,3,0.068036824,2,0.6004716613700485,N/A,Review,0.8
L000495,41.0,0.07328667,0.22424723,0.051335532,0.41172287,3,0.13456361,3,0.4794646953663373,N/A,Review,0.8
L000495,42.0,0.08641732,0.28757593,0.039965846,0.4522336,3,0.17735362,2,0.5395490608219548,N/A,Review,0.8
L000495,43.0,0.0848892,0.26532266,0.04344995,0.4914705,3,0.10248108,2,0.530494638256084,N/A,Review,0.8
L000495,44.0,0.06648225,0.20089442,0.051643215,0.16385151,3,0.26969332,3,0.5455272521554398,N/A,Review,0.8
L000495,45.0,0.10330999,0.25684094,0.045619242,0.3076861,3,0.24482141,1,0.559188203865407,N/A,Review,0.8
L000495,46.0,0.078857005,0.23639207,0.0747448,0.35002723,3,0.122202314,3,0.5589078194398891,N/A,Review,0.8
L000495,47.0,0.09121073,0.21180478,0.053119905,0.25225237,3,0.337085,3,0.6475074029000057,N/A,Review,0.8
L000495,48.0,0.10032596,0.25866753,0.05751344,0.08518401,3,0.27864373,1,0.5768685272815788,N/A,Review,0.8
L000495,49.0,0.09835492,0.48990414,0.08029767,0.04214129,3,0.14280164,0,0.5193684549733878,N/A,Review,0.8
L000495,50.0,0.08923314,0.34002888,0.07993797,0.17599161,3,0.04847772,1,0.5387288064444289,N/A,Review,0.8
L000495,,0.9937372,0.997347,0.052098062,0.00044339025,0,0.07215698,2,0.5799048267851056,N/A,Review,0.8
L000495,52.0,0.9959032,0.99796885,0.06675906,0.0003929671,0,0.089350455,2,0.5681760142462466,N/A,Review,0.8
L000495,53.0,0.08717999,0.19870065,0.0539759,0.2611476,3,0.15265712,1,0.5588613709122398,N/A,Review,0.8
L000495,54.0,0.9963696,0.998066,0.046640977,0.00055225677,0,0.21044284,2,0.6263936544338246,N/A,Review,0.8
L000495,55.0,0.9961117,0.9985061,0.074184805,0.0007214387,0,0.17036663,2,0.5441410267789117,N/A,Review,0.8
L000495,56.0,0.9958717,0.9978064,0.03612245,0.0007882892,0,0.172246,2,0.6096003398669059,N/A,Review,0.8
L000495,57.0,0.99602556,0.99777067,0.99069595,0.00012725193,1,0.055990733,2,0.48173036913364053,N/A,Review,0.8
L000495,58.0,0.99678874,0.99577147,0.9954809,9.6728436e-05,2,0.15464704,1,0.5709321046594115,N/A,Review,0.8
L000495,59.0,0.99683446,0.9967788,0.99574524,8.4288426e-05,2,0.12981887,1,0.5451221704700542,N/A,Review,0.8
L000495,60.0,0.99752325,0.99819046,0.999233,0.0001732424,2,0.07753839,1,0.5627418132183023,N/A,Review,0.8
L000495,61.0,0.9980118,0.9989869,0.99918276,0.00015523292,2,0.07059879,1,0.6691407264400486,N/A,Review,0.8
L000495,62.0,0.99794024,0.9990036,0.9991503,0.00011558799,2,0.039760783,1,0.6611487639806224,N/A,Review,0.8
L000495,63.0,0.18697616,0.56382877,0.29800686,0.08035879,3,0.0706083,1,0.6357198935971582,N/A,Review,0.8
L000495,64.0,0.11828398,0.23925222,0.08084259,0.038159315,3,0.012372144,0,0.7607948769945351,N/A,Review,0.8
L000495,65.0,0.18032332,0.2382372,0.113768905,0.21898837,3,0.058780182,3,0.7756338897403101,N/A,Review,0.8
L000495,66.0,0.10554064,0.19731036,0.08544511,0.011636575,3,0.014639561,0,0.8028480682138075,N/A,Review,0.8
L000495,67.0,0.13619488,0.40359923,0.08390787,0.015500641,3,0.016257575,0,0.6871789987756223,N/A,Review,0.8
L000495,68.0,0.09215743,0.2427171,0.06607546,0.027970625,3,0.024493316,1,0.7394783402170582,N/A,Review,0.8
L000495,69.0,0.08958573,0.2645453,0.0627099,0.034793533,3,0.12384225,1,0.6820027881026044,N/A,Review,0.8
L000495,70.0,0.11279656,0.2392214,0.058168683,0.06784161,3,0.06508482,1,0.6581105060253903,N/A,Review,0.8
L000495,71.0,0.11951153,0.3897079,0.061110727,0.02400245,3,0.15977207,1,0.6839756144661311,N/A,Review,0.8
L000495,72.0,0.074782066,0.20161337,0.050792966,0.089530684,3,0.08315097,0,0.6924039250710452,N/A,Review,0.8
L000495,73.0,0.09293427,0.30849206,0.065834835,0.024292927,3,0.052677542,0,0.7242382793244811,N/A,Review,0.8
L000495,74.0,0.083537504,0.25742853,0.051528748,0.04569936,3,0.059735462,0,0.7423392369842088,N/A,Review,0.8
L000495,75.0,0.07038303,0.20615199,0.07544363,0.039254066,3,0.07960474,0,0.7576402121508541,N/A,Review,0.8
L000495,76.0,0.99655306,0.99776244,0.099883094,0.0005379423,0,0.041493356,0,0.7281682512744199,N/A,Review,0.8
L000495,77.0,0.9955611,0.99746275,0.04236518,0.0002339709,0,0.092228755,0,0.8001713327727866,N/A,Review,0.8
L000495,78.0,0.99631786,0.99914896,0.12330426,0.00018871052,0,0.11892298,0,0.6509072594009064,N/A,Review,0.8
L000495,79.0,0.9944326,0.9972452,0.057527937,0.00022606312,0,0.019048132,0,0.8345444486396992,N/A,Review,0.8
L000495,80.0,0.9967667,0.9985226,0.10155329,0.00028129798,0,0.04466649,0,0.8291830838860903,N/A,Review,0.8
L000495,81.0,0.99375314,0.99671555,0.9862475,0.00034342945,1,0.025871495,0,0.7855396352950763,N/A,Review,0.8
L000495,82.0,0.9966537,0.99598265,0.9944981,0.0002583195,1,0.019151788,0,0.850455573724243,N/A,Review,0.8
L000495,83.0,0.99493223,0.9971124,0.9960615,0.00024146381,1,0.03731697,0,0.8170185907905525,N/A,Review,0.8
L000495,84.0,0.99739206,0.9980844,0.9991955,0.0001037206,2,0.053739782,0,0.8526915087469962,N/A,Review,0.8
L000495,85.0,0.9958431,0.99744415,0.99878365,0.00010528801,2,0.079419106,0,0.7460339290367878,N/A,Review,0.8
L000495,,0.9973767,0.9982608,0.99908996,8.639561e-05,2,0.025429506,0,0.8068067622790187,N/A,Review,0.8
L000495,87.0,0.9979086,0.9984055,0.99911827,0.00013212813,2,0.06501545,0,0.7546777419571449,N/A,Review,0.8
L000495,88.0,0.99711466,0.9985812,0.9992531,0.00037206832,2,0.10328181,0,0.8969345073370378,N/A,Review,0.8
L000495,89.0,0.99769384,0.99885833,0.99937624,0.00033722853,2,0.050616786,0,0.9430332597552511,N/A,Review,0.8
L000495,90.0,0.9982778,0.9994117,0.9994937,0.000117688585,4,0.041231893,0,0.832755080997839,N/A,Review,0.8
L000495,,0.99838483,0.9992187,0.99953246,0.00017071498,4,0.011305126,1,0.7844673151307126,N/A,Review,0.8
L000495,92.0,0.9989335,0.999508,0.9995826,0.00025559426,4,0.05981322,0,0.897520257216954,N/A,Review,0.8
L000495,93.0,0.9986505,0.99944824,0.9995678,9.833758e-05,4,0.03283769,0,0.8559784520476397,N/A,Review,0.8
L000495,,0.9986327,0.9992836,0.99955326,0.00016266225,4,0.010767992,1,0.8372983640060585,N/A,Review,0.8
L000495,95.0,0.9988611,0.9994759,0.99957377,0.0001580299,4,0.04539799,0,0.8478659707241407,N/A,Review,0.8
L000495,96.0,0.9987877,0.9994797,0.9995987,0.00016942142,4,0.042805713,0,0.896664614667388,N/A,Review,0.8
L000495,97.0,0.99901307,0.99949586,0.99959606,0.0002460979,4,0.08575993,0,0.8389289286495054,N/A,Review,0.8
L000495,98.0,0.9988859,0.9993092,0.99956256,0.00015430908,4,0.106415935,0,0.8366139916089546,N/A,Review,0.8
L000497,0.0,0.10898146,0.080970466,0.024803247,0.4551119,3,0.3047457,2,0.4343277578028609,N/A,Review,0.8
L000497,,0.04989905,0.13494004,0.046735868,0.6828117,3,0.6139009,3,0.45489442009729353,N/A,Review,0.8
L000497,2.0,0.9963366,0.9961528,0.04781673,0.0022487564,0,0.26776454,3,0.5296227849723854,N/A,Review,0.8
L000497,3.0,0.9899996,0.9916066,0.9898733,0.0009064483,1,0.15993008,3,0.5248445165624378,N/A,Review,0.8
L000497,4.0,0.99638927,0.9982463,0.9983375,0.0019912755,2,0.13256352,3,0.5781799574142732,N/A,Review,0.8
L000497,5.0,0.9964149,0.99696225,0.9974245,0.0010959243,2,0.11572943,0,0.5920645145665849,N/A,Review,0.8
L000497,6.0,0.9969074,0.9973225,0.99868244,0.0007716325,2,0.12656817,0,0.5958724584391847,N/A,Review,0.8
L000497,7.0,0.9960835,0.9958331,0.998565,0.0007621054,2,0.119495325,0,0.6389829771977191,N/A,Review,0.8
L000497,8.0,0.998483,0.9986186,0.9990182,0.0005634873,2,0.19947848,1,0.5993952287760327,N/A,Review,0.8
L000497,9.0,0.9981502,0.99883,0.9992798,0.00040562774,2,0.3358332,2,0.524926468154899,N/A,Review,0.8
L000497,10.0,0.99806327,0.99822515,0.99928814,0.00045479386,2,0.40656388,2,0.44297604847181693,N/A,Review,0.8
L000497,11.0,0.99708587,0.9988342,0.99921024,0.0019045932,2,0.14201464,2,0.48639364507429417,N/A,Review,0.8
L000497,12.0,0.99813867,0.9987502,0.9993612,0.00065450504,2,0.11519136,3,0.627143207537826,N/A,Review,0.8
L000497,13.0,0.99735487,0.99780816,0.99922264,0.00073448324,2,0.20303835,2,0.49327048995831313,N/A,Review,0.8
L000497,14.0,0.08737213,0.23830162,0.22099482,0.445349,3,0.24640113,2,0.47815211719595196,N/A,Review,0.8
L000497,15.0,0.03460029,0.040273488,0.039388884,0.51207423,3,0.13848892,2,0.581185023034247,N/A,Review,0.8
L000497,16.0,0.10533656,0.1580635,0.13345361,0.47786018,3,0.025800003,0,0.5551540920390042,N/A,Review,0.8
L000497,17.0,0.041559238,0.065222956,0.068101995,0.07103793,3,0.03519975,2,0.5783447595982583,N/A,Review,0.8
L000497,18.0,0.0692108,0.1159166,0.1304077,0.041919835,3,0.030448403,2,0.6470411426925011,N/A,Review,0.8
L000497,19.0,0.05414761,0.08350759,0.09195137,0.28514636,3,0.044763077,2,0.5574957844883729,N/A,Review,0.8
L000497,20.0,0.05510309,0.061721787,0.04074817,0.5308372,3,0.21189435,2,0.4516380719838969,N/A,Review,0.8
L000497,21.0,0.9963163,0.9969625,0.045094002,0.00069027924,0,0.23356791,2,0.495932988617109,N/A,Review,0.8
L000497,22.0,0.9966965,0.9965835,0.044859003,0.0007699674,0,0.42674297,2,0.427357061192165,N/A,Review,0.8
L000497,23.0,0.9951108,0.99819654,0.050356157,0.0010328537,0,0.41310135,2,0.43146700266692545,N/A,Review,0.8
L000497,24.0,0.99802506,0.99804026,0.05487036,0.0005155713,0,0.49655643,2,0.4346572622391467,N/A,Review,0.8
L000497,25.0,0.9979418,0.9976051,0.045192756,0.0004259327,0,0.63275385,3,0.45817484606277115,N/A,Review,0.8
L000497,26.0,0.99666935,0.99801373,0.031909563,0.0007694176,0,0.5281385,3,0.6412226135887339,N/A,Review,0.8
L000497,27.0,0.99581087,0.99421483,0.9860124,0.00088946364,1,0.6686133,3,0.3687423271597148,N/A,Review,0.8
L000497,28.0,0.99610776,0.99324644,0.98364,0.0015485422,1,0.5578716,3,0.40901238235423615,N/A,Review,0.8
L000497,29.0,0.99715436,0.9930005,0.9933844,0.00244137,1,0.34303543,0,0.41741398193145474,N/A,Review,0.8
L000497,30.0,0.9958211,0.994124,0.99440926,0.0011081442,1,0.4783312,0,0.41746037628729926,N/A,Review,0.8
L000497,31.0,0.99633455,0.99441695,0.99399287,0.0023612361,1,0.35330224,3,0.594513663573004,N/A,Review,0.8
L000497,32.0,0.9946942,0.9953792,0.99404955,0.0010893397,1,0.40308854,0,0.49287767627949447,N/A,Review,0.8
L000497,33.0,0.99663216,0.99660444,0.994697,0.00096994464,1,0.58365595,0,0.4617645924495796,N/A,Review,0.8
L000497,34.0,0.99637693,0.99722445,0.9955213,0.00583951,1,0.3700115,0,0.5178041923189454,N/A,Review,0.8
L000497,35.0,0.9963903,0.99476117,0.9949073,0.0015284598,1,0.32330772,0,0.5110830670438837,N/A,Review,0.8
L000497,36.0,0.99478865,0.99473274,0.99560094,0.0015072634,1,0.2871238,0,0.43542111914352444,N/A,Review,0.8
L000497,37.0,0.9959019,0.9957189,0.9938659,0.001103066,1,0.16457301,0,0.49520297672594354,N/A,Review,0.8
L000497,38.0,0.04238139,0.047330566,0.025343776,0.60537267,3,0.23842894,0,0.5425817721301212,N/A,Review,0.8
L000497,39.0,0.9968996,0.9965103,0.048394307,0.00057634886,0,0.20472881,0,0.5935732364910897,N/A,Review,0.8
L000497,40.0,0.9963468,0.99742776,0.041153435,0.00054407737,0,0.40294227,3,0.7308805342014331,N/A,Review,0.8
L000497,41.0,0.9970373,0.99777406,0.03639023,0.00039517417,0,0.23233177,0,0.6416764316524878,N/A,Review,0.8
L000497,42.0,0.9975932,0.99810886,0.029934453,0.0003874606,0,0.16544458,0,0.6348411592797845,N/A,Review,0.8
L000497,43.0,0.99773055,0.9981975,0.027382122,0.0003408044,0,0.110276304,0,0.6308018783711338,N/A,Review,0.8
L000497,44.0,0.9978757,0.999014,0.029908989,0.00020200576,0,0.10580323,2,0.48963142189548836,N/A,Review,0.8
L000497,45.0,0.068796456,0.103371054,0.02648695,0.514811,3,0.23291996,0,0.6148769292538447,N/A,Review,0.8
L000497,46.0,0.057358526,0.08942012,0.021937324,0.47116762,3,0.10790736,0,0.6073442603207448,N/A,Review,0.8
L000497,47.0,0.050517704,0.06977284,0.029579854,0.7743816,3,0.12663887,0,0.5580283643888732,N/A,Review,0.8
L000497,48.0,0.035581116,0.082101956,0.031269446,0.49665347,3,0.2502944,0,0.5843409623389483,N/A,Review,0.8
L000497,49.0,0.035960685,0.06603357,0.034610696,0.47072113,3,0.16380426,0,0.5901563895300511,N/A,Review,0.8
L000497,50.0,0.10567049,0.13910162,0.044982415,0.14102058,3,0.1018575,0,0.5764963772725162,N/A,Review,0.8
