loan_id,update_date,field_updated,old_value,new_value,servicer_name,source_system
L000331,2026-06-12,interest_rate,132723,154426,Servicer_D,SystemA
L000042,2026-08-21,interest_rate,156384,187331,Servicer_A,SystemB
L000474,2026-07-19,interest_rate,166740,98022,Servicer_B,SystemA
L000066,2026-06-13,current_balance,109441,106667,Servicer_D,SystemB
L000497,2026-06-16,current_status,117373,126340,Servicer_A,SystemA
L000291,2026-06-07,interest_rate,196388,143361,Servicer_D,SystemA
L000478,2026-05-31,current_balance,163697,184988,Servicer_A,SystemA
L000337,2026-08-10,current_balance,107841,148189,Servicer_C,SystemB
L000010,2026-07-16,interest_rate,123404,126053,Servicer_D,SystemB
L000158,2026-06-02,current_status,180458,185117,Servicer_B,SystemA
L000214,2026-07-20,current_status,167429,144065,Servicer_D,SystemB
L000096,2026-06-21,interest_rate,131339,149605,Servicer_B,SystemA
L000460,2026-06-12,current_balance,122139,153190,Servicer_A,SystemA
L000493,2026-06-16,current_balance,194184,115218,Servicer_A,SystemA
L000080,2026-05-31,current_balance,135216,150320,Servicer_D,SystemB
L000104,2026-07-13,interest_rate,138765,99334,Servicer_A,SystemB
L000083,2026-06-20,interest_rate,191793,151679,Servicer_C,SystemA
L000098,2026-06-07,interest_rate,184252,131397,Servicer_D,SystemA
L000044,2026-06-04,current_status,175961,131178,Servicer_D,SystemA
L000008,2026-05-27,interest_rate,142819,189167,Servicer_B,SystemB
L000146,2026-06-05,current_balance,196847,94991,Servicer_D,SystemA
L000489,2026-07-07,interest_rate,157097,158303,Servicer_C,SystemA
L000264,2026-07-17,interest_rate,109403,166721,Servicer_D,SystemA
L000198,2026-07-05,interest_rate,159594,147236,Servicer_B,SystemB
L000250,2026-08-17,interest_rate,185670,135466,Servicer_D,SystemB
L000147,2026-06-17,current_balance,191812,182434,Servicer_D,SystemB
L000154,2026-05-24,interest_rate,144889,150226,Servicer_B,SystemA
L000239,2026-08-11,current_status,156344,97952,Servicer_A,SystemA
L000274,2026-07-11,interest_rate,110490,133127,Servicer_C,SystemB
L000457,2026-08-09,interest_rate,102164,166840,Servicer_C,SystemA
L000249,2026-08-20,interest_rate,129366,103568,Servicer_B,SystemA
L000245,2026-07-07,current_status,109042,136432,Servicer_A,SystemA
L000375,2026-08-05,current_status,155074,170490,Servicer_B,SystemA
L000231,2026-08-18,interest_rate,198041,138027,Servicer_C,SystemA
L000403,2026-05-28,interest_rate,113487,98970,Servicer_D,SystemB
L000380,2026-08-24,current_balance,115761,127608,Servicer_C,SystemB
L000109,2026-05-28,interest_rate,185931,134313,Servicer_D,SystemA
L000177,2026-05-29,current_balance,108140,165273,Servicer_B,SystemA
L000032,2026-08-15,current_status,199104,101177,Servicer_D,SystemA
L000236,2026-07-09,current_balance,171138,117434,Servicer_C,SystemA
L000250,2026-07-12,interest_rate,196249,186750,Servicer_D,SystemA
L000110,2026-07-11,current_balance,124965,90504,Servicer_A,SystemB
L000281,2026-07-12,current_status,123065,90805,Servicer_A,SystemB
L000362,2026-06-26,current_status,114415,183425,Servicer_D,SystemB
L000120,2026-06-19,current_balance,113324,171312,Servicer_A,SystemA
L000029,2026-05-26,interest_rate,121340,168509,Servicer_C,SystemA
L000103,2026-08-02,current_balance,168966,139724,Servicer_D,SystemA
L000080,2026-08-15,interest_rate,126397,163005,Servicer_D,SystemB
L000321,2026-05-30,interest_rate,148502,160414,Servicer_D,SystemA
L000355,2026-08-09,interest_rate,164278,110070,Servicer_B,SystemA
L000170,2026-07-13,interest_rate,116324,189226,Servicer_C,SystemA
L000426,2026-07-24,current_status,157324,164093,Servicer_B,SystemA
L000007,2026-06-30,interest_rate,113545,102569,Servicer_A,SystemA
L000432,2026-06-15,interest_rate,118898,145635,Servicer_A,SystemA
L000265,2026-08-23,current_balance,101250,115771,Servicer_B,SystemB
L000080,2026-06-30,interest_rate,123924,113897,Servicer_C,SystemA
L000428,2026-07-12,interest_rate,151234,110739,Servicer_B,SystemA
L000388,2026-06-07,current_balance,194945,154610,Servicer_C,SystemB
L000400,2026-06-08,current_status,130491,106094,Servicer_B,SystemB
L000398,2026-08-01,current_balance,106633,156132,Servicer_C,SystemA
L000227,2026-05-28,current_balance,154262,142659,Servicer_B,SystemA
L000050,2026-08-10,interest_rate,186657,122327,Servicer_D,SystemA
L000129,2026-06-25,current_balance,143118,188765,Servicer_B,SystemA
L000472,2026-06-19,interest_rate,160640,91202,Servicer_D,SystemA
L000255,2026-08-01,interest_rate,102688,170943,Servicer_C,SystemA
L000106,2026-08-03,current_balance,188309,158192,Servicer_C,SystemA
L000329,2026-05-30,interest_rate,183130,118902,Servicer_C,SystemB
L000103,2026-07-02,current_status,103182,183553,Servicer_B,SystemB
L000360,2026-06-14,current_balance,174718,100328,Servicer_C,SystemA
L000373,2026-07-03,current_balance,145734,104858,Servicer_A,SystemA
L000485,2026-06-25,current_balance,186789,139378,Servicer_D,SystemA
L000032,2026-05-23,interest_rate,152622,182549,Servicer_D,SystemA
L000497,2026-06-21,current_status,116191,170046,Servicer_A,SystemA
L000362,2026-07-05,interest_rate,181663,93466,Servicer_D,SystemB
L000399,2026-06-23,interest_rate,178709,178680,Servicer_C,SystemB
L000470,2026-06-20,interest_rate,164170,145912,Servicer_A,SystemB
L000403,2026-07-26,current_balance,177520,175246,Servicer_C,SystemA
L000441,2026-05-27,current_balance,195692,180258,Servicer_A,SystemB
L000220,2026-06-13,interest_rate,102333,147308,Servicer_D,SystemB
L000072,2026-06-28,interest_rate,123919,187775,Servicer_A,SystemB
L000259,2026-08-19,interest_rate,109221,175046,Servicer_A,SystemB
L000182,2026-05-23,current_status,128299,113401,Servicer_D,SystemB
L000124,2026-08-15,current_status,141927,98077,Servicer_A,SystemB
L000408,2026-08-19,current_balance,105631,106129,Servicer_C,SystemB
L000111,2026-06-19,interest_rate,178855,182204,Servicer_B,SystemA
L000185,2026-06-17,current_status,171310,141564,Servicer_C,SystemA
L000199,2026-06-13,current_status,117260,95555,Servicer_A,SystemA
L000280,2026-06-22,current_balance,171807,102527,Servicer_A,SystemA
L000279,2026-08-11,interest_rate,132642,174149,Servicer_D,SystemB
L000069,2026-08-14,current_balance,153959,161904,Servicer_C,SystemA
L000441,2026-06-27,interest_rate,186502,165920,Servicer_B,SystemA
L000074,2026-07-07,current_balance,128393,142878,Servicer_C,SystemB
L000338,2026-08-07,current_status,128192,181309,Servicer_D,SystemA
L000327,2026-08-13,current_balance,166416,90849,Servicer_B,SystemB
L000176,2026-07-22,interest_rate,197887,110610,Servicer_D,SystemA
L000180,2026-07-27,current_balance,184265,153952,Servicer_C,SystemA
L000338,2026-06-20,interest_rate,111984,155811,Servicer_B,SystemA
L000219,2026-08-04,current_status,136730,136980,Servicer_C,SystemB
L000273,2026-07-24,current_status,110627,173827,Servicer_D,SystemB
L000156,2026-07-10,interest_rate,113809,124264,Servicer_C,SystemA
L000163,2026-05-31,current_status,138652,124058,Servicer_A,SystemA
L000258,2026-08-05,current_status,167964,108350,Servicer_C,SystemB
L000076,2026-05-21,interest_rate,112684,142589,Servicer_A,SystemB
L000244,2026-05-23,current_status,172483,93175,Servicer_A,SystemB
L000356,2026-07-26,current_status,171447,100635,Servicer_A,SystemB
L000190,2026-08-18,current_balance,159470,153650,Servicer_A,SystemA
L000080,2026-06-25,current_status,195720,163486,Servicer_A,SystemA
L000359,2026-06-30,interest_rate,198735,154867,Servicer_B,SystemA
L000277,2026-07-16,interest_rate,106859,117173,Servicer_D,SystemA
L000037,2026-07-08,current_balance,158279,117684,Servicer_D,SystemB
L000014,2026-05-23,interest_rate,154639,140234,Servicer_B,SystemB
L000443,2026-06-07,interest_rate,186202,169603,Servicer_C,SystemA
L000473,2026-07-29,current_status,103828,169131,Servicer_D,SystemA
L000335,2026-08-23,interest_rate,170185,104439,Servicer_D,SystemB
L000027,2026-07-07,current_status,153096,127809,Servicer_D,SystemB
L000466,2026-06-16,current_balance,129239,137037,Servicer_C,SystemA
L000022,2026-07-09,current_status,145617,189678,Servicer_B,SystemB
L000059,2026-06-04,current_status,144722,111467,Servicer_D,SystemB
L000394,2026-06-02,current_status,130906,109532,Servicer_C,SystemA
L000088,2026-06-27,current_status,140998,99279,Servicer_D,SystemA
L000087,2026-05-29,current_balance,105940,149359,Servicer_C,SystemB
L000109,2026-07-25,current_status,157601,109816,Servicer_A,SystemB
L000001,2026-07-10,current_balance,142131,113098,Servicer_C,SystemB
L000254,2026-06-09,current_balance,166434,172651,Servicer_B,SystemA
L000182,2026-06-24,current_balance,129644,138287,Servicer_D,SystemB
L000032,2026-08-10,interest_rate,167141,140136,Servicer_A,SystemB
L000132,2026-07-17,current_balance,119471,94807,Servicer_B,SystemA
L000325,2026-07-06,interest_rate,114679,172350,Servicer_D,SystemB
L000137,2026-07-21,current_status,141324,171770,Servicer_D,SystemB
L000294,2026-06-25,current_status,157414,158809,Servicer_D,SystemA
L000133,2026-07-25,current_status,152091,169625,Servicer_D,SystemB
L000345,2026-08-09,interest_rate,139258,98828,Servicer_A,SystemA
L000021,2026-05-29,interest_rate,174127,92693,Servicer_A,SystemA
L000005,2026-07-13,current_status,177071,137839,Servicer_C,SystemB
L000483,2026-07-30,interest_rate,131362,121645,Servicer_D,SystemB
L000498,2026-06-07,interest_rate,185526,135606,Servicer_B,SystemA
L000194,2026-05-18,current_status,151753,116688,Servicer_A,SystemA
L000372,2026-05-30,interest_rate,105498,175261,Servicer_D,SystemB
L000464,2026-07-15,current_balance,198764,146261,Servicer_C,SystemB
L000489,2026-07-12,interest_rate,140323,123365,Servicer_A,SystemB
L000136,2026-08-21,current_balance,126553,165344,Servicer_C,SystemA
L000144,2026-07-13,current_status,166347,115295,Servicer_D,SystemB
L000281,2026-07-12,current_status,103294,177518,Servicer_D,SystemA
L000124,2026-06-28,current_balance,193524,189911,Servicer_D,SystemA
L000293,2026-06-11,current_status,101771,177571,Servicer_B,SystemA
L000086,2026-07-26,current_balance,154995,182428,Servicer_B,SystemB
L000074,2026-08-15,current_status,198962,146526,Servicer_D,SystemB
L000245,2026-07-27,interest_rate,154988,135212,Servicer_C,SystemB
L000242,2026-08-19,current_status,197879,175070,Servicer_A,SystemB
L000257,2026-05-24,current_status,162608,144040,Servicer_B,SystemA
L000164,2026-07-30,interest_rate,166361,138414,Servicer_C,SystemB
L000248,2026-08-11,current_status,172873,91299,Servicer_B,SystemB
L000170,2026-08-09,current_balance,180002,104515,Servicer_A,SystemA
L000002,2026-06-11,current_status,136749,102242,Servicer_C,SystemB
L000419,2026-05-29,interest_rate,165670,124237,Servicer_B,SystemA
L000255,2026-08-02,current_status,132991,125966,Servicer_A,SystemA
L000393,2026-05-19,interest_rate,140767,115612,Servicer_D,SystemA
L000347,2026-05-30,current_status,183069,121146,Servicer_A,SystemB
L000023,2026-05-28,current_balance,161920,162445,Servicer_A,SystemB
L000376,2026-06-01,current_status,104607,144850,Servicer_C,SystemA
L000043,2026-05-19,current_balance,105428,119598,Servicer_B,SystemB
L000337,2026-08-08,current_balance,194893,106692,Servicer_C,SystemB
L000401,2026-05-26,interest_rate,168061,118795,Servicer_A,SystemA
L000227,2026-05-28,current_status,127542,125014,Servicer_B,SystemB
L000448,2026-07-26,current_balance,176264,125285,Servicer_C,SystemB
L000249,2026-08-17,current_balance,169733,181630,Servicer_C,SystemA
L000306,2026-06-15,interest_rate,172890,123202,Servicer_D,SystemA
L000285,2026-07-29,current_balance,110578,169447,Servicer_C,SystemB
L000099,2026-06-05,interest_rate,183856,128922,Servicer_D,SystemA
L000298,2026-07-20,interest_rate,176720,113679,Servicer_C,SystemA
L000146,2026-07-08,current_status,191578,167618,Servicer_A,SystemA
L000327,2026-06-03,current_balance,125122,108544,Servicer_D,SystemB
L000317,2026-08-20,current_balance,174353,154541,Servicer_C,SystemB
L000389,2026-07-30,current_balance,170725,171067,Servicer_C,SystemB
L000072,2026-08-09,interest_rate,132199,150784,Servicer_A,SystemB
L000117,2026-08-12,current_balance,112446,133119,Servicer_B,SystemB
L000467,2026-05-27,current_balance,101979,177373,Servicer_A,SystemB
L000424,2026-06-01,current_status,153477,127217,Servicer_B,SystemA
L000099,2026-07-01,current_balance,106792,115924,Servicer_C,SystemB
L000138,2026-07-15,interest_rate,190836,131201,Servicer_C,SystemA
L000022,2026-08-03,interest_rate,123724,103928,Servicer_D,SystemB
L000043,2026-07-20,current_status,181333,163616,Servicer_D,SystemA
L000163,2026-08-01,current_balance,159310,143672,Servicer_A,SystemB
L000442,2026-08-02,current_status,115065,154405,Servicer_A,SystemA
L000429,2026-08-18,current_status,115749,122449,Servicer_D,SystemA
L000230,2026-07-14,current_balance,148293,177144,Servicer_D,SystemA
L000252,2026-06-18,current_status,175712,164401,Servicer_D,SystemB
L000266,2026-08-11,current_status,197532,132817,Servicer_A,SystemB
L000495,2026-05-25,interest_rate,101607,178859,Servicer_B,SystemA
L000366,2026-07-28,interest_rate,122239,95032,Servicer_B,SystemA
L000314,2026-07-07,current_balance,154549,158780,Servicer_C,SystemA
L000207,2026-05-24,current_balance,182732,177034,Servicer_A,SystemA
L000358,2026-08-09,current_balance,187629,132662,Servicer_D,SystemB
L000030,2026-07-25,interest_rate,194810,161947,Servicer_C,SystemA
L000089,2026-08-18,current_balance,162201,167730,Servicer_B,SystemB
L000133,2026-06-23,current_status,132749,127443,Servicer_A,SystemA
L000098,2026-08-20,interest_rate,124748,117151,Servicer_A,SystemA
L000089,2026-06-05,current_status,199403,115830,Servicer_A,SystemB
L000185,2026-07-05,current_balance,131192,121464,Servicer_A,SystemB
L000255,2026-06-11,current_status,107243,168216,Servicer_C,SystemB
L000384,2026-06-28,current_status,188794,116181,Servicer_D,SystemB
L000433,2026-08-06,current_balance,152888,139490,Servicer_B,SystemA
L000173,2026-07-05,interest_rate,184785,155571,Servicer_C,SystemB
L000212,2026-07-25,current_status,134899,178904,Servicer_C,SystemA
L000191,2026-05-30,interest_rate,110123,169055,Servicer_D,SystemB
L000107,2026-07-13,interest_rate,153596,115496,Servicer_A,SystemA
L000409,2026-07-27,interest_rate,191126,112308,Servicer_B,SystemB
L000089,2026-08-13,current_status,133655,154738,Servicer_C,SystemB
L000012,2026-06-01,current_status,171794,116470,Servicer_B,SystemB
L000487,2026-06-20,current_status,114926,162320,Servicer_C,SystemB
L000139,2026-07-24,interest_rate,187743,150345,Servicer_C,SystemB
L000065,2026-08-04,current_balance,136912,123774,Servicer_A,SystemA
L000186,2026-06-14,current_balance,176882,130937,Servicer_C,SystemB
L000396,2026-06-29,current_status,112655,135193,Servicer_A,SystemA
L000220,2026-07-29,current_status,133960,99038,Servicer_A,SystemA
L000393,2026-07-31,interest_rate,189538,102160,Servicer_B,SystemA
L000470,2026-06-13,current_status,113115,186938,Servicer_D,SystemB
L000198,2026-07-14,interest_rate,132029,157515,Servicer_C,SystemA
L000190,2026-08-09,interest_rate,128246,129318,Servicer_C,SystemB
L000187,2026-06-11,interest_rate,173735,112258,Servicer_B,SystemB
L000124,2026-08-10,current_status,158406,112803,Servicer_B,SystemB
L000195,2026-08-18,current_status,144908,108489,Servicer_C,SystemB
L000053,2026-05-19,current_balance,106679,159213,Servicer_A,SystemB
L000115,2026-08-12,current_status,189232,110448,Servicer_A,SystemB
L000482,2026-08-05,current_balance,166812,183798,Servicer_C,SystemA
L000431,2026-06-29,current_status,160096,153847,Servicer_D,SystemA
L000083,2026-05-23,current_balance,104878,91904,Servicer_B,SystemA
L000372,2026-06-18,interest_rate,150213,124474,Servicer_A,SystemA
L000296,2026-06-29,current_status,183723,96504,Servicer_C,SystemB
L000080,2026-07-08,current_balance,131547,133816,Servicer_A,SystemA
L000456,2026-08-19,current_status,142519,121640,Servicer_B,SystemB
L000160,2026-06-12,current_status,161783,108038,Servicer_C,SystemB
L000164,2026-08-11,current_balance,192067,103506,Servicer_A,SystemB
L000006,2026-05-29,current_status,105398,134909,Servicer_D,SystemB
L000415,2026-06-05,current_status,143604,173902,Servicer_B,SystemB
L000156,2026-07-27,interest_rate,152391,175570,Servicer_C,SystemB
L000343,2026-08-21,current_status,115017,110141,Servicer_B,SystemB
L000306,2026-06-29,interest_rate,145836,177629,Servicer_A,SystemB
L000030,2026-06-01,current_status,162917,157535,Servicer_A,SystemA
L000336,2026-06-17,current_status,198762,176588,Servicer_C,SystemB
L000117,2026-08-19,current_balance,129825,109494,Servicer_C,SystemA
L000027,2026-08-23,interest_rate,198934,153793,Servicer_C,SystemA
L000399,2026-07-10,interest_rate,189298,146689,Servicer_D,SystemA
L000437,2026-07-15,interest_rate,134131,159234,Servicer_D,SystemA
L000032,2026-08-24,current_status,157036,106665,Servicer_D,SystemA
L000039,2026-06-08,current_balance,199488,96410,Servicer_C,SystemA
L000173,2026-06-21,interest_rate,103736,96315,Servicer_A,SystemB
L000113,2026-07-06,current_status,173980,177436,Servicer_B,SystemA
L000101,2026-06-26,current_balance,184063,167151,Servicer_A,SystemB
L000256,2026-07-28,current_status,125723,155538,Servicer_C,SystemB
L000030,2026-08-07,current_status,115729,181296,Servicer_A,SystemA
L000310,2026-07-06,current_status,135595,173881,Servicer_C,SystemB
L000222,2026-08-04,current_status,154021,93252,Servicer_A,SystemA
L000246,2026-07-05,current_status,147634,116123,Servicer_A,SystemA
L000024,2026-07-19,current_status,171124,96344,Servicer_B,SystemB
L000045,2026-05-25,interest_rate,162727,111586,Servicer_B,SystemB
L000448,2026-08-21,current_balance,114280,176786,Servicer_C,SystemA
L000397,2026-06-04,current_status,190909,116534,Servicer_B,SystemA
L000439,2026-06-08,interest_rate,135335,175377,Servicer_B,SystemB
L000146,2026-06-08,current_balance,178147,107573,Servicer_D,SystemA
L000082,2026-06-10,current_balance,161887,137549,Servicer_B,SystemA
L000347,2026-05-29,current_balance,133929,133785,Servicer_B,SystemB
L000127,2026-07-15,interest_rate,171931,91293,Servicer_C,SystemA
L000144,2026-07-29,current_status,174549,140436,Servicer_D,SystemA
L000496,2026-05-24,current_balance,145775,132831,Servicer_B,SystemB
L000398,2026-06-16,interest_rate,177214,168729,Servicer_A,SystemA
L000200,2026-07-17,current_balance,155924,186497,Servicer_A,SystemA
L000228,2026-06-22,interest_rate,157961,170063,Servicer_C,SystemA
L000470,2026-07-23,current_balance,165192,136583,Servicer_B,SystemA
L000054,2026-08-10,interest_rate,127335,125437,Servicer_D,SystemA
L000404,2026-07-01,current_balance,115508,103123,Servicer_C,SystemB
L000016,2026-08-24,interest_rate,176353,129092,Servicer_C,SystemA
L000413,2026-08-04,current_balance,130678,183774,Servicer_B,SystemA
L000262,2026-06-27,current_balance,175615,158664,Servicer_A,SystemB
L000250,2026-06-30,interest_rate,139147,115337,Servicer_D,SystemB
L000369,2026-07-18,current_balance,136716,161385,Servicer_B,SystemB
L000133,2026-06-28,current_status,136796,184618,Servicer_A,SystemA
L000323,2026-05-24,current_balance,164518,147215,Servicer_C,SystemB
L000219,2026-06-29,interest_rate,126854,100995,Servicer_C,SystemB
L000070,2026-08-09,current_balance,115400,144988,Servicer_A,SystemA
L000110,2026-07-17,current_balance,141285,173358,Servicer_A,SystemB
L000021,2026-05-27,interest_rate,150332,108193,Servicer_D,SystemB
L000162,2026-06-11,interest_rate,115930,175175,Servicer_A,SystemA
L000420,2026-06-30,current_status,143021,158507,Servicer_D,SystemB
L000311,2026-06-12,interest_rate,174672,115852,Servicer_C,SystemA
L000116,2026-08-05,current_balance,127583,189253,Servicer_A,SystemA
L000323,2026-07-06,current_balance,134031,102785,Servicer_A,SystemB
L000014,2026-08-19,current_balance,103690,90680,Servicer_D,SystemB
L000361,2026-05-29,current_status,120282,178712,Servicer_A,SystemB
L000107,2026-07-19,current_status,162376,185835,Servicer_D,SystemA
L000240,2026-06-23,interest_rate,107234,163638,Servicer_D,SystemA
L000077,2026-08-05,current_balance,188979,159724,Servicer_C,SystemA
L000277,2026-07-30,interest_rate,163853,176523,Servicer_D,SystemA
L000238,2026-07-09,interest_rate,185424,189203,Servicer_C,SystemB
L000435,2026-08-16,current_balance,107217,114301,Servicer_C,SystemB
L000488,2026-06-28,current_balance,192683,147206,Servicer_B,SystemA
L000333,2026-07-21,current_status,131549,174934,Servicer_A,SystemA
L000350,2026-06-30,current_status,129147,93580,Servicer_B,SystemA
L000147,2026-07-30,current_balance,177120,113727,Servicer_D,SystemB
L000476,2026-08-03,current_balance,125559,145063,Servicer_C,SystemA
L000495,2026-08-21,interest_rate,175656,119211,Servicer_A,SystemA
L000100,2026-05-29,interest_rate,131008,186649,Servicer_B,SystemB
L000047,2026-08-08,current_balance,131572,184170,Servicer_C,SystemA
L000131,2026-06-17,interest_rate,181879,133620,Servicer_C,SystemA
L000165,2026-07-12,interest_rate,137432,116320,Servicer_A,SystemA
L000073,2026-08-20,interest_rate,112995,127135,Servicer_B,SystemA
L000132,2026-07-24,current_status,133991,147181,Servicer_A,SystemA
L000109,2026-07-19,current_status,111498,110354,Servicer_C,SystemB
L000435,2026-06-24,current_balance,137382,157011,Servicer_D,SystemB
L000484,2026-07-03,current_status,150603,184008,Servicer_B,SystemB
L000050,2026-07-15,current_balance,199004,122155,Servicer_C,SystemB
L000258,2026-08-08,interest_rate,112956,173498,Servicer_B,SystemA
L000330,2026-05-26,current_status,191226,111474,Servicer_D,SystemA
L000288,2026-07-30,current_status,123646,92393,Servicer_A,SystemA
L000315,2026-08-16,interest_rate,148093,95338,Servicer_C,SystemA
L000101,2026-05-23,current_balance,189148,137401,Servicer_D,SystemB
L000254,2026-06-24,current_balance,169318,140963,Servicer_C,SystemA
L000173,2026-08-08,interest_rate,158414,121577,Servicer_A,SystemB
L000454,2026-08-13,interest_rate,102018,166377,Servicer_D,SystemB
L000048,2026-06-06,current_balance,186160,98390,Servicer_C,SystemA
L000229,2026-08-11,current_balance,125346,119973,Servicer_C,SystemA
L000304,2026-08-16,current_status,159145,145599,Servicer_B,SystemB
L000389,2026-08-16,current_status,106185,166365,Servicer_D,SystemB
L000028,2026-06-01,interest_rate,152432,130826,Servicer_D,SystemA
L000179,2026-06-11,current_balance,169017,140379,Servicer_D,SystemB
L000115,2026-06-28,current_balance,147875,139133,Servicer_A,SystemA
L000478,2026-08-15,current_balance,185577,176063,Servicer_B,SystemA
L000460,2026-06-03,current_balance,116925,147966,Servicer_B,SystemB
L000417,2026-06-27,interest_rate,135477,125775,Servicer_B,SystemA
L000392,2026-06-25,interest_rate,149044,131286,Servicer_A,SystemB
L000144,2026-06-28,current_status,156835,159405,Servicer_C,SystemB
L000045,2026-06-30,current_status,174392,144785,Servicer_B,SystemB
L000305,2026-07-14,current_status,125057,109281,Servicer_B,SystemA
L000391,2026-05-20,current_balance,121184,184555,Servicer_B,SystemA
L000215,2026-06-15,interest_rate,134993,122569,Servicer_C,SystemB
L000457,2026-07-11,current_balance,187933,103813,Servicer_A,SystemB
L000176,2026-08-16,current_status,119731,176781,Servicer_A,SystemB
L000292,2026-06-06,current_balance,156189,107668,Servicer_B,SystemB
L000132,2026-08-21,current_status,181573,121202,Servicer_A,SystemA
L000262,2026-07-15,interest_rate,137260,140599,Servicer_D,SystemA
L000200,2026-07-17,current_status,151049,164194,Servicer_D,SystemB
L000238,2026-06-09,interest_rate,126236,132336,Servicer_D,SystemB
L000186,2026-08-08,current_status,162802,90921,Servicer_C,SystemA
L000376,2026-08-18,interest_rate,195504,180819,Servicer_C,SystemA
L000067,2026-06-27,interest_rate,137251,109329,Servicer_A,SystemA
L000254,2026-08-02,interest_rate,173759,168157,Servicer_B,SystemB
L000320,2026-08-17,interest_rate,194807,170820,Servicer_B,SystemA
L000113,2026-06-07,current_balance,173915,186661,Servicer_D,SystemA
L000310,2026-06-28,current_balance,131253,161769,Servicer_D,SystemA
L000330,2026-05-28,interest_rate,182094,179676,Servicer_A,SystemB
L000341,2026-06-10,interest_rate,192276,162537,Servicer_A,SystemB
L000393,2026-06-15,current_status,163210,163226,Servicer_B,SystemB
L000100,2026-07-01,interest_rate,124615,94280,Servicer_D,SystemA
L000427,2026-05-22,current_status,126848,166147,Servicer_B,SystemA
L000115,2026-06-25,current_balance,112689,183764,Servicer_D,SystemA
L000470,2026-08-22,current_status,139577,163587,Servicer_D,SystemA
L000381,2026-07-25,current_status,136315,188455,Servicer_A,SystemA
L000031,2026-05-27,interest_rate,172943,141076,Servicer_C,SystemB
L000128,2026-08-04,current_balance,168152,108393,Servicer_B,SystemA
L000465,2026-05-20,current_status,169672,159377,Servicer_D,SystemA
L000322,2026-05-31,interest_rate,170400,108653,Servicer_B,SystemA
L000380,2026-06-11,current_status,146716,115373,Servicer_D,SystemA
L000176,2026-08-24,current_balance,163791,104016,Servicer_B,SystemB
L000358,2026-06-08,interest_rate,169569,165703,Servicer_D,SystemA
L000440,2026-06-27,interest_rate,189684,96973,Servicer_C,SystemB
L000170,2026-08-02,current_balance,102177,160675,Servicer_B,SystemB
L000277,2026-05-22,current_balance,155512,91118,Servicer_A,SystemA
L000320,2026-05-25,current_status,128784,91998,Servicer_D,SystemA
L000155,2026-07-07,interest_rate,176477,161937,Servicer_D,SystemA
L000429,2026-05-31,interest_rate,120118,127662,Servicer_D,SystemA
L000240,2026-07-31,interest_rate,147018,114745,Servicer_A,SystemB
L000464,2026-06-29,current_balance,144362,97767,Servicer_B,SystemA
L000081,2026-08-21,interest_rate,137928,126786,Servicer_C,SystemB
L000309,2026-05-23,current_balance,187731,186786,Servicer_A,SystemA
L000491,2026-07-01,current_balance,128205,112166,Servicer_B,SystemB
L000297,2026-07-12,current_balance,168566,186620,Servicer_C,SystemB
L000153,2026-07-22,current_balance,170957,142240,Servicer_B,SystemA
L000475,2026-08-12,current_status,109465,111735,Servicer_D,SystemA
L000164,2026-07-29,current_balance,133153,134733,Servicer_B,SystemB
L000486,2026-06-30,current_status,126127,130416,Servicer_C,SystemA
L000355,2026-06-02,current_status,155573,129986,Servicer_D,SystemA
L000170,2026-08-02,current_balance,186792,147820,Servicer_B,SystemB
L000110,2026-07-25,interest_rate,172009,121009,Servicer_B,SystemA
L000165,2026-07-24,current_balance,185762,97899,Servicer_A,SystemA
L000124,2026-06-05,current_status,149036,161764,Servicer_B,SystemA
L000198,2026-06-21,current_status,142735,154365,Servicer_B,SystemB
L000411,2026-08-18,interest_rate,143125,124570,Servicer_D,SystemA
L000363,2026-06-07,interest_rate,195154,125766,Servicer_A,SystemB
L000235,2026-06-05,current_status,194613,142311,Servicer_B,SystemB
L000158,2026-07-07,current_status,104197,145948,Servicer_B,SystemB
L000274,2026-05-23,interest_rate,157613,98662,Servicer_A,SystemA
L000421,2026-08-19,current_status,117507,176669,Servicer_D,SystemA
L000051,2026-08-17,current_balance,128840,96894,Servicer_A,SystemB
L000404,2026-06-14,interest_rate,164387,175435,Servicer_A,SystemB
L000334,2026-08-17,current_balance,195047,116274,Servicer_D,SystemA
L000383,2026-06-22,current_status,120808,130705,Servicer_A,SystemA
L000316,2026-08-05,current_status,175647,94658,Servicer_A,SystemA
L000028,2026-05-28,interest_rate,187257,173832,Servicer_D,SystemA
L000434,2026-07-12,current_status,157817,162329,Servicer_A,SystemB
L000385,2026-06-11,current_balance,162074,124439,Servicer_D,SystemA
L000012,2026-08-20,current_status,139404,117524,Servicer_B,SystemB
L000017,2026-06-04,current_balance,124017,132767,Servicer_A,SystemA
L000101,2026-07-12,current_balance,177019,149014,Servicer_D,SystemA
L000378,2026-08-20,current_balance,116196,162756,Servicer_C,SystemB
L000226,2026-07-09,current_status,171186,152049,Servicer_C,SystemA
L000492,2026-07-18,current_balance,199638,147616,Servicer_C,SystemA
L000406,2026-08-16,current_status,115579,188204,Servicer_D,SystemA
L000300,2026-05-31,current_balance,173824,99621,Servicer_A,SystemB
L000358,2026-05-27,current_status,190567,159619,Servicer_A,SystemB
L000264,2026-08-23,current_balance,130610,178068,Servicer_A,SystemB
L000244,2026-08-12,current_status,191951,112911,Servicer_C,SystemA
L000221,2026-07-31,current_balance,121383,152910,Servicer_A,SystemA
L000217,2026-05-31,current_balance,139076,124374,Servicer_D,SystemA
L000007,2026-05-29,interest_rate,131642,162228,Servicer_D,SystemA
L000330,2026-08-17,interest_rate,182842,179644,Servicer_C,SystemB
L000399,2026-07-31,interest_rate,184732,101384,Servicer_C,SystemA
L000081,2026-08-20,current_balance,166889,98696,Servicer_D,SystemA
L000260,2026-07-04,interest_rate,102862,189289,Servicer_A,SystemB
L000415,2026-06-01,current_balance,173491,138475,Servicer_A,SystemB
L000092,2026-06-19,interest_rate,127003,170147,Servicer_A,SystemA
L000382,2026-06-17,interest_rate,114144,141240,Servicer_B,SystemA
L000141,2026-06-03,current_balance,178247,172396,Servicer_C,SystemB
L000196,2026-08-09,current_balance,156785,149805,Servicer_C,SystemB
L000204,2026-06-10,interest_rate,129021,181605,Servicer_D,SystemB
L000262,2026-07-30,interest_rate,137927,159320,Servicer_B,SystemB
L000276,2026-05-24,current_balance,185014,135801,Servicer_B,SystemA
L000389,2026-06-19,current_status,156036,148765,Servicer_D,SystemA
L000335,2026-08-19,interest_rate,117841,156799,Servicer_D,SystemA
L000426,2026-06-16,current_balance,140113,184527,Servicer_C,SystemB
L000497,2026-07-20,interest_rate,126901,134262,Servicer_C,SystemB
L000100,2026-06-26,interest_rate,139936,119364,Servicer_A,SystemB
L000075,2026-06-18,current_status,105165,112136,Servicer_A,SystemA
L000477,2026-05-27,current_balance,123883,122266,Servicer_B,SystemB
L000365,2026-08-10,current_balance,158726,132906,Servicer_B,SystemA
L000023,2026-07-15,current_balance,170460,168525,Servicer_A,SystemB
L000393,2026-08-10,current_status,167201,141712,Servicer_D,SystemA
L000111,2026-07-06,interest_rate,158247,136911,Servicer_C,SystemA
L000143,2026-08-11,current_status,132080,149285,Servicer_D,SystemB
L000290,2026-05-30,current_balance,189330,112179,Servicer_A,SystemB
L000199,2026-05-19,current_status,141812,98477,Servicer_C,SystemB
L000445,2026-07-05,interest_rate,199033,142434,Servicer_A,SystemB
L000031,2026-05-20,interest_rate,111972,166443,Servicer_A,SystemA
L000107,2026-05-27,current_balance,102837,91565,Servicer_B,SystemB
L000091,2026-06-11,current_balance,171148,94054,Servicer_A,SystemA
L000178,2026-07-21,current_balance,177037,161344,Servicer_D,SystemA
L000365,2026-06-17,interest_rate,152626,102694,Servicer_B,SystemA
L000016,2026-07-25,current_status,118934,110493,Servicer_C,SystemA
L000021,2026-07-07,current_balance,118295,149982,Servicer_D,SystemB
L000232,2026-05-22,current_status,121050,109221,Servicer_C,SystemB
L000481,2026-05-18,interest_rate,190400,106507,Servicer_C,SystemA
L000399,2026-08-19,current_status,179115,139635,Servicer_B,SystemA
L000044,2026-07-15,interest_rate,137472,158136,Servicer_A,SystemA
L000258,2026-05-26,current_status,109303,149369,Servicer_A,SystemA
L000073,2026-06-29,current_balance,187608,96198,Servicer_C,SystemA
L000410,2026-08-03,current_balance,122459,153095,Servicer_D,SystemB
L000133,2026-07-14,interest_rate,180817,131968,Servicer_C,SystemA
L000188,2026-05-22,interest_rate,165526,143522,Servicer_A,SystemA
L000204,2026-08-21,current_status,181531,156652,Servicer_C,SystemA
L000220,2026-06-19,interest_rate,186083,119339,Servicer_B,SystemB
L000447,2026-08-18,interest_rate,117176,130573,Servicer_C,SystemA
L000127,2026-07-23,interest_rate,182850,157783,Servicer_C,SystemA
L000200,2026-06-28,current_status,158027,139435,Servicer_A,SystemA
L000421,2026-06-18,current_balance,144965,170555,Servicer_A,SystemA
L000185,2026-08-12,current_balance,132850,119209,Servicer_B,SystemA
L000270,2026-07-08,current_status,122777,146312,Servicer_B,SystemA
L000337,2026-07-08,current_status,115797,158726,Servicer_D,SystemB
L000157,2026-06-03,current_status,173983,123173,Servicer_D,SystemB
L000187,2026-05-21,current_balance,168039,167887,Servicer_B,SystemA
L000171,2026-06-02,current_status,157119,143396,Servicer_D,SystemB
L000475,2026-07-01,interest_rate,134134,143405,Servicer_C,SystemB
L000015,2026-08-16,current_balance,128070,123397,Servicer_A,SystemA
L000450,2026-05-29,current_balance,134690,120141,Servicer_B,SystemA
L000490,2026-06-06,interest_rate,172727,159072,Servicer_D,SystemB
L000331,2026-06-13,current_status,194353,118282,Servicer_B,SystemB
L000200,2026-08-05,current_status,168825,160721,Servicer_B,SystemB
L000156,2026-07-11,interest_rate,199293,100759,Servicer_B,SystemB
L000468,2026-08-22,current_balance,105721,126956,Servicer_B,SystemA
L000141,2026-05-30,current_status,165076,167969,Servicer_B,SystemA
L000370,2026-06-07,current_balance,132033,109697,Servicer_D,SystemA
L000143,2026-08-22,interest_rate,159702,140832,Servicer_C,SystemB
L000201,2026-06-08,interest_rate,174298,97896,Servicer_D,SystemB
L000260,2026-06-12,current_balance,179482,129750,Servicer_D,SystemB
L000338,2026-07-06,interest_rate,119949,183823,Servicer_A,SystemA
L000386,2026-05-27,interest_rate,189493,145459,Servicer_B,SystemA
L000207,2026-07-21,current_balance,184351,186807,Servicer_A,SystemA
L000185,2026-07-09,interest_rate,129304,131069,Servicer_B,SystemA
L000154,2026-05-27,current_status,143886,128414,Servicer_D,SystemB
L000415,2026-07-10,interest_rate,185080,112692,Servicer_B,SystemA
L000195,2026-06-16,current_status,149786,110578,Servicer_D,SystemB
L000440,2026-08-23,current_balance,168928,143938,Servicer_D,SystemB
L000155,2026-07-10,interest_rate,195482,129238,Servicer_B,SystemB
L000145,2026-07-12,current_status,138584,187685,Servicer_D,SystemB
L000232,2026-07-15,interest_rate,118378,115673,Servicer_D,SystemB
L000287,2026-06-28,interest_rate,159417,152616,Servicer_B,SystemA
L000301,2026-06-16,current_balance,148957,187095,Servicer_C,SystemB
L000092,2026-06-27,current_status,158430,115903,Servicer_B,SystemB
L000051,2026-07-12,current_balance,157578,187382,Servicer_D,SystemB
L000459,2026-08-16,current_balance,132577,176358,Servicer_C,SystemA
L000248,2026-05-29,current_status,180665,146858,Servicer_C,SystemA
L000036,2026-05-24,current_status,120715,180328,Servicer_C,SystemA
L000131,2026-06-28,interest_rate,107369,185863,Servicer_B,SystemB
L000393,2026-06-03,interest_rate,179875,180122,Servicer_B,SystemB
L000204,2026-07-01,interest_rate,168664,116629,Servicer_A,SystemB
L000292,2026-06-14,current_balance,171998,90409,Servicer_C,SystemB
L000477,2026-07-19,interest_rate,191354,188922,Servicer_C,SystemA
L000088,2026-07-19,current_status,107585,161161,Servicer_A,SystemB
L000018,2026-06-11,current_balance,109400,155999,Servicer_D,SystemB
L000139,2026-05-20,current_balance,117433,174602,Servicer_A,SystemB
L000453,2026-05-20,current_status,129653,92358,Servicer_A,SystemA
L000336,2026-08-21,current_balance,156786,148179,Servicer_D,SystemA
L000015,2026-08-13,current_balance,110808,130653,Servicer_B,SystemA
L000235,2026-06-17,current_status,122457,179835,Servicer_C,SystemB
L000192,2026-07-24,current_balance,104996,178674,Servicer_C,SystemA
L000246,2026-06-07,current_balance,131878,101133,Servicer_C,SystemA
L000234,2026-06-01,current_balance,175973,131503,Servicer_C,SystemA
L000401,2026-07-08,current_balance,156319,115797,Servicer_A,SystemB
L000044,2026-07-29,current_balance,192680,99494,Servicer_D,SystemA
L000161,2026-06-24,current_status,154351,177967,Servicer_B,SystemA
L000063,2026-07-22,current_status,134775,127532,Servicer_B,SystemB
L000283,2026-07-27,interest_rate,192489,134305,Servicer_B,SystemA
L000113,2026-06-01,current_balance,121773,176824,Servicer_B,SystemA
L000449,2026-08-23,current_status,163215,107616,Servicer_D,SystemB
L000375,2026-06-05,current_status,137082,114898,Servicer_A,SystemB
L000242,2026-07-14,interest_rate,115917,130312,Servicer_D,SystemA
L000417,2026-05-18,current_status,136186,141122,Servicer_C,SystemB
L000446,2026-08-10,current_status,112366,124344,Servicer_B,SystemB
L000347,2026-07-30,interest_rate,158784,150003,Servicer_B,SystemA
L000392,2026-07-31,interest_rate,165622,183348,Servicer_C,SystemB
L000209,2026-07-14,interest_rate,125148,145606,Servicer_B,SystemA
L000370,2026-06-09,current_status,151309,129876,Servicer_C,SystemA
L000073,2026-07-20,current_balance,117286,98767,Servicer_B,SystemA
L000169,2026-08-18,current_balance,129875,176791,Servicer_C,SystemA
L000150,2026-06-16,current_balance,198409,164771,Servicer_C,SystemB
L000204,2026-08-21,current_balance,188952,100246,Servicer_D,SystemA
L000225,2026-08-08,current_status,119874,165326,Servicer_B,SystemA
L000381,2026-08-05,current_status,196098,175821,Servicer_B,SystemB
L000393,2026-06-27,current_balance,186432,120984,Servicer_A,SystemB
L000264,2026-07-10,current_balance,192922,144040,Servicer_B,SystemB
L000356,2026-06-11,current_balance,179403,96956,Servicer_C,SystemB
L000233,2026-07-20,current_status,180623,139568,Servicer_B,SystemB
L000371,2026-08-22,current_balance,143698,109481,Servicer_A,SystemB
L000319,2026-05-22,interest_rate,160574,109384,Servicer_C,SystemA
L000442,2026-07-17,current_balance,116498,141496,Servicer_C,SystemB
L000020,2026-07-30,current_status,146360,149501,Servicer_C,SystemB
L000195,2026-06-15,interest_rate,125850,188287,Servicer_C,SystemA
L000282,2026-05-29,current_balance,132011,135702,Servicer_C,SystemB
L000494,2026-07-08,current_balance,103145,91392,Servicer_D,SystemA
L000184,2026-05-26,current_balance,167651,189861,Servicer_A,SystemA
L000435,2026-06-30,current_balance,159834,154867,Servicer_B,SystemB
L000387,2026-05-20,current_balance,180775,137216,Servicer_C,SystemB
L000169,2026-08-06,interest_rate,112065,154625,Servicer_A,SystemB
L000129,2026-06-26,current_balance,144787,140628,Servicer_D,SystemA
L000225,2026-08-07,interest_rate,102419,144111,Servicer_C,SystemB
L000491,2026-08-05,current_balance,105999,130086,Servicer_C,SystemB
L000041,2026-07-09,current_status,183249,157606,Servicer_B,SystemA
L000029,2026-07-10,current_status,125895,104421,Servicer_C,SystemA
L000382,2026-08-14,interest_rate,106256,159575,Servicer_B,SystemA
L000468,2026-07-24,current_balance,176623,160555,Servicer_B,SystemA
L000487,2026-08-07,interest_rate,130159,160171,Servicer_A,SystemB
L000147,2026-06-18,current_status,158105,91114,Servicer_A,SystemA
L000350,2026-07-26,current_status,109104,162722,Servicer_D,SystemA
L000327,2026-07-24,current_balance,111715,161811,Servicer_D,SystemA
L000404,2026-08-14,current_status,182185,157001,Servicer_B,SystemB
L000414,2026-08-15,current_status,139093,166328,Servicer_D,SystemB
L000057,2026-07-18,current_balance,181426,170937,Servicer_B,SystemB
L000183,2026-06-05,current_status,124546,171827,Servicer_B,SystemB
L000050,2026-06-27,current_balance,102789,98546,Servicer_B,SystemB
L000353,2026-06-05,current_balance,106663,133669,Servicer_B,SystemA
L000014,2026-06-15,current_balance,182827,144569,Servicer_D,SystemB
L000391,2026-07-29,interest_rate,146965,165862,Servicer_A,SystemA
L000214,2026-06-28,current_status,121155,137932,Servicer_A,SystemA
L000178,2026-06-03,current_balance,195862,104223,Servicer_B,SystemB
L000124,2026-07-05,current_balance,183047,168940,Servicer_C,SystemA
L000365,2026-06-18,current_status,178063,92181,Servicer_A,SystemB
L000121,2026-08-15,current_balance,133014,130484,Servicer_A,SystemB
L000309,2026-06-08,current_balance,151450,96848,Servicer_B,SystemB
L000412,2026-07-05,interest_rate,145719,116082,Servicer_A,SystemA
L000257,2026-08-14,current_balance,110856,169714,Servicer_C,SystemA
L000312,2026-06-23,current_status,196405,118772,Servicer_D,SystemB
L000005,2026-08-17,current_status,148488,109795,Servicer_A,SystemA
L000386,2026-06-06,current_balance,131722,181164,Servicer_C,SystemA
L000167,2026-08-17,interest_rate,146182,99256,Servicer_B,SystemA
L000456,2026-08-23,current_status,179268,114906,Servicer_A,SystemA
L000079,2026-07-07,current_status,128357,148932,Servicer_C,SystemA
L000094,2026-08-16,current_balance,114461,171224,Servicer_B,SystemB
L000272,2026-05-22,interest_rate,193421,143536,Servicer_A,SystemA
L000214,2026-06-27,interest_rate,192703,109999,Servicer_D,SystemA
L000143,2026-08-11,interest_rate,177766,169310,Servicer_A,SystemA
L000486,2026-07-09,current_balance,154653,106279,Servicer_D,SystemB
L000043,2026-07-07,current_status,109553,132093,Servicer_C,SystemA
L000073,2026-07-31,current_balance,160623,155845,Servicer_C,SystemB
L000110,2026-08-11,current_balance,162585,166734,Servicer_A,SystemB
L000098,2026-07-24,current_status,196859,115740,Servicer_D,SystemA
L000241,2026-08-05,current_balance,160656,174261,Servicer_B,SystemB
L000212,2026-07-14,current_status,151334,167380,Servicer_A,SystemA
L000286,2026-06-28,current_balance,191715,168847,Servicer_B,SystemB
L000205,2026-06-13,current_balance,167353,154575,Servicer_D,SystemB
L000270,2026-06-08,current_balance,191807,113360,Servicer_D,SystemB
L000470,2026-07-28,current_status,173843,117533,Servicer_A,SystemB
L000283,2026-05-30,current_balance,160820,110576,Servicer_A,SystemB
L000392,2026-07-01,interest_rate,198831,109849,Servicer_C,SystemB
L000453,2026-06-16,current_balance,151682,176113,Servicer_B,SystemB
L000331,2026-07-27,current_balance,103527,161674,Servicer_C,SystemB
L000372,2026-05-28,current_status,154857,114111,Servicer_C,SystemB
L000473,2026-06-24,current_status,171367,113409,Servicer_A,SystemA
L000203,2026-08-15,interest_rate,145221,161442,Servicer_D,SystemB
L000466,2026-06-20,current_balance,137618,140306,Servicer_A,SystemB
L000334,2026-08-10,current_status,119329,166334,Servicer_D,SystemA
L000334,2026-06-25,interest_rate,136181,141107,Servicer_B,SystemB
L000175,2026-06-10,interest_rate,140300,102152,Servicer_D,SystemB
L000237,2026-07-24,current_balance,160772,127361,Servicer_A,SystemB
L000194,2026-08-18,interest_rate,110719,161345,Servicer_C,SystemB
L000027,2026-07-16,current_balance,158600,179097,Servicer_B,SystemA
L000428,2026-05-22,interest_rate,170128,171366,Servicer_C,SystemA
L000236,2026-07-05,current_status,128639,173910,Servicer_A,SystemB
L000319,2026-07-08,current_balance,129950,102315,Servicer_D,SystemB
L000445,2026-07-18,current_status,131385,112179,Servicer_A,SystemA
L000378,2026-08-05,current_status,132595,143694,Servicer_B,SystemA
L000162,2026-05-19,interest_rate,170128,134672,Servicer_B,SystemA
L000182,2026-06-18,current_status,186753,144187,Servicer_B,SystemB
L000237,2026-07-08,current_status,195501,189121,Servicer_C,SystemB
L000331,2026-06-25,current_balance,119658,128950,Servicer_D,SystemA
L000284,2026-07-21,current_balance,137394,187136,Servicer_B,SystemA
L000440,2026-05-23,interest_rate,134433,101959,Servicer_B,SystemB
L000054,2026-07-26,current_balance,143222,120357,Servicer_C,SystemA
L000318,2026-07-11,current_balance,106533,160653,Servicer_A,SystemA
L000363,2026-06-26,interest_rate,112398,158531,Servicer_B,SystemB
L000188,2026-08-14,interest_rate,115957,181400,Servicer_B,SystemB
L000008,2026-06-28,current_balance,162372,108820,Servicer_C,SystemB
L000408,2026-08-07,current_status,177034,147190,Servicer_B,SystemA
L000149,2026-08-14,current_balance,184867,155709,Servicer_B,SystemB
L000438,2026-06-26,current_status,183008,133777,Servicer_B,SystemA
L000194,2026-07-17,interest_rate,107929,93982,Servicer_B,SystemA
L000039,2026-07-23,current_status,192274,174438,Servicer_C,SystemA
L000398,2026-06-16,current_balance,124881,154633,Servicer_C,SystemA
L000492,2026-08-08,current_status,140940,189116,Servicer_D,SystemB
L000342,2026-05-30,interest_rate,101683,113475,Servicer_B,SystemA
L000145,2026-06-02,interest_rate,113430,119711,Servicer_B,SystemB
L000108,2026-08-22,current_balance,190712,119165,Servicer_C,SystemB
L000143,2026-07-01,current_status,169976,110307,Servicer_C,SystemA
L000469,2026-06-26,current_status,123914,155407,Servicer_C,SystemA
L000429,2026-07-01,current_balance,182832,104831,Servicer_C,SystemB
L000398,2026-07-13,interest_rate,160687,178119,Servicer_A,SystemA
L000220,2026-06-07,interest_rate,121492,98710,Servicer_A,SystemA
L000121,2026-08-11,current_balance,174148,188643,Servicer_B,SystemB
L000026,2026-08-06,interest_rate,122758,179636,Servicer_B,SystemB
L000282,2026-08-03,interest_rate,107409,135189,Servicer_D,SystemB
L000207,2026-07-21,interest_rate,143157,100596,Servicer_B,SystemA
L000039,2026-07-05,current_status,125416,166506,Servicer_C,SystemB
L000020,2026-06-08,current_status,139616,128123,Servicer_C,SystemA
L000475,2026-07-10,current_balance,196308,156687,Servicer_B,SystemB
L000453,2026-06-04,current_status,155336,133172,Servicer_D,SystemB
L000217,2026-05-27,current_status,127625,116747,Servicer_D,SystemA
L000344,2026-07-10,interest_rate,123890,107693,Servicer_C,SystemB
L000413,2026-05-28,interest_rate,145600,102242,Servicer_A,SystemB
L000348,2026-08-14,current_balance,176246,98542,Servicer_C,SystemB
L000043,2026-08-21,interest_rate,154921,140766,Servicer_D,SystemB
L000348,2026-06-10,current_balance,188298,129321,Servicer_B,SystemA
L000090,2026-07-26,current_status,130261,103051,Servicer_B,SystemA
L000436,2026-06-16,current_status,104433,172228,Servicer_D,SystemB
L000406,2026-05-21,current_status,163628,113503,Servicer_A,SystemB
L000237,2026-07-18,current_status,137000,141031,Servicer_A,SystemB
L000172,2026-07-27,current_balance,132901,146075,Servicer_A,SystemB
L000344,2026-07-03,current_status,142462,131188,Servicer_D,SystemB
L000237,2026-07-22,current_balance,170266,93386,Servicer_D,SystemA
L000141,2026-08-19,interest_rate,194372,170686,Servicer_B,SystemB
L000200,2026-05-24,current_balance,105914,97058,Servicer_A,SystemA
L000158,2026-07-14,current_balance,132243,184772,Servicer_B,SystemB
L000122,2026-08-18,current_balance,122180,137164,Servicer_C,SystemB
L000275,2026-06-15,interest_rate,159752,157280,Servicer_B,SystemA
L000315,2026-06-15,current_balance,136790,179700,Servicer_D,SystemB
L000420,2026-08-19,interest_rate,175784,135701,Servicer_A,SystemA
L000410,2026-08-14,current_status,174313,157847,Servicer_D,SystemA
L000472,2026-05-20,current_balance,115413,167897,Servicer_B,SystemB
L000262,2026-07-31,interest_rate,102824,126848,Servicer_A,SystemB
L000179,2026-06-10,interest_rate,160057,136316,Servicer_C,SystemB
L000195,2026-06-17,current_balance,169833,95895,Servicer_D,SystemB
L000322,2026-06-07,interest_rate,191743,136670,Servicer_D,SystemB
L000493,2026-07-11,current_status,196447,188782,Servicer_D,SystemB
L000270,2026-06-10,interest_rate,106740,95395,Servicer_A,SystemB
L000359,2026-08-04,current_balance,112101,123593,Servicer_D,SystemA
L000341,2026-08-09,interest_rate,106316,161058,Servicer_A,SystemA
L000108,2026-06-24,interest_rate,143210,110680,Servicer_C,SystemA
L000022,2026-06-24,interest_rate,136512,154873,Servicer_C,SystemB
L000162,2026-06-24,current_status,154082,129630,Servicer_D,SystemB
L000328,2026-05-28,current_balance,134167,187265,Servicer_D,SystemB
L000417,2026-06-10,interest_rate,121486,145089,Servicer_B,SystemB
L000420,2026-06-15,interest_rate,150053,170960,Servicer_B,SystemB
L000484,2026-07-05,interest_rate,105894,145688,Servicer_A,SystemA
L000333,2026-07-28,interest_rate,145854,96915,Servicer_C,SystemB
L000128,2026-07-16,interest_rate,126956,182525,Servicer_A,SystemA
L000366,2026-05-30,current_status,195935,183310,Servicer_D,SystemA
L000461,2026-07-30,interest_rate,155148,186491,Servicer_A,SystemA
L000288,2026-07-11,current_balance,188332,139721,Servicer_C,SystemB
L000270,2026-06-14,current_status,162648,158396,Servicer_B,SystemA
L000454,2026-05-18,current_balance,187882,93904,Servicer_D,SystemB
L000386,2026-06-25,interest_rate,110471,140544,Servicer_B,SystemA
L000279,2026-06-05,interest_rate,132638,125117,Servicer_D,SystemA
L000478,2026-06-22,interest_rate,190513,101418,Servicer_A,SystemA
L000274,2026-07-05,current_balance,191461,136034,Servicer_A,SystemB
L000439,2026-06-02,interest_rate,189656,133344,Servicer_D,SystemA
L000015,2026-08-04,current_status,159964,143491,Servicer_D,SystemA
L000002,2026-05-24,current_balance,161883,186354,Servicer_D,SystemA
L000071,2026-06-28,interest_rate,198713,131969,Servicer_B,SystemA
L000021,2026-08-21,interest_rate,150750,120532,Servicer_D,SystemA
L000263,2026-06-12,current_status,143337,113352,Servicer_C,SystemA
L000017,2026-07-06,current_balance,196331,106154,Servicer_C,SystemB
L000142,2026-06-18,current_status,196916,121900,Servicer_D,SystemA
L000082,2026-06-19,current_status,127736,184729,Servicer_A,SystemB
L000047,2026-08-20,current_balance,195625,103085,Servicer_D,SystemA
L000460,2026-08-05,interest_rate,158686,97619,Servicer_D,SystemA
L000292,2026-08-23,interest_rate,170248,100607,Servicer_D,SystemA
L000015,2026-08-11,current_balance,142534,143552,Servicer_D,SystemA
L000443,2026-07-26,interest_rate,125402,98740,Servicer_A,SystemB
L000285,2026-08-13,interest_rate,178028,119306,Servicer_D,SystemA
L000036,2026-08-20,current_balance,178114,102694,Servicer_B,SystemA
L000063,2026-08-18,current_status,138245,183332,Servicer_D,SystemA
L000249,2026-07-05,current_status,195579,141404,Servicer_D,SystemB
L000029,2026-07-20,current_status,178495,114506,Servicer_D,SystemA
L000157,2026-07-17,interest_rate,168215,116538,Servicer_B,SystemB
L000070,2026-08-17,interest_rate,169230,152532,Servicer_D,SystemB
L000160,2026-08-23,current_status,194812,181154,Servicer_D,SystemA
L000308,2026-08-23,interest_rate,102724,93068,Servicer_C,SystemB
L000464,2026-07-18,current_status,146148,168972,Servicer_A,SystemB
L000441,2026-07-24,current_status,195946,159171,Servicer_A,SystemA
L000442,2026-07-21,interest_rate,124413,93304,Servicer_C,SystemA
L000016,2026-05-22,interest_rate,159645,96759,Servicer_B,SystemB
L000333,2026-07-10,current_balance,150308,95624,Servicer_D,SystemB
L000140,2026-06-13,current_balance,187047,161936,Servicer_D,SystemA
L000315,2026-06-06,current_status,165999,152871,Servicer_C,SystemA
L000495,2026-05-24,interest_rate,148577,156017,Servicer_B,SystemA
L000444,2026-08-16,current_balance,124159,182725,Servicer_B,SystemA
L000216,2026-06-25,current_status,128987,139030,Servicer_D,SystemA
L000061,2026-08-15,interest_rate,187032,173392,Servicer_A,SystemB
L000077,2026-08-07,interest_rate,128780,180846,Servicer_B,SystemA
L000273,2026-08-17,current_status,145583,166646,Servicer_A,SystemB
L000350,2026-06-07,current_status,195314,156753,Servicer_A,SystemA
L000297,2026-06-04,current_status,166044,185665,Servicer_B,SystemB
L000072,2026-08-07,interest_rate,182942,120021,Servicer_D,SystemB
L000047,2026-07-21,current_status,139924,187863,Servicer_B,SystemA
L000469,2026-07-17,current_status,196436,172486,Servicer_A,SystemB
L000385,2026-06-18,current_balance,112144,176767,Servicer_B,SystemB
L000302,2026-08-22,current_balance,162034,98409,Servicer_B,SystemA
L000397,2026-07-17,interest_rate,170223,157312,Servicer_B,SystemA
L000328,2026-07-19,current_balance,174501,177706,Servicer_C,SystemA
L000465,2026-08-09,current_status,122970,91827,Servicer_A,SystemA
L000419,2026-07-18,current_status,190138,112786,Servicer_A,SystemA
L000180,2026-06-22,interest_rate,185805,139934,Servicer_B,SystemB
L000435,2026-06-17,current_balance,136910,172861,Servicer_C,SystemB
L000425,2026-07-04,current_balance,110317,122983,Servicer_B,SystemB
L000078,2026-08-11,current_status,157981,112637,Servicer_C,SystemA
L000210,2026-07-07,current_status,157551,147599,Servicer_C,SystemA
L000331,2026-05-19,current_balance,151740,92267,Servicer_D,SystemA
L000435,2026-08-18,interest_rate,116459,112870,Servicer_C,SystemA
L000383,2026-07-09,current_balance,163945,96501,Servicer_A,SystemA
L000042,2026-08-07,current_status,153752,114042,Servicer_B,SystemB
L000254,2026-08-11,current_balance,188650,135639,Servicer_A,SystemB
L000139,2026-07-06,interest_rate,139274,110210,Servicer_A,SystemA
L000463,2026-08-09,current_status,130507,164657,Servicer_C,SystemB
L000411,2026-08-11,current_status,196434,102402,Servicer_C,SystemB
L000334,2026-06-03,current_status,165839,116560,Servicer_B,SystemA
L000054,2026-07-23,current_status,199718,124173,Servicer_D,SystemB
L000260,2026-06-16,current_balance,177010,164939,Servicer_D,SystemB
L000339,2026-07-30,interest_rate,137657,151937,Servicer_C,SystemB
L000430,2026-06-20,current_status,127308,186196,Servicer_D,SystemA
L000089,2026-05-18,current_status,141530,144436,Servicer_D,SystemA
L000068,2026-05-19,interest_rate,155802,125657,Servicer_B,SystemB
L000329,2026-05-29,current_status,178394,183174,Servicer_D,SystemB
L000488,2026-05-25,interest_rate,126474,153478,Servicer_A,SystemB
L000297,2026-06-01,current_status,151678,122887,Servicer_D,SystemB
L000052,2026-06-05,interest_rate,108311,153807,Servicer_D,SystemA
L000226,2026-08-04,current_status,121100,104073,Servicer_D,SystemA
L000406,2026-08-24,interest_rate,182852,189814,Servicer_D,SystemA
L000455,2026-06-06,current_status,151874,182168,Servicer_B,SystemB
L000374,2026-07-11,current_status,133409,132576,Servicer_B,SystemB
L000350,2026-06-22,current_status,112050,148712,Servicer_A,SystemB
L000159,2026-08-05,current_balance,183814,134347,Servicer_C,SystemA
L000080,2026-08-05,current_balance,179173,142066,Servicer_B,SystemB
L000357,2026-05-28,current_status,173967,149462,Servicer_B,SystemB
L000312,2026-08-16,current_status,170022,146596,Servicer_A,SystemB
L000353,2026-06-29,current_balance,183689,95291,Servicer_D,SystemB
L000458,2026-06-28,current_status,133515,138443,Servicer_D,SystemB
L000441,2026-05-25,current_balance,116942,150692,Servicer_C,SystemB
L000369,2026-07-04,current_status,102744,148435,Servicer_B,SystemB
L000432,2026-05-26,current_balance,177027,172101,Servicer_C,SystemB
L000205,2026-07-18,current_status,168695,120849,Servicer_C,SystemA
L000053,2026-08-10,current_balance,110672,97636,Servicer_B,SystemB
L000104,2026-06-27,current_status,129322,133383,Servicer_C,SystemA
L000499,2026-06-29,current_status,128614,94868,Servicer_B,SystemA
L000057,2026-08-01,current_balance,181026,96332,Servicer_A,SystemA
L000372,2026-07-29,current_status,153359,145289,Servicer_D,SystemA
L000036,2026-08-13,current_status,125082,164778,Servicer_A,SystemA
L000418,2026-07-15,current_balance,156694,100613,Servicer_A,SystemB
L000081,2026-08-06,interest_rate,179951,121524,Servicer_B,SystemB
L000179,2026-08-12,current_status,177053,91826,Servicer_D,SystemB
L000304,2026-05-19,current_status,143677,185175,Servicer_A,SystemB
L000188,2026-05-29,interest_rate,120983,172932,Servicer_C,SystemB
L000181,2026-08-23,current_balance,101433,132079,Servicer_B,SystemB
L000362,2026-08-07,interest_rate,105239,184793,Servicer_D,SystemA
L000101,2026-05-29,current_balance,116889,112216,Servicer_D,SystemA
L000188,2026-05-19,current_status,105240,175370,Servicer_C,SystemB
L000352,2026-06-10,interest_rate,113232,131475,Servicer_B,SystemB
L000464,2026-08-24,interest_rate,105023,129898,Servicer_D,SystemB
L000495,2026-06-01,current_status,129444,156255,Servicer_B,SystemA
L000151,2026-08-16,current_balance,179649,129513,Servicer_B,SystemA
L000159,2026-06-15,interest_rate,138221,108567,Servicer_D,SystemB
L000496,2026-07-29,current_status,148126,149984,Servicer_C,SystemA
L000219,2026-06-30,interest_rate,170411,132957,Servicer_D,SystemA
L000468,2026-07-14,current_status,127599,184427,Servicer_C,SystemB
L000040,2026-08-14,interest_rate,116555,98950,Servicer_C,SystemB
L000270,2026-08-12,current_balance,191036,187213,Servicer_B,SystemB
L000493,2026-06-06,interest_rate,136815,106675,Servicer_D,SystemB
L000008,2026-06-11,current_balance,152033,106890,Servicer_C,SystemB
L000441,2026-06-05,interest_rate,108365,134073,Servicer_A,SystemB
L000099,2026-08-20,current_balance,144392,155797,Servicer_D,SystemB
L000370,2026-08-21,interest_rate,100095,105260,Servicer_C,SystemB
L000084,2026-07-09,current_status,174837,164834,Servicer_D,SystemA
L000405,2026-08-17,current_status,148439,112411,Servicer_A,SystemA
L000137,2026-07-22,interest_rate,122704,104873,Servicer_C,SystemB
L000306,2026-06-05,interest_rate,136058,160369,Servicer_A,SystemB
L000040,2026-06-25,current_balance,167560,163960,Servicer_C,SystemA
L000348,2026-05-25,current_balance,182657,179890,Servicer_D,SystemB
L000227,2026-06-14,interest_rate,189525,159568,Servicer_D,SystemB
L000307,2026-06-16,current_balance,196771,134493,Servicer_A,SystemB
L000051,2026-06-13,current_status,145828,142750,Servicer_A,SystemB
L000411,2026-08-18,current_status,101204,137511,Servicer_D,SystemA
L000260,2026-07-05,current_balance,136417,179272,Servicer_C,SystemA
L000215,2026-08-10,interest_rate,181360,113791,Servicer_D,SystemB
L000107,2026-07-25,interest_rate,111090,189822,Servicer_D,SystemB
L000143,2026-08-03,interest_rate,118212,100340,Servicer_D,SystemB
L000220,2026-07-31,current_status,115776,97824,Servicer_C,SystemA
L000162,2026-07-07,interest_rate,191279,98287,Servicer_B,SystemB
L000210,2026-08-21,current_balance,164689,147340,Servicer_B,SystemA
L000106,2026-08-01,current_balance,141839,141926,Servicer_B,SystemB
L000068,2026-06-20,current_balance,107103,127560,Servicer_B,SystemB
L000341,2026-08-09,current_status,194918,183994,Servicer_B,SystemA
L000005,2026-06-02,interest_rate,187111,92010,Servicer_A,SystemA
L000479,2026-06-25,current_balance,193212,160436,Servicer_B,SystemB
L000329,2026-08-11,current_balance,119984,91878,Servicer_D,SystemA
L000262,2026-08-12,current_balance,155383,187452,Servicer_B,SystemA
L000415,2026-08-24,current_status,189603,175015,Servicer_D,SystemB
L000201,2026-07-14,interest_rate,185559,145013,Servicer_A,SystemB
L000272,2026-07-19,current_status,125891,125858,Servicer_A,SystemB
L000003,2026-06-04,current_status,112775,135586,Servicer_D,SystemB
L000079,2026-07-25,current_balance,101234,124319,Servicer_B,SystemA
L000070,2026-07-03,interest_rate,183253,187562,Servicer_A,SystemA
L000101,2026-05-26,current_status,155377,123087,Servicer_C,SystemA
L000411,2026-05-31,interest_rate,100180,93667,Servicer_C,SystemA
L000160,2026-06-03,current_status,115545,169178,Servicer_A,SystemA
L000391,2026-06-07,current_balance,155111,173420,Servicer_B,SystemB
L000262,2026-06-06,interest_rate,183255,110849,Servicer_A,SystemA
L000167,2026-08-12,interest_rate,167402,120235,Servicer_D,SystemA
L000147,2026-08-04,current_status,196593,174174,Servicer_A,SystemB
L000437,2026-06-19,current_balance,165683,109606,Servicer_D,SystemA
L000343,2026-06-26,current_balance,150391,145808,Servicer_D,SystemA
L000286,2026-07-31,current_balance,147446,181641,Servicer_B,SystemA
L000376,2026-06-27,current_status,136718,153725,Servicer_C,SystemB
L000016,2026-07-07,current_balance,149001,116887,Servicer_B,SystemA
L000293,2026-06-26,current_balance,126680,185947,Servicer_D,SystemA
L000247,2026-07-21,interest_rate,101846,109552,Servicer_A,SystemB
L000474,2026-06-20,interest_rate,149209,141335,Servicer_A,SystemB
L000060,2026-08-17,current_balance,132453,150639,Servicer_C,SystemB
L000375,2026-06-08,current_status,115736,117331,Servicer_D,SystemB
L000038,2026-07-27,interest_rate,134016,156010,Servicer_C,SystemB
L000010,2026-08-17,interest_rate,120549,123863,Servicer_C,SystemA
L000062,2026-07-11,current_status,167988,155031,Servicer_B,SystemA
L000468,2026-05-29,current_balance,104481,152229,Servicer_A,SystemA
L000234,2026-07-12,current_status,188430,175774,Servicer_C,SystemA
L000037,2026-07-22,current_balance,172896,111930,Servicer_C,SystemB
L000148,2026-07-30,current_balance,116704,92544,Servicer_A,SystemB
L000119,2026-05-30,interest_rate,121440,126600,Servicer_A,SystemB
L000052,2026-07-02,interest_rate,190579,152776,Servicer_D,SystemB
L000388,2026-05-23,current_balance,118711,179833,Servicer_B,SystemB
L000338,2026-07-12,interest_rate,184369,145603,Servicer_A,SystemA
L000091,2026-07-13,current_balance,140791,107335,Servicer_D,SystemA
L000412,2026-08-04,current_balance,114415,92420,Servicer_B,SystemB
L000037,2026-06-14,interest_rate,120580,166242,Servicer_D,SystemA
L000500,2026-07-21,current_status,149063,95337,Servicer_D,SystemB
L000368,2026-08-02,interest_rate,187153,97226,Servicer_B,SystemB
L000286,2026-05-30,interest_rate,165938,96194,Servicer_B,SystemA
L000110,2026-08-15,current_balance,111574,95586,Servicer_C,SystemA
L000500,2026-08-23,current_status,152081,153781,Servicer_B,SystemA
L000082,2026-06-22,interest_rate,135675,159619,Servicer_C,SystemA
L000247,2026-06-10,current_status,141919,121360,Servicer_B,SystemB
L000260,2026-07-31,interest_rate,100953,153618,Servicer_A,SystemA
L000437,2026-07-16,current_status,147538,117423,Servicer_D,SystemA
L000144,2026-08-06,current_status,108530,106761,Servicer_B,SystemA
L000360,2026-07-14,interest_rate,102518,146383,Servicer_A,SystemA
L000008,2026-08-24,current_balance,188149,98528,Servicer_D,SystemB
L000474,2026-06-25,interest_rate,181005,166994,Servicer_C,SystemA
L000015,2026-07-30,current_status,165648,100826,Servicer_D,SystemB
L000305,2026-08-22,current_status,114845,161747,Servicer_B,SystemB
L000117,2026-06-05,current_status,110698,161273,Servicer_C,SystemA
L000089,2026-06-23,current_status,189666,175556,Servicer_A,SystemB
L000211,2026-07-20,current_balance,169403,183971,Servicer_B,SystemB
L000435,2026-05-22,current_status,121922,104711,Servicer_A,SystemA
L000291,2026-08-07,current_status,152702,189050,Servicer_A,SystemA
L000392,2026-06-11,current_balance,149301,151512,Servicer_C,SystemB
L000438,2026-06-12,interest_rate,172989,112245,Servicer_C,SystemA
L000449,2026-06-24,current_balance,185475,96366,Servicer_D,SystemA
L000471,2026-08-09,interest_rate,190237,182454,Servicer_B,SystemB
L000204,2026-07-19,interest_rate,180163,125472,Servicer_A,SystemA
L000311,2026-08-15,current_balance,121956,97749,Servicer_B,SystemB
L000466,2026-07-05,interest_rate,166068,134728,Servicer_B,SystemB
L000300,2026-08-07,interest_rate,115162,119984,Servicer_D,SystemB
L000412,2026-08-04,interest_rate,194817,173890,Servicer_B,SystemB
L000180,2026-06-23,current_status,100837,177824,Servicer_B,SystemA
L000361,2026-08-11,current_status,180736,175758,Servicer_A,SystemA
L000358,2026-07-23,interest_rate,149827,186974,Servicer_C,SystemA
L000376,2026-05-31,current_status,112057,176087,Servicer_D,SystemA
L000320,2026-06-12,interest_rate,109244,158088,Servicer_D,SystemA
L000463,2026-07-12,current_status,137538,142583,Servicer_C,SystemA
L000314,2026-08-02,interest_rate,118340,157742,Servicer_A,SystemB
L000344,2026-08-10,current_balance,165238,92402,Servicer_D,SystemA
L000390,2026-08-22,interest_rate,155195,177919,Servicer_C,SystemB
L000367,2026-07-13,interest_rate,127866,102462,Servicer_C,SystemA
L000278,2026-08-18,current_status,186481,179023,Servicer_B,SystemB
L000493,2026-08-23,current_balance,129395,186342,Servicer_D,SystemB
L000477,2026-06-08,current_status,102649,100872,Servicer_B,SystemB
L000442,2026-08-04,interest_rate,120093,91149,Servicer_C,SystemB
L000085,2026-07-06,current_status,198626,166264,Servicer_A,SystemA
L000441,2026-08-03,current_balance,176968,160868,Servicer_A,SystemA
L000139,2026-06-09,interest_rate,131898,137368,Servicer_A,SystemB
L000193,2026-06-25,current_status,111078,182896,Servicer_C,SystemA
L000286,2026-05-19,interest_rate,117404,179854,Servicer_B,SystemA
L000186,2026-06-06,current_balance,139885,162645,Servicer_A,SystemA
L000322,2026-08-04,interest_rate,114989,128670,Servicer_B,SystemB
L000383,2026-07-05,interest_rate,105340,163394,Servicer_D,SystemB
L000162,2026-08-01,current_balance,116536,137743,Servicer_D,SystemB
L000071,2026-06-29,interest_rate,169824,113805,Servicer_D,SystemA
L000416,2026-05-19,interest_rate,194294,115795,Servicer_B,SystemB
L000305,2026-07-16,current_status,143961,157316,Servicer_A,SystemB
L000044,2026-07-30,current_balance,159190,112704,Servicer_A,SystemB
L000172,2026-07-30,current_status,121640,149944,Servicer_D,SystemA
L000208,2026-07-25,current_balance,132153,158783,Servicer_A,SystemB
L000261,2026-05-23,current_status,132211,122514,Servicer_D,SystemA
L000203,2026-07-23,current_balance,157297,145599,Servicer_D,SystemA
L000087,2026-06-13,interest_rate,155011,99031,Servicer_B,SystemA
L000381,2026-06-22,interest_rate,163673,161915,Servicer_B,SystemB
L000081,2026-07-04,current_balance,106188,115945,Servicer_D,SystemB
L000456,2026-07-03,current_status,102311,173158,Servicer_C,SystemB
L000158,2026-07-15,current_balance,104890,92973,Servicer_B,SystemA
L000343,2026-08-19,current_status,162385,181700,Servicer_B,SystemB
L000463,2026-06-20,interest_rate,183182,151075,Servicer_C,SystemB
L000183,2026-07-31,current_balance,154877,131914,Servicer_B,SystemA
L000011,2026-08-19,interest_rate,170848,161645,Servicer_B,SystemA
L000102,2026-08-02,current_status,196263,154797,Servicer_B,SystemB
L000320,2026-05-19,interest_rate,182992,90520,Servicer_C,SystemA
L000442,2026-07-17,interest_rate,133988,146018,Servicer_D,SystemA
L000473,2026-08-14,current_status,183407,123340,Servicer_D,SystemB
L000091,2026-08-06,interest_rate,118797,149151,Servicer_B,SystemA
L000063,2026-06-10,current_status,158363,94426,Servicer_C,SystemB
L000472,2026-06-26,current_status,166425,115043,Servicer_C,SystemA
L000480,2026-07-12,current_balance,139966,99750,Servicer_C,SystemA
L000497,2026-07-19,interest_rate,124043,152648,Servicer_B,SystemB
L000301,2026-05-21,current_status,188139,125272,Servicer_D,SystemA
L000180,2026-08-06,current_status,188342,116304,Servicer_D,SystemB
L000207,2026-06-02,current_balance,116143,101535,Servicer_D,SystemA
L000026,2026-07-17,current_balance,165640,140155,Servicer_B,SystemB
L000080,2026-06-01,current_balance,151708,128863,Servicer_D,SystemB
L000467,2026-06-24,current_status,143237,130993,Servicer_D,SystemB
L000334,2026-07-14,interest_rate,114642,154228,Servicer_B,SystemB
L000299,2026-06-26,current_balance,166984,97637,Servicer_C,SystemA
L000164,2026-05-23,current_balance,109441,121240,Servicer_B,SystemA
L000051,2026-07-07,current_balance,162311,132564,Servicer_A,SystemA
L000397,2026-07-24,current_status,199621,184152,Servicer_D,SystemA
L000302,2026-05-26,current_balance,157236,91946,Servicer_B,SystemA
L000035,2026-08-16,current_status,159722,156325,Servicer_A,SystemA
L000335,2026-06-29,current_status,197086,149724,Servicer_D,SystemA
L000132,2026-08-21,current_status,162664,106776,Servicer_B,SystemA
L000260,2026-06-15,current_status,151974,100430,Servicer_A,SystemB
L000455,2026-06-04,current_balance,126154,136508,Servicer_D,SystemA
L000107,2026-07-12,interest_rate,118125,182302,Servicer_D,SystemA
L000115,2026-05-29,current_balance,178500,180821,Servicer_A,SystemA
L000352,2026-07-27,current_balance,181988,130845,Servicer_C,SystemA
L000345,2026-06-03,current_status,171422,118359,Servicer_D,SystemB
L000500,2026-06-12,interest_rate,131426,110478,Servicer_B,SystemA
L000204,2026-06-12,interest_rate,176203,130880,Servicer_A,SystemB
L000345,2026-07-03,current_status,171213,98590,Servicer_A,SystemA
L000453,2026-08-06,current_status,178767,125181,Servicer_D,SystemA
L000475,2026-08-20,interest_rate,119410,90477,Servicer_C,SystemA
L000161,2026-07-08,current_status,159716,170445,Servicer_C,SystemB
L000347,2026-08-14,current_balance,138665,188406,Servicer_B,SystemA
L000123,2026-06-05,current_balance,147932,123831,Servicer_C,SystemA
L000183,2026-08-23,current_balance,197340,144343,Servicer_C,SystemA
L000223,2026-08-24,current_balance,127315,142244,Servicer_A,SystemA
L000138,2026-06-15,current_status,107369,152587,Servicer_D,SystemA
L000012,2026-05-31,current_status,192281,115616,Servicer_C,SystemB
L000343,2026-05-20,interest_rate,181257,149345,Servicer_A,SystemA
L000463,2026-08-23,interest_rate,107105,108216,Servicer_B,SystemA
L000023,2026-07-10,interest_rate,110112,129037,Servicer_C,SystemA
L000306,2026-07-24,current_balance,190676,134426,Servicer_C,SystemA
L000130,2026-06-24,current_status,178003,172861,Servicer_C,SystemB
L000151,2026-07-30,current_status,129907,154738,Servicer_A,SystemA
L000021,2026-05-20,current_balance,158694,141690,Servicer_C,SystemA
L000090,2026-06-04,interest_rate,111464,134412,Servicer_B,SystemB
L000289,2026-08-05,current_status,151980,102813,Servicer_A,SystemB
L000477,2026-06-13,interest_rate,130225,131714,Servicer_A,SystemB
L000148,2026-08-06,interest_rate,184725,138905,Servicer_C,SystemA
L000381,2026-05-21,current_balance,138654,180359,Servicer_D,SystemB
L000068,2026-06-22,current_balance,121066,115098,Servicer_D,SystemA
L000333,2026-07-19,current_status,181566,143278,Servicer_A,SystemA
L000143,2026-07-27,current_status,183559,126035,Servicer_D,SystemA
L000102,2026-06-12,current_balance,130443,155605,Servicer_A,SystemA
L000496,2026-05-25,interest_rate,133521,158681,Servicer_A,SystemA
L000314,2026-05-18,current_status,193497,175696,Servicer_C,SystemB
L000224,2026-06-02,interest_rate,160857,98915,Servicer_B,SystemB
L000439,2026-07-09,current_balance,116094,135991,Servicer_C,SystemA
L000236,2026-06-18,current_status,195079,131948,Servicer_D,SystemB
L000456,2026-05-23,interest_rate,147748,146683,Servicer_D,SystemB
L000433,2026-07-22,current_balance,174792,143555,Servicer_D,SystemB
L000303,2026-07-05,current_status,174766,172217,Servicer_D,SystemB
L000030,2026-08-08,current_balance,141987,117264,Servicer_B,SystemA
L000336,2026-05-31,current_status,176625,185393,Servicer_D,SystemA
L000156,2026-06-26,current_status,105500,184123,Servicer_B,SystemB
L000095,2026-06-17,current_balance,138223,104663,Servicer_A,SystemA
L000395,2026-06-06,current_balance,170572,124442,Servicer_B,SystemA
L000099,2026-07-16,current_status,187698,176981,Servicer_C,SystemA
L000252,2026-08-03,current_status,195846,95200,Servicer_D,SystemA
L000491,2026-08-05,current_balance,154390,169583,Servicer_C,SystemA
L000130,2026-08-08,current_balance,153463,167905,Servicer_B,SystemB
L000180,2026-05-25,current_balance,174387,116012,Servicer_D,SystemB
L000494,2026-07-26,current_status,148423,180050,Servicer_D,SystemB
L000024,2026-08-08,current_balance,160424,179122,Servicer_D,SystemA
L000297,2026-07-25,interest_rate,108679,100662,Servicer_A,SystemA
L000277,2026-06-21,current_balance,105076,108057,Servicer_B,SystemA
L000326,2026-06-16,current_balance,113987,171495,Servicer_A,SystemA
L000272,2026-07-03,interest_rate,145373,96334,Servicer_C,SystemB
L000014,2026-06-10,interest_rate,198790,167668,Servicer_C,SystemA
L000184,2026-05-28,current_status,196485,118782,Servicer_A,SystemB
L000309,2026-06-04,current_balance,125067,187068,Servicer_D,SystemA
L000388,2026-06-18,interest_rate,189841,112241,Servicer_D,SystemA
L000431,2026-06-25,interest_rate,151235,113610,Servicer_A,SystemB
L000123,2026-08-11,current_balance,125238,158826,Servicer_C,SystemA
L000122,2026-07-06,current_status,121556,160431,Servicer_A,SystemB
L000110,2026-08-05,interest_rate,147316,136589,Servicer_A,SystemA
L000326,2026-08-11,current_status,112228,166165,Servicer_B,SystemA
L000087,2026-06-19,interest_rate,126167,107163,Servicer_D,SystemA
L000305,2026-08-02,interest_rate,195413,126089,Servicer_A,SystemB
L000277,2026-05-31,current_status,133700,181449,Servicer_C,SystemA
L000133,2026-07-18,interest_rate,122273,132376,Servicer_A,SystemA
L000142,2026-06-26,current_status,191659,96125,Servicer_B,SystemB
L000466,2026-07-24,current_status,185125,186804,Servicer_D,SystemB
L000457,2026-08-21,interest_rate,118993,99042,Servicer_D,SystemA
L000273,2026-05-21,interest_rate,144608,167647,Servicer_D,SystemB
L000219,2026-06-22,current_balance,116143,143832,Servicer_C,SystemB
L000382,2026-06-15,current_balance,164064,160256,Servicer_A,SystemA
L000291,2026-07-03,current_status,177782,114110,Servicer_B,SystemB
L000048,2026-05-23,interest_rate,103386,90579,Servicer_A,SystemB
L000144,2026-08-02,current_balance,140034,151047,Servicer_A,SystemB
L000064,2026-08-03,current_status,174053,167569,Servicer_A,SystemA
L000180,2026-08-09,current_balance,191632,91668,Servicer_B,SystemB
L000489,2026-06-06,current_balance,110714,171844,Servicer_D,SystemA
L000166,2026-06-05,interest_rate,144705,96321,Servicer_C,SystemB
L000342,2026-08-14,interest_rate,168658,188139,Servicer_B,SystemB
L000314,2026-07-09,current_balance,166030,154621,Servicer_C,SystemB
L000308,2026-07-20,current_balance,160962,128456,Servicer_D,SystemA
L000408,2026-06-26,current_status,187716,157479,Servicer_D,SystemB
L000208,2026-06-30,current_status,123972,164449,Servicer_D,SystemA
L000380,2026-07-12,current_status,145283,144227,Servicer_C,SystemB
L000180,2026-08-15,interest_rate,139291,134404,Servicer_A,SystemB
L000483,2026-06-14,interest_rate,132140,141464,Servicer_C,SystemB
L000388,2026-07-12,current_balance,187375,141513,Servicer_A,SystemA
L000233,2026-06-27,current_balance,161318,172666,Servicer_D,SystemA
L000168,2026-08-19,current_balance,147190,189737,Servicer_B,SystemA
L000489,2026-07-01,interest_rate,135946,160041,Servicer_A,SystemA
L000188,2026-08-04,current_balance,118959,143835,Servicer_B,SystemA
L000361,2026-05-19,interest_rate,192909,167331,Servicer_A,SystemA
L000187,2026-07-17,current_status,106963,175337,Servicer_D,SystemA
L000369,2026-05-30,current_balance,121034,161555,Servicer_A,SystemB
L000319,2026-08-20,current_balance,165594,189881,Servicer_A,SystemA
L000388,2026-08-09,interest_rate,121386,184489,Servicer_C,SystemB
L000051,2026-07-27,current_status,104247,102380,Servicer_B,SystemB
L000050,2026-07-17,interest_rate,129854,95897,Servicer_C,SystemB
L000304,2026-06-07,current_status,192678,109335,Servicer_A,SystemB
L000009,2026-08-20,current_status,113105,148380,Servicer_A,SystemB
L000153,2026-07-17,current_balance,190160,183276,Servicer_A,SystemB
L000260,2026-08-06,current_balance,110482,124166,Servicer_A,SystemB
L000011,2026-07-25,current_balance,127872,173189,Servicer_C,SystemA
L000202,2026-06-28,current_status,145966,112020,Servicer_C,SystemA
L000173,2026-06-20,current_balance,171538,132616,Servicer_D,SystemA
L000375,2026-07-18,interest_rate,142067,158867,Servicer_B,SystemA
L000035,2026-07-13,current_balance,189683,109643,Servicer_D,SystemA
L000280,2026-08-11,current_status,176758,137232,Servicer_B,SystemB
L000270,2026-08-04,current_status,128967,145018,Servicer_A,SystemA
L000327,2026-08-03,current_status,124338,103873,Servicer_C,SystemB
L000128,2026-06-11,current_status,143627,137451,Servicer_B,SystemB
L000197,2026-06-11,current_status,195590,94291,Servicer_D,SystemA
L000224,2026-06-03,current_status,146633,182552,Servicer_A,SystemA
L000215,2026-06-15,interest_rate,198171,137558,Servicer_D,SystemB
L000358,2026-07-27,interest_rate,106757,138811,Servicer_A,SystemB
L000382,2026-06-09,current_status,106918,146696,Servicer_A,SystemA
L000283,2026-05-28,interest_rate,186146,122944,Servicer_B,SystemA
L000470,2026-06-05,current_balance,192361,142645,Servicer_D,SystemB
L000253,2026-07-14,interest_rate,163532,178993,Servicer_C,SystemB
L000187,2026-07-05,current_balance,104125,187255,Servicer_C,SystemB
L000152,2026-05-19,current_status,191256,148973,Servicer_B,SystemB
L000001,2026-06-02,current_status,148689,181048,Servicer_C,SystemA
L000061,2026-06-05,current_balance,163205,146603,Servicer_D,SystemA
L000445,2026-07-02,current_status,143739,111857,Servicer_B,SystemB
L000290,2026-06-03,interest_rate,182029,90353,Servicer_C,SystemA
L000202,2026-06-06,interest_rate,182885,162785,Servicer_A,SystemA
L000159,2026-05-20,interest_rate,182845,142961,Servicer_C,SystemA
L000146,2026-07-05,current_status,184873,188843,Servicer_C,SystemB
L000253,2026-08-05,interest_rate,168927,130343,Servicer_C,SystemB
L000244,2026-07-26,current_balance,125839,113260,Servicer_B,SystemA
L000009,2026-08-18,current_balance,112975,108279,Servicer_B,SystemA
L000391,2026-08-17,interest_rate,179974,95233,Servicer_D,SystemA
L000383,2026-08-22,current_balance,130110,138920,Servicer_D,SystemB
L000103,2026-07-26,interest_rate,151766,186824,Servicer_A,SystemA
L000099,2026-07-21,interest_rate,139024,174218,Servicer_D,SystemB
L000132,2026-08-15,interest_rate,195734,114367,Servicer_B,SystemB
L000130,2026-06-25,current_status,120174,127164,Servicer_A,SystemB
L000147,2026-08-20,current_balance,161119,132257,Servicer_A,SystemA
L000023,2026-07-28,current_status,132299,172713,Servicer_C,SystemB
L000035,2026-08-02,current_balance,170985,161723,Servicer_B,SystemA
L000169,2026-07-24,current_status,142404,128425,Servicer_A,SystemB
L000286,2026-06-05,interest_rate,114985,128647,Servicer_B,SystemA
L000249,2026-06-10,current_status,145308,103124,Servicer_C,SystemB
L000004,2026-08-15,current_status,150072,187946,Servicer_B,SystemB
L000419,2026-07-10,current_status,115856,157645,Servicer_C,SystemB
L000091,2026-08-13,current_balance,171691,142171,Servicer_A,SystemA
L000471,2026-08-24,current_status,129271,159188,Servicer_D,SystemA
L000153,2026-06-20,current_status,114740,110888,Servicer_B,SystemA
L000214,2026-07-06,current_status,195403,122191,Servicer_B,SystemA
L000401,2026-06-15,current_status,131553,93367,Servicer_C,SystemB
L000407,2026-05-21,interest_rate,155545,111340,Servicer_C,SystemA
L000251,2026-06-04,interest_rate,146176,150619,Servicer_B,SystemA
L000399,2026-08-19,interest_rate,156150,98129,Servicer_B,SystemA
L000014,2026-05-21,current_status,192362,121855,Servicer_B,SystemA
L000133,2026-07-13,current_status,198524,110865,Servicer_B,SystemB
L000233,2026-07-02,interest_rate,111177,123641,Servicer_B,SystemB
L000378,2026-06-15,current_balance,154992,124328,Servicer_A,SystemB
L000041,2026-07-01,current_balance,159818,142381,Servicer_A,SystemA
L000229,2026-08-24,interest_rate,139445,171228,Servicer_B,SystemA
L000013,2026-06-10,current_balance,110072,103351,Servicer_A,SystemB
L000470,2026-08-19,current_balance,136293,181310,Servicer_C,SystemA
L000272,2026-08-09,current_status,197213,131339,Servicer_C,SystemB
L000087,2026-06-29,current_status,182097,162218,Servicer_A,SystemA
L000317,2026-08-18,current_status,121599,170770,Servicer_C,SystemB
L000329,2026-08-12,current_balance,195160,145836,Servicer_A,SystemB
L000124,2026-06-18,interest_rate,147572,114059,Servicer_A,SystemB
L000411,2026-08-18,interest_rate,158406,136175,Servicer_D,SystemA
L000180,2026-08-12,current_balance,139880,168433,Servicer_B,SystemA
L000242,2026-07-05,current_status,162535,133049,Servicer_B,SystemA
L000332,2026-08-08,current_status,144913,185955,Servicer_B,SystemB
L000376,2026-06-20,interest_rate,164569,165491,Servicer_B,SystemA
L000398,2026-07-08,current_balance,148038,93267,Servicer_B,SystemA
L000425,2026-07-07,current_balance,194841,99165,Servicer_D,SystemB
L000292,2026-08-02,current_status,176190,180046,Servicer_D,SystemA
L000239,2026-08-16,current_balance,136063,137640,Servicer_D,SystemA
L000127,2026-05-18,interest_rate,177442,150823,Servicer_C,SystemB
L000022,2026-07-31,interest_rate,145123,118616,Servicer_C,SystemA
L000443,2026-08-10,interest_rate,117764,159057,Servicer_B,SystemA
L000090,2026-08-03,current_balance,161019,96381,Servicer_D,SystemB
L000256,2026-07-01,current_status,182753,108123,Servicer_B,SystemB
L000481,2026-07-18,current_status,187054,115346,Servicer_A,SystemA
L000159,2026-07-24,current_balance,154877,159946,Servicer_B,SystemB
L000060,2026-07-10,current_status,100559,124953,Servicer_C,SystemB
L000291,2026-07-28,interest_rate,191957,145274,Servicer_C,SystemA
L000008,2026-08-24,interest_rate,199825,122969,Servicer_A,SystemB
L000306,2026-06-20,current_balance,179835,188255,Servicer_B,SystemA
L000230,2026-08-11,interest_rate,194209,168465,Servicer_C,SystemA
L000418,2026-07-09,current_status,184215,146687,Servicer_B,SystemB
L000284,2026-06-27,current_balance,122285,141692,Servicer_A,SystemB
L000370,2026-06-23,interest_rate,196423,159414,Servicer_A,SystemB
L000121,2026-07-23,current_balance,185738,104031,Servicer_B,SystemA
L000485,2026-06-17,interest_rate,159679,100938,Servicer_D,SystemB
L000367,2026-06-29,current_balance,144269,188420,Servicer_D,SystemA
L000256,2026-05-18,interest_rate,176036,122846,Servicer_B,SystemA
L000176,2026-06-21,current_balance,172788,142206,Servicer_D,SystemB
L000440,2026-06-26,interest_rate,149435,156048,Servicer_C,SystemA
L000313,2026-05-22,current_status,186512,186602,Servicer_A,SystemB
L000139,2026-06-19,current_balance,199305,131478,Servicer_C,SystemB
L000411,2026-06-28,current_status,146213,163764,Servicer_B,SystemA
L000407,2026-05-26,current_balance,145993,136545,Servicer_C,SystemB
L000385,2026-06-07,current_status,143779,178815,Servicer_D,SystemB
L000497,2026-06-14,interest_rate,193243,132309,Servicer_D,SystemA
L000092,2026-08-23,current_status,198582,124419,Servicer_C,SystemA
L000200,2026-08-13,current_status,109720,121128,Servicer_C,SystemB
L000432,2026-07-26,current_status,185264,90745,Servicer_A,SystemA
L000335,2026-05-18,interest_rate,178004,148964,Servicer_B,SystemA
L000202,2026-07-04,interest_rate,121366,147838,Servicer_C,SystemB
L000363,2026-06-03,current_status,107354,142948,Servicer_A,SystemA
L000371,2026-07-20,current_status,135690,100681,Servicer_C,SystemA
L000398,2026-05-19,interest_rate,158346,91881,Servicer_A,SystemA
L000111,2026-08-08,current_balance,167779,93557,Servicer_B,SystemB
L000055,2026-07-23,interest_rate,183929,168082,Servicer_A,SystemB
L000499,2026-07-17,current_balance,131201,184697,Servicer_A,SystemB
L000310,2026-06-26,interest_rate,159502,92622,Servicer_B,SystemA
L000461,2026-06-29,interest_rate,184041,105233,Servicer_A,SystemA
L000121,2026-08-08,current_status,127256,144566,Servicer_D,SystemA
L000446,2026-06-15,interest_rate,100684,148134,Servicer_A,SystemA
L000261,2026-07-07,current_status,125201,130743,Servicer_D,SystemB
L000465,2026-07-13,interest_rate,119690,101154,Servicer_D,SystemB
L000177,2026-06-19,interest_rate,131489,146080,Servicer_B,SystemA
L000100,2026-06-18,current_status,137588,130614,Servicer_D,SystemA
L000198,2026-07-07,interest_rate,195068,138512,Servicer_B,SystemA
L000371,2026-08-04,interest_rate,190333,170706,Servicer_D,SystemA
L000224,2026-06-17,current_balance,199423,125815,Servicer_C,SystemA
L000049,2026-08-03,current_balance,103582,120648,Servicer_A,SystemB
L000236,2026-07-02,interest_rate,194574,102076,Servicer_C,SystemB
L000377,2026-07-13,current_balance,120919,98437,Servicer_A,SystemA
L000219,2026-07-17,current_balance,173102,166180,Servicer_A,SystemB
L000096,2026-07-02,interest_rate,159909,162070,Servicer_C,SystemB
L000008,2026-07-20,current_balance,150852,170446,Servicer_C,SystemA
L000072,2026-05-18,current_status,199296,181598,Servicer_D,SystemA
L000382,2026-06-29,current_balance,108387,173259,Servicer_C,SystemA
L000363,2026-07-17,current_balance,199821,106873,Servicer_B,SystemA
L000101,2026-08-07,current_balance,107851,152763,Servicer_C,SystemA
L000465,2026-06-24,current_balance,168420,110938,Servicer_A,SystemA
L000141,2026-07-03,current_status,128608,153216,Servicer_C,SystemA
L000219,2026-07-19,interest_rate,160617,178901,Servicer_D,SystemA
L000227,2026-07-20,current_balance,145487,164900,Servicer_A,SystemB
L000194,2026-07-29,current_status,118889,162738,Servicer_A,SystemB
L000021,2026-08-23,current_balance,198197,178259,Servicer_C,SystemB
L000326,2026-07-09,current_balance,169783,180872,Servicer_D,SystemA
L000301,2026-07-24,current_status,161769,106277,Servicer_C,SystemA
L000010,2026-08-21,current_balance,150504,142369,Servicer_A,SystemB
L000194,2026-07-25,current_balance,110915,132070,Servicer_A,SystemB
L000293,2026-07-25,current_status,164593,185994,Servicer_A,SystemB
L000029,2026-07-09,interest_rate,161945,182145,Servicer_D,SystemB
L000111,2026-05-21,interest_rate,160983,112839,Servicer_B,SystemA
L000142,2026-08-11,current_status,117640,160417,Servicer_C,SystemA
L000162,2026-06-07,interest_rate,173984,187167,Servicer_C,SystemB
L000314,2026-07-02,interest_rate,140163,104706,Servicer_C,SystemB
L000264,2026-08-09,current_balance,186462,113379,Servicer_D,SystemB
L000227,2026-06-26,interest_rate,124331,159507,Servicer_B,SystemA
L000201,2026-06-11,current_balance,105693,115127,Servicer_B,SystemA
L000209,2026-06-20,current_status,173633,149597,Servicer_B,SystemA
L000235,2026-07-26,current_status,179660,147781,Servicer_A,SystemA
L000121,2026-05-22,current_status,108143,123224,Servicer_B,SystemB
L000073,2026-08-08,interest_rate,189452,113075,Servicer_D,SystemB
L000138,2026-06-11,interest_rate,178637,112146,Servicer_A,SystemB
L000085,2026-08-22,interest_rate,186009,168144,Servicer_B,SystemB
L000448,2026-07-31,current_balance,189465,157328,Servicer_B,SystemB
L000241,2026-06-09,current_balance,114129,188410,Servicer_D,SystemA
L000187,2026-08-23,current_status,104522,160011,Servicer_B,SystemB
L000431,2026-08-14,interest_rate,180085,165012,Servicer_D,SystemB
L000380,2026-07-23,current_status,180106,133115,Servicer_B,SystemB
L000242,2026-05-26,current_status,182315,105153,Servicer_D,SystemA
L000450,2026-06-19,current_balance,136257,182553,Servicer_B,SystemA
L000183,2026-06-27,interest_rate,132353,93519,Servicer_A,SystemB
L000487,2026-08-01,current_status,101657,91080,Servicer_D,SystemA
L000417,2026-06-19,current_balance,144161,156981,Servicer_B,SystemA
L000445,2026-08-12,current_status,127261,93004,Servicer_C,SystemB
L000148,2026-05-31,current_balance,155845,111777,Servicer_D,SystemA
L000438,2026-06-13,current_status,153006,122161,Servicer_B,SystemB
L000165,2026-07-16,current_status,151878,178541,Servicer_D,SystemA
L000287,2026-06-25,current_balance,135550,130474,Servicer_C,SystemB
L000199,2026-06-25,current_balance,140929,187808,Servicer_C,SystemA
L000134,2026-06-16,current_status,158486,90715,Servicer_A,SystemA
L000103,2026-06-25,current_status,127990,154499,Servicer_B,SystemB
L000269,2026-06-08,current_status,110194,176756,Servicer_A,SystemA
L000224,2026-08-23,current_balance,167486,169407,Servicer_A,SystemB
L000015,2026-07-09,interest_rate,162148,149507,Servicer_A,SystemB
L000246,2026-07-07,current_balance,171597,180841,Servicer_C,SystemA
L000351,2026-08-06,current_balance,161608,121739,Servicer_D,SystemA
L000026,2026-06-19,current_balance,169177,121916,Servicer_B,SystemB
L000395,2026-08-14,interest_rate,108506,90639,Servicer_A,SystemA
L000076,2026-06-28,current_status,167200,131656,Servicer_D,SystemA
L000076,2026-06-29,current_status,146477,158642,Servicer_D,SystemB
L000132,2026-05-21,current_status,126230,162428,Servicer_B,SystemB
L000358,2026-06-17,current_status,192333,130650,Servicer_B,SystemB
L000186,2026-08-02,interest_rate,119002,184462,Servicer_D,SystemA
L000030,2026-06-07,interest_rate,130625,128112,Servicer_B,SystemA
L000461,2026-05-22,interest_rate,105328,154317,Servicer_D,SystemB
L000367,2026-06-23,current_status,148021,120244,Servicer_B,SystemB
L000207,2026-05-30,interest_rate,169196,96273,Servicer_B,SystemB
L000371,2026-05-22,current_status,197869,176118,Servicer_C,SystemA
L000241,2026-06-19,current_status,101095,156266,Servicer_D,SystemB
L000049,2026-05-27,current_balance,117364,147183,Servicer_A,SystemB
L000404,2026-07-31,interest_rate,170991,169488,Servicer_A,SystemB
L000142,2026-07-08,interest_rate,162068,129387,Servicer_A,SystemA
L000261,2026-08-05,current_status,123161,118820,Servicer_A,SystemB
L000085,2026-08-15,interest_rate,178626,142350,Servicer_B,SystemA
L000461,2026-05-21,interest_rate,170518,99395,Servicer_B,SystemA
L000179,2026-05-19,current_balance,133509,158476,Servicer_B,SystemB
L000424,2026-06-30,current_status,116400,151092,Servicer_A,SystemB
L000011,2026-07-17,current_status,148845,117662,Servicer_A,SystemA
L000174,2026-05-21,interest_rate,169899,109377,Servicer_C,SystemA
L000178,2026-06-20,current_status,197559,139067,Servicer_A,SystemA
L000128,2026-05-18,interest_rate,198516,176369,Servicer_B,SystemA
L000150,2026-08-04,current_status,131875,100414,Servicer_B,SystemB
L000233,2026-05-23,current_balance,176019,111944,Servicer_C,SystemA
L000339,2026-07-21,current_status,147136,113723,Servicer_C,SystemA
L000173,2026-06-02,current_status,192110,163195,Servicer_C,SystemA
L000198,2026-08-08,current_status,168161,184482,Servicer_A,SystemA
L000397,2026-08-04,current_status,199780,161251,Servicer_A,SystemA
L000039,2026-06-21,current_balance,112707,154640,Servicer_D,SystemA
L000270,2026-05-24,current_status,110654,148516,Servicer_B,SystemA
L000018,2026-08-01,interest_rate,150246,110911,Servicer_D,SystemB
L000048,2026-08-20,current_balance,167555,186385,Servicer_B,SystemB
L000306,2026-06-16,interest_rate,148839,135088,Servicer_B,SystemA
L000177,2026-05-27,current_status,170200,186740,Servicer_C,SystemA
L000464,2026-06-10,interest_rate,112746,144340,Servicer_B,SystemA
L000359,2026-07-29,interest_rate,124216,110945,Servicer_D,SystemB
L000443,2026-08-22,current_balance,119958,159014,Servicer_D,SystemB
L000102,2026-06-18,current_balance,144675,126804,Servicer_C,SystemB
L000222,2026-07-15,current_status,142491,132230,Servicer_A,SystemB
L000385,2026-07-31,current_balance,153061,142333,Servicer_C,SystemA
L000206,2026-06-10,current_balance,170204,99225,Servicer_D,SystemA
L000076,2026-06-04,interest_rate,169549,148552,Servicer_C,SystemB
L000445,2026-07-09,current_balance,125373,175233,Servicer_A,SystemB
L000379,2026-07-29,current_status,196554,149410,Servicer_D,SystemB
L000378,2026-05-29,current_balance,100544,175690,Servicer_C,SystemA
L000343,2026-07-05,current_balance,169200,92803,Servicer_B,SystemA
L000155,2026-08-02,current_status,186142,188042,Servicer_D,SystemA
L000409,2026-07-28,interest_rate,185547,118290,Servicer_C,SystemA
L000419,2026-06-30,interest_rate,138965,116000,Servicer_D,SystemB
L000420,2026-07-22,current_status,168297,155491,Servicer_A,SystemA
L000088,2026-06-21,current_balance,137100,160951,Servicer_C,SystemA
L000482,2026-05-22,current_status,143964,125141,Servicer_C,SystemA
L000233,2026-07-26,interest_rate,167238,181742,Servicer_B,SystemB
L000407,2026-08-06,current_balance,162325,132005,Servicer_B,SystemA
L000239,2026-07-27,current_status,160142,146090,Servicer_D,SystemA
L000218,2026-08-20,interest_rate,193992,172753,Servicer_A,SystemB
L000491,2026-07-29,interest_rate,108465,165202,Servicer_C,SystemA
L000398,2026-08-11,current_status,198841,137158,Servicer_C,SystemB
L000245,2026-07-21,current_balance,105818,105362,Servicer_C,SystemB
L000397,2026-08-24,current_status,151161,100018,Servicer_C,SystemB
L000492,2026-08-09,interest_rate,119636,139902,Servicer_B,SystemB
L000420,2026-07-28,current_status,110559,106223,Servicer_C,SystemA
L000414,2026-06-01,current_balance,109292,169634,Servicer_B,SystemA
L000152,2026-07-30,current_balance,109459,172946,Servicer_C,SystemA
L000144,2026-07-25,current_status,167782,149436,Servicer_D,SystemA
L000151,2026-06-20,current_status,105524,117803,Servicer_A,SystemA
L000184,2026-08-13,current_balance,177610,152862,Servicer_B,SystemB
L000180,2026-06-10,current_status,134103,135218,Servicer_A,SystemA
L000475,2026-05-29,interest_rate,167191,165886,Servicer_B,SystemA
L000360,2026-07-06,current_balance,177947,155920,Servicer_D,SystemB
L000408,2026-06-15,current_status,188396,119013,Servicer_C,SystemA
L000262,2026-07-09,current_status,137290,126886,Servicer_A,SystemA
L000329,2026-06-05,interest_rate,127073,136521,Servicer_A,SystemB
L000179,2026-06-08,current_balance,198619,106904,Servicer_D,SystemA
L000213,2026-07-17,interest_rate,104191,171623,Servicer_C,SystemA
L000393,2026-07-15,current_status,173210,104704,Servicer_A,SystemB
L000109,2026-08-10,interest_rate,169032,189743,Servicer_B,SystemA
L000491,2026-06-14,current_balance,162197,109124,Servicer_B,SystemB
L000477,2026-06-28,current_status,137164,146453,Servicer_B,SystemB
L000102,2026-06-25,current_status,144701,109036,Servicer_C,SystemA
L000384,2026-07-12,interest_rate,123022,148127,Servicer_C,SystemA
L000093,2026-08-01,current_status,107863,148204,Servicer_B,SystemB
L000107,2026-08-16,current_status,123683,164866,Servicer_A,SystemA
L000071,2026-07-07,interest_rate,199385,120245,Servicer_C,SystemB
L000136,2026-07-25,current_status,162058,179350,Servicer_B,SystemB
L000128,2026-06-04,current_balance,102824,167499,Servicer_D,SystemB
L000214,2026-07-21,current_status,158616,167198,Servicer_A,SystemA
L000017,2026-07-25,interest_rate,109027,142555,Servicer_D,SystemB
L000294,2026-05-31,current_balance,176515,96388,Servicer_A,SystemB
L000053,2026-08-09,current_status,184905,161960,Servicer_D,SystemA
L000415,2026-08-24,current_balance,152111,123022,Servicer_C,SystemB
L000188,2026-07-02,current_balance,121486,140945,Servicer_B,SystemA
L000166,2026-07-14,interest_rate,105857,160096,Servicer_B,SystemA
L000344,2026-06-12,interest_rate,108607,172660,Servicer_B,SystemA
L000410,2026-05-21,interest_rate,148664,120599,Servicer_C,SystemB
L000040,2026-08-06,current_balance,167001,161863,Servicer_D,SystemB
L000459,2026-06-17,current_balance,179950,101287,Servicer_D,SystemA
L000397,2026-07-14,interest_rate,189664,168880,Servicer_B,SystemB
L000163,2026-08-10,current_balance,137185,145595,Servicer_C,SystemA
L000263,2026-06-19,current_status,147885,121590,Servicer_A,SystemA
L000140,2026-07-30,interest_rate,174312,187922,Servicer_B,SystemB
L000089,2026-08-06,current_balance,179095,147244,Servicer_B,SystemB
L000144,2026-06-11,interest_rate,119618,133001,Servicer_A,SystemB
L000240,2026-07-18,current_balance,172935,128218,Servicer_B,SystemB
L000393,2026-05-28,current_status,138624,146083,Servicer_A,SystemA
L000479,2026-06-22,current_status,137140,160471,Servicer_A,SystemA
L000247,2026-07-04,current_balance,179143,177486,Servicer_B,SystemA
L000072,2026-06-28,interest_rate,117798,160306,Servicer_B,SystemA
L000071,2026-08-15,current_balance,103504,188601,Servicer_B,SystemB
L000371,2026-08-06,current_balance,174018,130806,Servicer_C,SystemA
L000203,2026-08-07,interest_rate,195785,113155,Servicer_D,SystemA
L000027,2026-08-21,interest_rate,187309,97204,Servicer_C,SystemA
L000034,2026-05-24,interest_rate,192972,165233,Servicer_B,SystemA
L000001,2026-08-02,current_balance,121068,124016,Servicer_A,SystemA
L000112,2026-06-05,interest_rate,111025,156672,Servicer_C,SystemB
L000087,2026-06-05,interest_rate,163490,112571,Servicer_D,SystemA
L000482,2026-07-26,current_balance,181686,138238,Servicer_B,SystemA
L000424,2026-06-08,current_balance,193178,93904,Servicer_D,SystemB
L000158,2026-07-24,current_status,163681,114807,Servicer_A,SystemA
L000407,2026-08-23,current_balance,180398,146446,Servicer_A,SystemA
L000052,2026-08-23,interest_rate,112508,179324,Servicer_C,SystemB
L000324,2026-07-29,current_status,131445,104005,Servicer_D,SystemB
L000265,2026-08-02,interest_rate,145576,182201,Servicer_C,SystemA
L000092,2026-07-04,current_status,105469,189527,Servicer_C,SystemB
L000161,2026-06-09,current_status,198137,104158,Servicer_D,SystemA
L000026,2026-05-24,interest_rate,128423,176484,Servicer_A,SystemB
L000214,2026-07-28,interest_rate,191149,102075,Servicer_B,SystemA
L000397,2026-08-06,current_status,164579,128672,Servicer_B,SystemB
L000178,2026-05-24,interest_rate,145490,153218,Servicer_A,SystemA
L000151,2026-08-06,interest_rate,184396,141199,Servicer_C,SystemA
L000272,2026-06-02,interest_rate,119051,115295,Servicer_C,SystemB
L000475,2026-06-13,current_balance,124588,108422,Servicer_D,SystemA
L000061,2026-08-15,interest_rate,153765,177366,Servicer_B,SystemA
L000431,2026-07-08,interest_rate,146165,134972,Servicer_C,SystemB
L000306,2026-07-07,current_balance,183896,155947,Servicer_C,SystemA
L000189,2026-08-07,interest_rate,171714,108635,Servicer_A,SystemA
L000158,2026-06-17,interest_rate,196687,120674,Servicer_D,SystemA
L000428,2026-08-18,current_balance,128682,127133,Servicer_D,SystemB
L000392,2026-08-15,interest_rate,127082,100058,Servicer_A,SystemA
L000339,2026-08-04,interest_rate,175607,169670,Servicer_C,SystemA
L000418,2026-06-13,interest_rate,164292,135021,Servicer_C,SystemA
L000204,2026-05-26,interest_rate,137096,121705,Servicer_C,SystemB
L000361,2026-07-23,interest_rate,192228,162097,Servicer_D,SystemA
L000413,2026-06-30,current_balance,152851,90082,Servicer_B,SystemA
L000452,2026-06-01,interest_rate,188918,110231,Servicer_A,SystemB
L000136,2026-05-30,current_status,165648,181622,Servicer_B,SystemA
L000332,2026-07-25,current_status,180806,116444,Servicer_B,SystemA
L000098,2026-06-29,interest_rate,126296,143069,Servicer_A,SystemB
L000387,2026-08-24,current_status,168055,187406,Servicer_B,SystemA
L000341,2026-05-21,current_status,159291,104562,Servicer_C,SystemA
L000164,2026-08-07,current_balance,161849,157196,Servicer_C,SystemB
L000385,2026-08-05,current_status,120161,150984,Servicer_A,SystemB
L000006,2026-07-15,current_balance,129768,169575,Servicer_D,SystemB
L000315,2026-06-16,interest_rate,168274,157746,Servicer_A,SystemB
L000460,2026-07-22,current_balance,186655,92205,Servicer_B,SystemB
L000129,2026-06-28,interest_rate,176610,172238,Servicer_C,SystemB
L000134,2026-07-10,current_status,199732,108532,Servicer_A,SystemA
L000237,2026-06-19,current_balance,124518,141809,Servicer_D,SystemB
L000017,2026-05-29,current_status,152915,161387,Servicer_C,SystemA
L000474,2026-07-02,current_status,179602,183085,Servicer_C,SystemA
L000315,2026-07-05,current_balance,177248,180753,Servicer_C,SystemB
L000001,2026-08-06,current_status,185112,187147,Servicer_A,SystemA
L000440,2026-06-08,interest_rate,111175,148646,Servicer_A,SystemB
L000215,2026-05-27,interest_rate,132359,130095,Servicer_A,SystemA
L000411,2026-07-21,current_status,152178,160929,Servicer_B,SystemA
L000150,2026-08-15,current_balance,190905,182470,Servicer_B,SystemB
L000373,2026-07-19,current_status,178054,129139,Servicer_D,SystemB
L000385,2026-05-20,current_status,185733,111938,Servicer_C,SystemA
L000011,2026-07-06,current_status,163659,130279,Servicer_D,SystemA
L000316,2026-06-13,current_balance,129103,112229,Servicer_C,SystemA
L000441,2026-06-08,current_status,174663,103148,Servicer_A,SystemB
L000421,2026-06-16,interest_rate,197770,112157,Servicer_A,SystemA
L000206,2026-07-30,current_status,102176,152667,Servicer_B,SystemA
L000301,2026-06-05,current_balance,135295,118083,Servicer_D,SystemA
L000303,2026-07-25,current_status,143900,129114,Servicer_C,SystemA
L000014,2026-07-16,interest_rate,133461,168609,Servicer_D,SystemB
L000062,2026-05-18,current_balance,108211,102979,Servicer_C,SystemB
L000024,2026-07-09,interest_rate,140112,163682,Servicer_A,SystemB
L000304,2026-07-29,current_balance,188497,170089,Servicer_C,SystemB
L000127,2026-07-16,current_status,195789,97475,Servicer_A,SystemA
L000491,2026-08-10,current_status,150618,145057,Servicer_A,SystemB
L000277,2026-08-19,current_balance,138951,127080,Servicer_D,SystemB
L000215,2026-08-04,current_balance,157007,171630,Servicer_B,SystemB
L000441,2026-07-11,current_balance,165169,143699,Servicer_D,SystemB
L000016,2026-08-12,current_status,116141,108521,Servicer_A,SystemB
L000102,2026-05-26,interest_rate,167604,101318,Servicer_C,SystemB
L000169,2026-05-28,current_balance,146420,142619,Servicer_D,SystemA
L000140,2026-07-09,current_status,183085,144462,Servicer_A,SystemA
L000487,2026-05-19,current_balance,145232,96202,Servicer_A,SystemB
L000027,2026-06-29,current_balance,144848,109994,Servicer_C,SystemB
L000139,2026-05-23,interest_rate,173539,180520,Servicer_D,SystemB
L000362,2026-06-07,current_balance,172790,177746,Servicer_B,SystemB
L000185,2026-08-23,current_balance,191053,181626,Servicer_A,SystemB
L000165,2026-07-13,current_status,181801,107002,Servicer_D,SystemB
L000415,2026-05-23,current_status,105683,109276,Servicer_D,SystemB
L000480,2026-07-17,current_balance,176289,122229,Servicer_A,SystemA
L000360,2026-06-30,current_status,160068,154439,Servicer_D,SystemA
L000116,2026-07-19,interest_rate,146747,138099,Servicer_C,SystemA
L000242,2026-05-22,current_balance,119551,96751,Servicer_D,SystemB
L000261,2026-08-07,current_balance,171687,93117,Servicer_A,SystemA
L000474,2026-06-10,interest_rate,125014,138167,Servicer_C,SystemB
L000107,2026-07-06,interest_rate,156529,149705,Servicer_D,SystemA
L000066,2026-06-06,current_balance,126814,147696,Servicer_C,SystemA
L000468,2026-08-05,current_balance,160721,178469,Servicer_C,SystemB
L000234,2026-06-14,current_status,171451,160722,Servicer_D,SystemA
L000453,2026-06-29,current_balance,136833,154791,Servicer_A,SystemA
L000059,2026-05-20,current_balance,154943,178428,Servicer_D,SystemB
L000066,2026-08-24,interest_rate,116450,177533,Servicer_B,SystemB
L000273,2026-05-21,current_status,149692,138685,Servicer_A,SystemA
L000299,2026-06-07,current_balance,143859,186560,Servicer_C,SystemA
L000469,2026-08-03,current_balance,112249,111386,Servicer_A,SystemB
L000056,2026-06-18,current_status,131564,185486,Servicer_C,SystemB
L000094,2026-07-10,current_status,161877,114391,Servicer_A,SystemA
L000218,2026-07-08,current_balance,194982,137195,Servicer_B,SystemA
L000068,2026-07-15,current_balance,135731,101773,Servicer_B,SystemB
L000015,2026-08-06,current_status,136051,150019,Servicer_C,SystemA
L000008,2026-07-21,current_balance,198744,151057,Servicer_A,SystemB
L000249,2026-06-21,current_balance,145733,146274,Servicer_A,SystemA
L000078,2026-08-02,current_status,111433,156382,Servicer_A,SystemA
L000041,2026-08-24,current_balance,126054,116151,Servicer_A,SystemB
L000170,2026-07-14,current_balance,162769,101508,Servicer_C,SystemB
L000485,2026-08-16,interest_rate,156253,156769,Servicer_B,SystemB
L000251,2026-07-11,interest_rate,152115,176878,Servicer_A,SystemA
L000021,2026-05-27,current_status,140064,170517,Servicer_A,SystemB
L000087,2026-05-21,interest_rate,179642,174267,Servicer_D,SystemB
L000443,2026-08-15,current_balance,142820,92241,Servicer_B,SystemB
L000199,2026-07-08,current_status,147692,179136,Servicer_C,SystemB
L000182,2026-05-26,current_balance,168092,149964,Servicer_B,SystemB
L000433,2026-05-29,current_status,110361,131875,Servicer_C,SystemA
L000487,2026-08-17,interest_rate,116741,185554,Servicer_A,SystemB
L000370,2026-08-09,current_status,142335,169092,Servicer_C,SystemB
L000070,2026-06-20,current_status,123608,90921,Servicer_A,SystemB
L000052,2026-06-01,interest_rate,104090,183929,Servicer_C,SystemB
L000143,2026-06-12,current_balance,131055,185129,Servicer_D,SystemB
L000096,2026-07-10,current_balance,157206,90230,Servicer_B,SystemA
L000054,2026-05-27,current_status,122136,182963,Servicer_C,SystemA
L000463,2026-06-10,current_status,152001,162541,Servicer_A,SystemA
L000093,2026-06-06,current_status,144880,168638,Servicer_C,SystemB
L000489,2026-08-04,interest_rate,182202,103122,Servicer_B,SystemA
L000033,2026-07-21,current_balance,187270,100896,Servicer_C,SystemB
L000427,2026-07-07,current_balance,126641,132075,Servicer_A,SystemA
L000337,2026-07-10,current_status,195023,186914,Servicer_D,SystemA
L000443,2026-07-30,interest_rate,195230,152512,Servicer_B,SystemA
L000115,2026-08-04,current_balance,101875,171440,Servicer_D,SystemA
L000422,2026-07-13,interest_rate,185566,163860,Servicer_D,SystemA
L000333,2026-07-29,interest_rate,192382,185954,Servicer_B,SystemA
L000043,2026-06-24,current_status,188268,115196,Servicer_D,SystemA
L000106,2026-07-28,interest_rate,125261,114487,Servicer_A,SystemA
L000114,2026-07-09,current_status,124282,96231,Servicer_D,SystemB
L000430,2026-08-08,current_balance,149269,171665,Servicer_C,SystemB
L000105,2026-07-23,current_balance,153251,137634,Servicer_A,SystemB
L000134,2026-06-04,current_balance,118780,172472,Servicer_D,SystemB
L000408,2026-05-31,current_balance,111922,98651,Servicer_D,SystemB
L000420,2026-06-18,current_balance,163630,123738,Servicer_B,SystemA
L000155,2026-06-11,interest_rate,180639,172777,Servicer_B,SystemB
L000374,2026-07-06,interest_rate,189881,140370,Servicer_C,SystemA
L000123,2026-07-07,current_status,172201,133064,Servicer_A,SystemA
L000483,2026-05-30,interest_rate,174782,112887,Servicer_C,SystemB
L000345,2026-07-23,current_balance,174746,119613,Servicer_B,SystemB
L000189,2026-08-12,current_status,141133,98469,Servicer_C,SystemA
L000353,2026-07-11,current_status,152324,150221,Servicer_B,SystemA
L000191,2026-06-25,current_status,176371,137639,Servicer_D,SystemA
L000375,2026-06-10,interest_rate,118231,143539,Servicer_D,SystemA
L000214,2026-08-11,interest_rate,173966,162369,Servicer_C,SystemB
L000308,2026-05-30,interest_rate,120763,136316,Servicer_A,SystemA
L000475,2026-05-21,interest_rate,171978,131220,Servicer_C,SystemB
L000056,2026-07-25,interest_rate,166090,152474,Servicer_A,SystemA
L000444,2026-07-17,interest_rate,110715,122090,Servicer_D,SystemA
L000460,2026-08-21,current_status,149645,128896,Servicer_C,SystemA
L000017,2026-06-20,current_status,152693,157194,Servicer_D,SystemA
L000334,2026-07-26,current_balance,176069,166309,Servicer_C,SystemA
L000181,2026-08-12,current_balance,148073,103668,Servicer_C,SystemB
L000463,2026-05-23,current_status,165486,170731,Servicer_B,SystemB
L000010,2026-07-13,current_balance,168074,100772,Servicer_D,SystemB
L000275,2026-06-21,current_status,142687,174296,Servicer_C,SystemB
L000282,2026-06-13,current_status,137616,179652,Servicer_B,SystemB
L000151,2026-07-24,current_status,129596,138407,Servicer_D,SystemA
L000251,2026-07-16,interest_rate,197338,176672,Servicer_A,SystemA
L000141,2026-07-30,current_balance,134979,139232,Servicer_A,SystemA
L000157,2026-05-25,current_status,167875,187808,Servicer_B,SystemB
L000440,2026-07-12,current_balance,153004,132193,Servicer_B,SystemA
L000440,2026-07-29,interest_rate,163374,159334,Servicer_B,SystemA
L000253,2026-08-16,current_balance,198855,176791,Servicer_B,SystemB
L000376,2026-08-04,current_status,138539,132880,Servicer_A,SystemA
L000233,2026-05-27,current_balance,160168,96616,Servicer_A,SystemA
L000437,2026-08-11,interest_rate,198949,132115,Servicer_A,SystemB
L000173,2026-05-25,current_status,165656,185982,Servicer_B,SystemA
L000113,2026-07-31,current_balance,123282,120898,Servicer_B,SystemA
L000084,2026-06-06,current_balance,111050,100440,Servicer_B,SystemB
L000312,2026-08-14,current_balance,109748,99389,Servicer_C,SystemB
L000088,2026-08-18,interest_rate,102517,157698,Servicer_B,SystemA
L000399,2026-07-25,current_status,199966,179319,Servicer_C,SystemA
L000127,2026-05-30,current_balance,184823,98066,Servicer_D,SystemB
L000316,2026-08-20,current_status,162533,138809,Servicer_C,SystemB
L000018,2026-06-06,current_balance,136461,141724,Servicer_D,SystemB
L000466,2026-06-10,current_balance,161172,183967,Servicer_A,SystemA
L000117,2026-08-24,interest_rate,183859,128520,Servicer_A,SystemA
L000455,2026-07-03,current_balance,199792,141639,Servicer_D,SystemB
L000378,2026-07-14,current_balance,121695,119676,Servicer_B,SystemB
L000290,2026-08-08,interest_rate,137075,169821,Servicer_D,SystemA
L000287,2026-06-08,current_balance,114076,121719,Servicer_D,SystemA
L000476,2026-07-06,current_status,162095,185977,Servicer_C,SystemB
L000392,2026-06-09,current_balance,145772,118903,Servicer_C,SystemA
L000369,2026-05-20,current_balance,160949,175583,Servicer_D,SystemA
L000018,2026-06-11,current_status,199471,178201,Servicer_B,SystemA
L000384,2026-05-27,current_status,102446,159199,Servicer_B,SystemB
L000443,2026-07-30,interest_rate,193308,91010,Servicer_D,SystemA
L000278,2026-08-09,current_status,148308,92743,Servicer_B,SystemA
L000357,2026-07-14,interest_rate,155530,90793,Servicer_C,SystemB
L000264,2026-07-20,interest_rate,105305,99963,Servicer_C,SystemB
L000245,2026-07-07,interest_rate,140433,184028,Servicer_A,SystemB
L000354,2026-06-03,current_balance,145449,117423,Servicer_D,SystemA
L000119,2026-07-26,interest_rate,181194,151652,Servicer_C,SystemA
L000264,2026-05-24,current_balance,100906,159027,Servicer_B,SystemA
L000199,2026-06-24,current_status,160832,100373,Servicer_A,SystemA
L000106,2026-07-12,current_status,184199,99247,Servicer_D,SystemA
L000142,2026-07-22,current_balance,135808,152450,Servicer_B,SystemB
L000127,2026-06-17,interest_rate,183320,95951,Servicer_D,SystemB
L000365,2026-08-09,interest_rate,161721,113684,Servicer_D,SystemB
L000244,2026-06-04,current_balance,135366,93758,Servicer_B,SystemA
L000460,2026-06-06,current_balance,133082,97614,Servicer_C,SystemA
L000206,2026-08-04,current_status,161761,159286,Servicer_C,SystemA
L000264,2026-05-30,current_balance,129644,94833,Servicer_D,SystemA
L000271,2026-05-19,current_status,193380,181886,Servicer_A,SystemB
L000039,2026-06-28,current_balance,183963,91462,Servicer_C,SystemB
L000259,2026-07-09,current_balance,117356,185744,Servicer_C,SystemB
L000405,2026-08-19,current_status,173792,130760,Servicer_C,SystemB
L000097,2026-06-23,current_status,162507,123316,Servicer_D,SystemB
L000020,2026-05-20,interest_rate,149928,155828,Servicer_C,SystemB
L000262,2026-06-12,current_balance,102462,108255,Servicer_D,SystemA
L000417,2026-07-24,interest_rate,169841,170552,Servicer_D,SystemA
L000473,2026-06-25,interest_rate,199482,150396,Servicer_B,SystemB
L000440,2026-07-15,current_status,190258,107842,Servicer_A,SystemB
L000474,2026-06-01,current_status,148041,98437,Servicer_B,SystemB
L000081,2026-07-20,current_balance,165628,115296,Servicer_D,SystemA
L000172,2026-06-25,current_balance,199859,120033,Servicer_C,SystemA
L000035,2026-06-20,current_status,196207,140891,Servicer_D,SystemA
L000108,2026-05-20,current_balance,140855,95138,Servicer_C,SystemA
L000233,2026-06-13,current_balance,196695,147570,Servicer_C,SystemB
L000067,2026-06-28,current_status,127014,128505,Servicer_D,SystemB
L000353,2026-06-12,current_balance,122726,164891,Servicer_A,SystemA
L000354,2026-05-23,current_balance,123607,151400,Servicer_A,SystemA
L000201,2026-08-01,current_status,194964,115576,Servicer_A,SystemB
L000413,2026-08-23,interest_rate,174461,92102,Servicer_A,SystemA
L000234,2026-07-16,current_balance,194412,129953,Servicer_D,SystemB
L000183,2026-07-21,interest_rate,129490,170040,Servicer_A,SystemB
L000416,2026-08-09,current_balance,131155,181269,Servicer_B,SystemA
L000150,2026-07-12,current_balance,143831,126236,Servicer_B,SystemA
L000070,2026-06-25,interest_rate,199898,178581,Servicer_C,SystemB
L000221,2026-05-31,current_status,127824,122571,Servicer_D,SystemA
L000385,2026-05-29,interest_rate,158831,183270,Servicer_C,SystemB
L000178,2026-05-31,current_balance,100966,90145,Servicer_A,SystemB
L000410,2026-08-01,current_status,181875,117328,Servicer_A,SystemA
L000020,2026-07-09,current_balance,173359,124514,Servicer_A,SystemA
L000147,2026-08-14,current_status,188279,171354,Servicer_B,SystemB
L000149,2026-06-25,interest_rate,198359,167214,Servicer_C,SystemB
L000045,2026-07-04,current_balance,151489,179811,Servicer_D,SystemB
L000195,2026-08-24,current_balance,111965,126977,Servicer_D,SystemB
L000200,2026-05-22,current_status,110016,92331,Servicer_D,SystemB
L000004,2026-07-30,current_status,125773,112358,Servicer_D,SystemA
L000460,2026-06-16,current_status,116384,177281,Servicer_C,SystemA
L000388,2026-06-08,current_status,126077,141781,Servicer_C,SystemB
L000132,2026-05-29,current_status,182082,101230,Servicer_B,SystemA
L000294,2026-06-19,current_status,187428,185249,Servicer_D,SystemB
L000018,2026-08-17,current_balance,124247,156936,Servicer_D,SystemA
L000199,2026-08-12,current_balance,175307,97322,Servicer_C,SystemA
L000119,2026-06-30,current_status,197861,141562,Servicer_D,SystemB
L000184,2026-06-09,current_status,187723,107152,Servicer_B,SystemB
L000063,2026-07-17,current_balance,126758,120765,Servicer_B,SystemA
L000286,2026-05-28,current_status,128717,92339,Servicer_D,SystemB
L000411,2026-08-20,current_status,176215,116449,Servicer_B,SystemB
L000138,2026-06-28,current_balance,179154,185836,Servicer_B,SystemA
L000376,2026-07-08,current_status,148211,99398,Servicer_D,SystemB
L000058,2026-06-23,current_balance,189120,166495,Servicer_B,SystemA
L000109,2026-06-22,current_status,179112,127294,Servicer_B,SystemB
L000438,2026-07-22,current_status,145987,173844,Servicer_A,SystemA
L000142,2026-06-12,interest_rate,119614,99287,Servicer_B,SystemB
L000091,2026-06-06,current_balance,117078,172988,Servicer_D,SystemB
L000170,2026-06-11,current_balance,175911,139858,Servicer_D,SystemB
L000052,2026-06-06,interest_rate,101425,145450,Servicer_D,SystemB
L000253,2026-06-12,current_status,158641,108104,Servicer_A,SystemB
L000367,2026-06-05,interest_rate,180295,111971,Servicer_B,SystemA
L000481,2026-06-09,interest_rate,182876,156666,Servicer_C,SystemA
L000370,2026-07-31,current_balance,134653,166436,Servicer_D,SystemB
L000379,2026-07-31,current_balance,120754,161356,Servicer_B,SystemB
L000058,2026-08-21,current_status,104917,128271,Servicer_B,SystemB
L000319,2026-08-07,current_balance,141933,189358,Servicer_A,SystemB
L000302,2026-05-18,current_status,143311,187623,Servicer_D,SystemB
L000165,2026-08-05,current_balance,192486,98676,Servicer_B,SystemA
L000134,2026-08-12,current_balance,182370,101182,Servicer_C,SystemA
L000230,2026-06-02,interest_rate,187620,179027,Servicer_B,SystemB
L000409,2026-08-03,current_balance,127730,186288,Servicer_D,SystemB
L000478,2026-08-05,current_status,142545,125426,Servicer_C,SystemA
L000302,2026-06-05,current_balance,193263,174142,Servicer_D,SystemB
L000218,2026-06-11,interest_rate,140201,169429,Servicer_A,SystemA
L000074,2026-07-03,interest_rate,170136,166899,Servicer_B,SystemA
L000164,2026-06-07,current_status,140865,96316,Servicer_C,SystemA
L000215,2026-06-14,current_balance,161314,121776,Servicer_A,SystemB
L000387,2026-07-06,current_balance,199895,178128,Servicer_B,SystemA
L000256,2026-08-11,current_status,125239,94429,Servicer_B,SystemA
L000465,2026-06-27,current_status,191929,153144,Servicer_B,SystemA
L000153,2026-07-21,current_balance,169159,98431,Servicer_C,SystemB
L000041,2026-07-19,interest_rate,156136,131596,Servicer_A,SystemB
L000164,2026-07-14,current_status,105046,141495,Servicer_C,SystemB
L000235,2026-06-20,current_status,196278,154679,Servicer_A,SystemB
L000252,2026-08-03,current_balance,172111,168506,Servicer_B,SystemB
L000097,2026-08-23,current_balance,172076,99055,Servicer_D,SystemA
L000354,2026-08-01,current_status,137944,142239,Servicer_C,SystemB
L000356,2026-08-07,current_status,110051,116600,Servicer_B,SystemA
L000308,2026-06-20,interest_rate,138867,121910,Servicer_D,SystemB
L000087,2026-07-24,interest_rate,109009,135256,Servicer_C,SystemA
L000141,2026-07-15,current_balance,169072,147690,Servicer_A,SystemB
L000002,2026-08-23,current_balance,137241,123525,Servicer_A,SystemB
L000186,2026-08-22,current_status,151970,158399,Servicer_D,SystemA
L000017,2026-05-26,current_balance,101646,151308,Servicer_A,SystemA
L000313,2026-07-13,current_status,119332,128847,Servicer_B,SystemB
L000163,2026-07-08,current_balance,132855,133519,Servicer_A,SystemB
L000299,2026-06-08,current_status,162847,162858,Servicer_C,SystemA
L000295,2026-08-08,current_status,124495,181602,Servicer_C,SystemB
L000065,2026-08-14,current_status,138512,169143,Servicer_D,SystemB
L000379,2026-07-30,interest_rate,106914,181514,Servicer_C,SystemA
L000390,2026-07-22,current_status,137472,158439,Servicer_D,SystemB
L000034,2026-06-21,current_balance,197819,133358,Servicer_A,SystemB
L000359,2026-07-31,current_status,125021,135144,Servicer_A,SystemB
L000208,2026-07-30,current_balance,112772,118044,Servicer_A,SystemB
L000214,2026-05-30,current_balance,187424,104963,Servicer_C,SystemB
L000284,2026-08-02,interest_rate,100992,171925,Servicer_D,SystemA
L000019,2026-08-03,current_balance,136167,181253,Servicer_D,SystemB
L000106,2026-07-22,current_status,191356,181794,Servicer_A,SystemA
L000458,2026-05-18,current_status,193995,163934,Servicer_A,SystemA
L000092,2026-08-19,interest_rate,115813,128984,Servicer_A,SystemB
L000456,2026-08-05,current_status,165975,149602,Servicer_B,SystemB
L000320,2026-08-22,current_status,156228,142697,Servicer_B,SystemA
L000239,2026-06-15,current_status,118748,171229,Servicer_A,SystemA
L000067,2026-06-22,interest_rate,128198,175143,Servicer_B,SystemB
L000052,2026-07-05,current_status,150952,178134,Servicer_D,SystemB
L000273,2026-08-08,current_status,148663,136228,Servicer_A,SystemB
L000183,2026-07-13,interest_rate,115908,135630,Servicer_A,SystemB
L000118,2026-07-09,current_status,123073,123871,Servicer_D,SystemB
L000329,2026-06-01,interest_rate,124098,153309,Servicer_B,SystemB
L000264,2026-07-16,current_balance,129825,183356,Servicer_B,SystemB
L000031,2026-06-17,current_balance,190111,179241,Servicer_A,SystemA
L000050,2026-06-25,current_status,116653,154303,Servicer_C,SystemB
L000114,2026-08-16,current_status,152136,126963,Servicer_A,SystemB
L000475,2026-06-20,interest_rate,169322,176425,Servicer_B,SystemA
L000351,2026-07-28,current_status,155229,159358,Servicer_C,SystemB
L000446,2026-08-22,interest_rate,189693,175627,Servicer_C,SystemB
L000312,2026-08-08,interest_rate,135123,135656,Servicer_A,SystemB
L000472,2026-06-14,current_balance,153786,104772,Servicer_C,SystemA
L000307,2026-05-23,interest_rate,183838,98391,Servicer_C,SystemA
L000085,2026-07-28,current_status,169560,182307,Servicer_D,SystemA
L000494,2026-08-14,interest_rate,123760,125670,Servicer_C,SystemA
L000490,2026-06-18,current_status,128743,140967,Servicer_C,SystemA
L000420,2026-07-19,current_balance,174933,142591,Servicer_D,SystemB
L000258,2026-07-26,interest_rate,169227,171255,Servicer_B,SystemB
L000330,2026-06-16,interest_rate,110709,130312,Servicer_A,SystemA
L000179,2026-06-22,current_balance,114528,101654,Servicer_D,SystemA
L000223,2026-05-27,current_status,186356,177166,Servicer_A,SystemB
L000219,2026-08-01,interest_rate,109860,150654,Servicer_C,SystemA
L000158,2026-05-19,interest_rate,177262,156499,Servicer_D,SystemA
L000114,2026-08-12,current_balance,178022,134111,Servicer_A,SystemB
L000253,2026-07-22,interest_rate,114556,143105,Servicer_D,SystemA
L000271,2026-08-08,current_status,145115,165318,Servicer_A,SystemA
L000121,2026-07-06,interest_rate,195316,185429,Servicer_B,SystemB
L000014,2026-06-19,current_status,114151,103240,Servicer_D,SystemB
L000136,2026-08-05,interest_rate,124823,151040,Servicer_D,SystemA
L000162,2026-07-09,current_balance,133505,132898,Servicer_A,SystemA
L000164,2026-06-11,current_status,122707,151411,Servicer_B,SystemA
L000342,2026-08-10,current_status,181082,97382,Servicer_A,SystemB
L000147,2026-06-29,current_balance,113413,160640,Servicer_A,SystemA
L000485,2026-07-27,current_balance,116413,99904,Servicer_C,SystemB
L000410,2026-06-06,current_status,185663,135228,Servicer_D,SystemB
L000334,2026-06-01,current_balance,137256,131138,Servicer_B,SystemA
L000231,2026-05-18,current_balance,146795,105751,Servicer_C,SystemA
L000075,2026-07-28,current_balance,103780,168676,Servicer_C,SystemB
L000015,2026-07-16,interest_rate,101123,131174,Servicer_A,SystemA
L000200,2026-07-18,interest_rate,130152,131352,Servicer_D,SystemB
L000112,2026-07-24,current_balance,102872,116048,Servicer_A,SystemA
L000262,2026-07-11,current_balance,188789,124064,Servicer_B,SystemB
L000257,2026-05-26,current_balance,120857,125257,Servicer_B,SystemA
L000417,2026-06-14,interest_rate,194104,173802,Servicer_D,SystemA
L000076,2026-06-05,interest_rate,144892,122228,Servicer_B,SystemB
L000016,2026-06-23,current_balance,155584,160618,Servicer_A,SystemB
L000360,2026-05-21,interest_rate,164022,165611,Servicer_A,SystemB
L000381,2026-06-08,interest_rate,125061,136100,Servicer_C,SystemB
L000174,2026-06-04,current_balance,156804,127187,Servicer_D,SystemA
L000488,2026-08-09,interest_rate,173684,133389,Servicer_B,SystemA
L000125,2026-06-09,interest_rate,132935,185409,Servicer_A,SystemB
L000020,2026-05-23,current_status,175360,169407,Servicer_B,SystemB
L000303,2026-06-13,interest_rate,156161,156539,Servicer_A,SystemA
L000281,2026-06-18,interest_rate,120968,90561,Servicer_A,SystemA
L000036,2026-05-29,interest_rate,189992,170251,Servicer_C,SystemB
L000499,2026-07-29,current_balance,145644,162169,Servicer_B,SystemA
L000263,2026-06-01,current_balance,168370,101763,Servicer_B,SystemA
L000334,2026-07-22,current_balance,126685,138889,Servicer_A,SystemB
L000039,2026-06-29,current_balance,192763,184513,Servicer_A,SystemA
L000302,2026-08-18,current_status,147043,118905,Servicer_A,SystemB
L000118,2026-06-21,current_status,165132,145559,Servicer_C,SystemB
L000379,2026-07-06,current_balance,157774,139325,Servicer_D,SystemB
L000275,2026-06-13,current_balance,107237,98532,Servicer_A,SystemA
L000311,2026-06-18,current_balance,152511,183465,Servicer_D,SystemB
L000303,2026-07-10,current_balance,141512,163204,Servicer_A,SystemB
L000019,2026-08-05,current_balance,189858,181448,Servicer_C,SystemB
L000114,2026-07-02,interest_rate,175176,144976,Servicer_D,SystemA
L000064,2026-06-11,interest_rate,134104,137597,Servicer_D,SystemA
L000116,2026-07-20,current_status,127999,148137,Servicer_D,SystemA
L000068,2026-05-29,interest_rate,114872,147737,Servicer_B,SystemA
L000383,2026-08-08,current_balance,187920,121354,Servicer_B,SystemB
L000338,2026-07-24,current_status,118921,116266,Servicer_B,SystemA
L000142,2026-08-20,current_status,177306,164172,Servicer_D,SystemA
L000117,2026-07-22,interest_rate,172256,127551,Servicer_A,SystemA
L000310,2026-05-22,current_balance,115513,156517,Servicer_B,SystemA
L000192,2026-06-06,current_status,191468,125574,Servicer_B,SystemA
L000247,2026-06-23,current_status,185866,129008,Servicer_A,SystemB
L000259,2026-07-30,interest_rate,118874,143639,Servicer_C,SystemB
L000447,2026-06-28,current_balance,143009,143225,Servicer_B,SystemA
L000336,2026-07-22,interest_rate,105933,150670,Servicer_C,SystemB
L000109,2026-06-30,current_balance,145314,112390,Servicer_C,SystemB
L000144,2026-07-30,interest_rate,114016,181301,Servicer_C,SystemA
L000262,2026-07-12,current_balance,125296,127473,Servicer_C,SystemB
L000150,2026-06-28,interest_rate,121596,110130,Servicer_A,SystemA
L000067,2026-07-27,interest_rate,182029,112403,Servicer_D,SystemA
L000131,2026-08-22,interest_rate,102773,174875,Servicer_C,SystemA
L000040,2026-06-02,current_status,187929,140305,Servicer_A,SystemB
L000354,2026-08-16,current_status,184490,146759,Servicer_D,SystemA
L000408,2026-08-23,current_balance,162064,172359,Servicer_A,SystemB
L000311,2026-06-03,current_status,116572,118284,Servicer_C,SystemB
L000174,2026-05-26,interest_rate,159449,101732,Servicer_B,SystemB
L000396,2026-08-24,current_status,190352,153730,Servicer_B,SystemB
L000136,2026-07-13,current_balance,129369,103479,Servicer_B,SystemA
L000043,2026-06-15,current_balance,150808,156190,Servicer_A,SystemA
L000433,2026-06-16,current_balance,154306,130479,Servicer_D,SystemB
L000141,2026-05-28,current_balance,118026,160344,Servicer_D,SystemB
L000473,2026-05-23,current_balance,191676,171105,Servicer_C,SystemB
L000484,2026-07-06,current_balance,147451,161466,Servicer_B,SystemA
L000237,2026-06-09,interest_rate,151632,141199,Servicer_A,SystemB
L000145,2026-06-16,interest_rate,154084,104158,Servicer_D,SystemB
L000174,2026-08-19,current_balance,114714,168850,Servicer_B,SystemB
L000091,2026-08-19,current_balance,136073,152759,Servicer_C,SystemA
L000139,2026-06-03,interest_rate,140990,145989,Servicer_D,SystemA
L000265,2026-07-28,interest_rate,128455,119108,Servicer_A,SystemB
L000020,2026-08-16,current_balance,170656,181412,Servicer_B,SystemA
L000366,2026-06-23,current_status,135541,116544,Servicer_D,SystemB
L000486,2026-08-20,interest_rate,178864,170980,Servicer_A,SystemB
L000105,2026-07-02,current_status,114248,120575,Servicer_B,SystemB
L000081,2026-06-19,current_balance,107820,187612,Servicer_A,SystemA
L000345,2026-07-30,interest_rate,184742,137832,Servicer_B,SystemB
L000283,2026-08-22,interest_rate,177649,110143,Servicer_C,SystemB
L000113,2026-05-31,interest_rate,108530,123867,Servicer_A,SystemA
L000075,2026-08-17,current_status,139386,188945,Servicer_C,SystemB
L000378,2026-07-06,current_status,176517,136526,Servicer_B,SystemA
L000317,2026-08-21,current_balance,134186,94192,Servicer_D,SystemB
L000334,2026-08-02,interest_rate,177794,144753,Servicer_D,SystemB
L000379,2026-05-25,current_balance,130269,111574,Servicer_B,SystemA
L000481,2026-08-14,current_balance,145441,171584,Servicer_A,SystemA
L000250,2026-08-01,current_status,183011,169340,Servicer_D,SystemB
L000465,2026-06-03,current_status,124501,95338,Servicer_C,SystemB
L000469,2026-06-24,current_balance,131002,177637,Servicer_C,SystemA
L000230,2026-07-11,current_balance,128077,112627,Servicer_A,SystemB
L000025,2026-06-10,interest_rate,191719,100152,Servicer_D,SystemB
L000162,2026-05-29,current_balance,102668,123277,Servicer_A,SystemB
L000214,2026-07-12,interest_rate,193899,134522,Servicer_C,SystemA
L000181,2026-07-01,current_balance,121856,96085,Servicer_A,SystemA
L000162,2026-05-28,current_balance,118069,94400,Servicer_A,SystemA
L000466,2026-08-06,interest_rate,125581,178479,Servicer_C,SystemA
L000145,2026-06-08,interest_rate,193636,118852,Servicer_B,SystemA
L000188,2026-07-25,current_status,177042,153207,Servicer_A,SystemB
L000014,2026-05-21,current_status,124870,94449,Servicer_C,SystemB
L000277,2026-06-04,interest_rate,144928,149842,Servicer_B,SystemA
L000498,2026-06-16,current_status,113240,117322,Servicer_D,SystemB
L000033,2026-08-12,interest_rate,140448,127828,Servicer_B,SystemA
L000294,2026-07-22,current_balance,137272,101500,Servicer_B,SystemA
L000483,2026-07-03,interest_rate,181369,172023,Servicer_B,SystemA
L000288,2026-08-03,current_status,181753,113977,Servicer_C,SystemA
L000164,2026-06-23,current_status,100206,137446,Servicer_B,SystemB
L000446,2026-08-01,current_status,135716,111781,Servicer_C,SystemA
L000061,2026-07-01,current_status,148389,94889,Servicer_A,SystemB
L000155,2026-07-01,current_balance,175347,138325,Servicer_A,SystemA
L000132,2026-07-29,current_balance,186184,106847,Servicer_A,SystemA
L000108,2026-05-30,interest_rate,172977,112670,Servicer_D,SystemB
L000072,2026-06-27,interest_rate,198323,97534,Servicer_D,SystemA
L000421,2026-06-23,current_balance,185366,114464,Servicer_D,SystemA
L000489,2026-05-21,interest_rate,113338,129414,Servicer_B,SystemB
L000377,2026-07-11,interest_rate,186118,153896,Servicer_C,SystemA
L000159,2026-08-14,current_status,149187,133891,Servicer_D,SystemB
L000168,2026-07-22,current_balance,142342,121528,Servicer_C,SystemB
L000246,2026-05-19,current_balance,179373,128373,Servicer_D,SystemB
L000129,2026-07-20,current_balance,196553,154841,Servicer_A,SystemA
L000466,2026-06-14,interest_rate,106746,128688,Servicer_A,SystemB
L000396,2026-05-21,interest_rate,131271,105574,Servicer_C,SystemB
L000037,2026-07-26,current_status,174486,114328,Servicer_B,SystemA
L000146,2026-08-13,interest_rate,198108,138977,Servicer_B,SystemB
L000214,2026-07-30,current_balance,197653,128976,Servicer_B,SystemB
L000392,2026-07-28,current_status,147902,92657,Servicer_C,SystemA
L000333,2026-06-08,current_status,130364,107851,Servicer_D,SystemA
L000376,2026-07-10,interest_rate,149538,108811,Servicer_D,SystemA
L000279,2026-08-16,current_balance,126035,144428,Servicer_B,SystemA
L000424,2026-07-08,current_status,108621,180318,Servicer_B,SystemB
L000226,2026-08-20,interest_rate,182017,131539,Servicer_D,SystemB
L000105,2026-07-03,current_balance,123884,173142,Servicer_C,SystemB
L000242,2026-07-04,interest_rate,161313,145274,Servicer_B,SystemA
L000253,2026-05-28,interest_rate,123401,93502,Servicer_B,SystemB
L000478,2026-05-24,current_status,193523,186552,Servicer_D,SystemA
L000019,2026-08-15,interest_rate,138992,187618,Servicer_A,SystemA
L000392,2026-06-13,current_status,115158,162339,Servicer_D,SystemA
L000063,2026-06-28,current_balance,198492,180361,Servicer_A,SystemA
L000358,2026-05-18,current_status,119668,123295,Servicer_A,SystemB
L000105,2026-06-20,current_status,103438,157268,Servicer_C,SystemA
L000337,2026-07-08,current_status,194150,153148,Servicer_A,SystemA
L000463,2026-07-09,interest_rate,107608,179506,Servicer_B,SystemB
L000101,2026-06-27,current_balance,145224,172253,Servicer_C,SystemA
L000173,2026-06-26,current_balance,105438,123733,Servicer_B,SystemA
L000451,2026-06-29,current_status,150836,165982,Servicer_A,SystemA
L000248,2026-08-06,current_balance,126799,146338,Servicer_B,SystemB
L000181,2026-05-19,interest_rate,112480,145863,Servicer_D,SystemA
L000174,2026-05-29,interest_rate,187198,176955,Servicer_A,SystemA
L000266,2026-07-06,current_balance,163935,94317,Servicer_B,SystemB
L000096,2026-06-03,current_balance,175702,185676,Servicer_A,SystemA
L000484,2026-08-13,current_balance,176383,167771,Servicer_B,SystemA
L000410,2026-08-09,current_status,117179,112338,Servicer_B,SystemB
L000069,2026-06-19,interest_rate,195603,98149,Servicer_A,SystemB
L000355,2026-07-19,interest_rate,104721,150909,Servicer_D,SystemA
L000049,2026-07-28,interest_rate,152648,127122,Servicer_A,SystemA
L000294,2026-05-27,current_status,131114,164048,Servicer_B,SystemA
L000276,2026-07-17,current_balance,152002,155370,Servicer_A,SystemA
L000055,2026-08-05,current_balance,179986,98977,Servicer_B,SystemA
L000475,2026-07-11,current_balance,144588,92575,Servicer_A,SystemA
L000471,2026-07-22,interest_rate,130925,147286,Servicer_B,SystemA
L000418,2026-05-29,interest_rate,120341,164015,Servicer_A,SystemB
L000430,2026-05-18,current_balance,150509,141195,Servicer_D,SystemB
L000371,2026-08-19,current_balance,174284,96328,Servicer_A,SystemB
L000098,2026-07-13,current_balance,132586,91210,Servicer_C,SystemA
L000236,2026-05-28,current_balance,193628,109511,Servicer_C,SystemA
L000136,2026-07-16,current_status,179163,122474,Servicer_B,SystemB
L000354,2026-07-19,current_balance,173732,96734,Servicer_A,SystemB
L000254,2026-06-09,interest_rate,146575,164576,Servicer_B,SystemB
L000196,2026-07-11,interest_rate,165645,154384,Servicer_B,SystemB
L000216,2026-05-29,current_status,156043,130455,Servicer_C,SystemB
L000085,2026-06-16,current_status,168774,126352,Servicer_C,SystemA
L000319,2026-07-23,current_balance,139163,132550,Servicer_D,SystemA
L000002,2026-06-04,interest_rate,191268,160641,Servicer_C,SystemB
L000026,2026-08-02,current_balance,110969,180858,Servicer_A,SystemB
L000488,2026-07-11,interest_rate,136419,158203,Servicer_D,SystemB
L000252,2026-06-22,interest_rate,123990,140356,Servicer_A,SystemA
L000271,2026-08-21,interest_rate,127376,100631,Servicer_D,SystemA
L000112,2026-07-07,interest_rate,175282,170388,Servicer_C,SystemB
L000433,2026-07-05,current_balance,137459,120757,Servicer_D,SystemA
L000068,2026-08-23,current_status,102513,134304,Servicer_D,SystemB
L000493,2026-08-23,interest_rate,102301,90752,Servicer_B,SystemA
L000413,2026-07-22,current_balance,137405,128320,Servicer_D,SystemA
L000172,2026-06-24,current_status,129458,187640,Servicer_A,SystemB
L000454,2026-08-15,current_status,138424,134557,Servicer_C,SystemB
L000093,2026-06-11,current_status,119912,146401,Servicer_D,SystemB
L000466,2026-06-08,interest_rate,184777,169833,Servicer_A,SystemA
L000164,2026-08-22,current_status,125040,137432,Servicer_A,SystemA
L000363,2026-07-25,current_balance,123657,126632,Servicer_C,SystemA
L000100,2026-05-19,current_balance,151184,139072,Servicer_B,SystemA
L000393,2026-07-19,current_balance,111755,187892,Servicer_D,SystemB
L000366,2026-08-12,current_balance,177506,158165,Servicer_A,SystemB
L000009,2026-06-21,current_balance,164369,115683,Servicer_D,SystemB
L000495,2026-05-25,current_balance,155732,93433,Servicer_A,SystemA
L000163,2026-05-24,current_balance,193417,131561,Servicer_C,SystemA
L000364,2026-07-09,current_balance,167634,92886,Servicer_C,SystemA
L000208,2026-08-13,interest_rate,158146,114862,Servicer_A,SystemB
L000380,2026-07-20,current_balance,147095,109323,Servicer_C,SystemB
L000188,2026-06-03,interest_rate,148976,133488,Servicer_B,SystemB
L000049,2026-07-04,interest_rate,185064,149215,Servicer_C,SystemA
L000120,2026-07-30,current_status,168114,124283,Servicer_C,SystemB
L000234,2026-05-30,interest_rate,155971,106795,Servicer_A,SystemB
L000005,2026-06-29,current_balance,174764,175285,Servicer_C,SystemA
L000141,2026-06-06,interest_rate,145578,166556,Servicer_A,SystemB
L000059,2026-08-03,current_balance,127230,150415,Servicer_D,SystemA
L000082,2026-06-12,current_balance,111565,149832,Servicer_C,SystemA
L000229,2026-06-13,current_balance,174910,92028,Servicer_B,SystemA
L000010,2026-08-12,current_status,183356,163050,Servicer_A,SystemB
L000049,2026-08-13,current_status,163052,105545,Servicer_B,SystemB
L000253,2026-06-30,interest_rate,125052,125180,Servicer_D,SystemA
L000421,2026-08-06,current_balance,168906,186261,Servicer_D,SystemB
L000383,2026-08-20,interest_rate,184133,181092,Servicer_C,SystemA
L000434,2026-08-19,current_balance,137261,167203,Servicer_C,SystemA
L000388,2026-06-24,interest_rate,165380,94878,Servicer_C,SystemA
L000033,2026-06-24,current_balance,191561,104570,Servicer_D,SystemA
L000299,2026-05-25,current_balance,186901,121829,Servicer_A,SystemA
L000258,2026-06-18,current_status,100039,186294,Servicer_D,SystemA
L000022,2026-06-12,current_balance,122902,99636,Servicer_A,SystemB
L000211,2026-06-16,interest_rate,119220,110170,Servicer_C,SystemA
L000085,2026-07-18,current_status,142661,164267,Servicer_D,SystemA
L000171,2026-05-25,current_balance,103139,180002,Servicer_C,SystemB
L000405,2026-06-20,interest_rate,104119,150729,Servicer_D,SystemB
L000191,2026-07-14,current_balance,155876,122204,Servicer_B,SystemB
L000033,2026-07-29,interest_rate,188671,152061,Servicer_A,SystemA
L000061,2026-06-30,current_status,102143,154512,Servicer_A,SystemB
L000458,2026-07-11,interest_rate,187528,180323,Servicer_A,SystemA
L000180,2026-07-14,current_balance,102500,178289,Servicer_A,SystemA
L000287,2026-08-11,interest_rate,132015,132289,Servicer_C,SystemB
L000119,2026-07-29,current_status,174195,138691,Servicer_D,SystemB
L000398,2026-08-23,current_status,192121,173018,Servicer_D,SystemB
L000281,2026-05-27,current_balance,131517,128664,Servicer_C,SystemA
L000458,2026-05-23,current_balance,152493,143970,Servicer_D,SystemA
L000098,2026-05-19,current_balance,154469,94406,Servicer_A,SystemB
L000247,2026-07-02,interest_rate,121590,93278,Servicer_A,SystemA
L000283,2026-07-21,current_balance,107064,92608,Servicer_C,SystemA
L000392,2026-07-17,current_status,111712,90937,Servicer_C,SystemA
L000217,2026-07-31,current_balance,153800,159226,Servicer_D,SystemA
L000199,2026-07-09,current_balance,120891,148739,Servicer_C,SystemB
L000266,2026-05-28,current_balance,191140,135956,Servicer_B,SystemA
L000034,2026-07-24,interest_rate,107715,116982,Servicer_D,SystemA
L000080,2026-07-14,interest_rate,155520,167131,Servicer_A,SystemB
L000301,2026-08-08,current_balance,118092,188345,Servicer_D,SystemB
L000114,2026-08-09,current_balance,157406,113118,Servicer_A,SystemA
L000105,2026-07-31,interest_rate,104964,121976,Servicer_B,SystemA
L000288,2026-05-20,current_balance,143789,147089,Servicer_B,SystemB
L000014,2026-06-04,interest_rate,139091,95901,Servicer_A,SystemA
L000087,2026-06-14,current_status,156576,177572,Servicer_C,SystemA
L000164,2026-06-17,current_status,148006,149008,Servicer_D,SystemA
L000048,2026-08-07,interest_rate,136116,104317,Servicer_C,SystemA
L000472,2026-07-09,current_balance,102087,149475,Servicer_C,SystemA
L000165,2026-05-31,current_status,144388,165271,Servicer_D,SystemA
L000202,2026-06-13,current_status,157783,105714,Servicer_C,SystemB
L000226,2026-07-29,current_status,147141,163003,Servicer_A,SystemB
L000150,2026-07-15,interest_rate,126695,160712,Servicer_C,SystemB
L000013,2026-07-07,current_balance,102991,182943,Servicer_C,SystemB
L000441,2026-07-08,current_status,169160,187441,Servicer_D,SystemB
L000293,2026-07-30,current_status,175330,101366,Servicer_B,SystemA
L000371,2026-08-17,current_balance,132811,91493,Servicer_B,SystemA
L000449,2026-06-13,current_status,175301,181815,Servicer_B,SystemA
L000400,2026-05-21,current_balance,187377,167234,Servicer_C,SystemA
L000041,2026-08-13,current_status,187181,148529,Servicer_C,SystemB
L000225,2026-06-16,interest_rate,177239,99492,Servicer_A,SystemA
L000189,2026-08-10,current_balance,179131,128861,Servicer_B,SystemB
L000263,2026-07-10,current_balance,194540,111325,Servicer_B,SystemB
L000244,2026-07-21,current_balance,154038,134451,Servicer_C,SystemB
L000232,2026-08-07,current_status,195265,100726,Servicer_A,SystemA
L000398,2026-07-22,interest_rate,119153,140032,Servicer_A,SystemA
L000344,2026-06-03,current_status,145686,110864,Servicer_C,SystemA
L000409,2026-07-27,current_balance,174367,117943,Servicer_A,SystemB
L000490,2026-08-20,current_balance,126357,174442,Servicer_D,SystemB
L000070,2026-08-08,interest_rate,178150,145991,Servicer_B,SystemA
L000468,2026-08-03,interest_rate,190225,140873,Servicer_C,SystemB
